arquivo,clipe,quadro,rotulo,parte,ft_faca,ft_enforcar
20250530_190801_001.jpg,20250530_190801,1,normal,A,0.0,0.0
20250530_190801_002.jpg,20250530_190801,2,normal,A,0.0,0.0
20250530_190801_003.jpg,20250530_190801,3,normal,A,0.0,0.0
20250530_190801_006.jpg,20250530_190801,6,normal,A,0.0,0.0
20250530_190801_007.jpg,20250530_190801,7,normal,A,0.0,0.0
20250530_190801_008.jpg,20250530_190801,8,normal,A,0.0,0.0
20250530_190801_009.jpg,20250530_190801,9,normal,A,0.0,0.0
20250530_190801_012.jpg,20250530_190801,12,normal,A,0.0,0.0
20250530_190801_013.jpg,20250530_190801,13,normal,A,0.0,0.0
20250530_190801_015.jpg,20250530_190801,15,normal,A,0.0,0.0
20250530_190801_016.jpg,20250530_190801,16,normal,A,0.0,0.015321980230510235
20250530_190801_017.jpg,20250530_190801,17,normal,A,0.0,0.01010208111256361
20250530_190801_018.jpg,20250530_190801,18,normal,A,0.0,0.0
20250530_190801_019.jpg,20250530_190801,19,normal,A,0.0,0.0
20250530_190801_021.jpg,20250530_190801,21,normal,A,0.0,0.025400981307029724
20250530_190801_022.jpg,20250530_190801,22,normal,A,0.0,0.010210249572992325
20250530_190801_023.jpg,20250530_190801,23,normal,A,0.0,0.16872796416282654
20250530_190801_024.jpg,20250530_190801,24,normal,A,0.0,0.09464558213949203
20250530_190801_025.jpg,20250530_190801,25,normal,A,0.0,0.06315989047288895
20250530_190801_026.jpg,20250530_190801,26,normal,A,0.0,0.0
20250530_190801_027.jpg,20250530_190801,27,normal,A,0.0,0.0
20250530_190801_028.jpg,20250530_190801,28,normal,A,0.0,0.0
20250530_190801_029.jpg,20250530_190801,29,normal,A,0.0,0.0
20250530_190801_030.jpg,20250530_190801,30,normal,A,0.0,0.0
20250530_190801_031.jpg,20250530_190801,31,normal,A,0.0,0.0
20250530_190801_032.jpg,20250530_190801,32,normal,A,0.0,0.0
20250530_190801_033.jpg,20250530_190801,33,normal,A,0.0,0.0
20250530_190801_034.jpg,20250530_190801,34,normal,A,0.0,0.0
20250530_190801_035.jpg,20250530_190801,35,normal,A,0.0,0.0
20250530_190801_036.jpg,20250530_190801,36,normal,A,0.0,0.0
20250530_190801_037.jpg,20250530_190801,37,normal,A,0.0,0.0
20250530_190801_038.jpg,20250530_190801,38,normal,A,0.0,0.0
20250530_190801_039.jpg,20250530_190801,39,normal,A,0.0,0.0
20250530_190801_040.jpg,20250530_190801,40,normal,A,0.0,0.0
20250530_190801_041.jpg,20250530_190801,41,normal,A,0.0,0.0
20250530_190801_042.jpg,20250530_190801,42,normal,A,0.0,0.0
20250530_190801_043.jpg,20250530_190801,43,normal,A,0.0,0.0
20250530_190801_044.jpg,20250530_190801,44,normal,A,0.0,0.0
20250530_190801_045.jpg,20250530_190801,45,normal,A,0.0,0.0
20250530_190801_047.jpg,20250530_190801,47,normal,A,0.0,0.0
20250530_190801_048.jpg,20250530_190801,48,normal,A,0.0,0.0
20250530_190801_050.jpg,20250530_190801,50,normal,A,0.0,0.0
20250530_190801_052.jpg,20250530_190801,52,normal,A,0.0,0.0
20250530_190801_053.jpg,20250530_190801,53,normal,A,0.0,0.0
20250530_190801_054.jpg,20250530_190801,54,normal,A,0.0,0.0
20250530_190801_055.jpg,20250530_190801,55,normal,A,0.0,0.0
20250530_190801_056.jpg,20250530_190801,56,normal,A,0.0,0.0
20250530_190801_057.jpg,20250530_190801,57,normal,A,0.0,0.0
20250530_190801_058.jpg,20250530_190801,58,normal,A,0.0,0.0
20250530_190801_059.jpg,20250530_190801,59,normal,A,0.0,0.01819821074604988
20250530_190801_060.jpg,20250530_190801,60,normal,A,0.0,0.0
20250530_190801_061.jpg,20250530_190801,61,normal,A,0.0,0.017719849944114685
20250530_190801_062.jpg,20250530_190801,62,normal,A,0.0,0.010916492901742458
20250530_190801_063.jpg,20250530_190801,63,normal,A,0.0,0.013066614978015423
20250530_190801_064.jpg,20250530_190801,64,normal,A,0.0,0.08096221834421158
20250530_190801_065.jpg,20250530_190801,65,normal,A,0.0,0.06380487978458405
20250530_190801_067.jpg,20250530_190801,67,normal,A,0.0,0.09291059523820877
20250530_190801_069.jpg,20250530_190801,69,normal,A,0.0,0.19673983752727509
20250530_190801_070.jpg,20250530_190801,70,normal,A,0.0,0.47327861189842224
20250530_190801_071.jpg,20250530_190801,71,normal,A,0.0,0.17894132435321808
20250530_190801_072.jpg,20250530_190801,72,normal,A,0.0,0.08117197453975677
20250530_190801_073.jpg,20250530_190801,73,normal,A,0.0,0.04513681307435036
20250530_190801_074.jpg,20250530_190801,74,normal,A,0.0,0.024486199021339417
20250530_190801_075.jpg,20250530_190801,75,normal,A,0.0,0.032804206013679504
20250530_190801_076.jpg,20250530_190801,76,normal,A,0.0,0.012034873478114605
20250530_190801_077.jpg,20250530_190801,77,normal,A,0.0,0.024683978408575058
20250530_190801_078.jpg,20250530_190801,78,normal,A,0.0,0.0
20250530_190801_079.jpg,20250530_190801,79,normal,A,0.0,0.0
20250530_190801_080.jpg,20250530_190801,80,normal,A,0.0,0.0
20250530_190801_081.jpg,20250530_190801,81,normal,A,0.0,0.0
20250530_190801_082.jpg,20250530_190801,82,normal,A,0.0,0.0
20250530_190801_083.jpg,20250530_190801,83,normal,A,0.0,0.0
20250530_190801_084.jpg,20250530_190801,84,normal,A,0.0,0.0
20250530_190801_085.jpg,20250530_190801,85,normal,A,0.0,0.0
20250530_190801_086.jpg,20250530_190801,86,normal,A,0.0,0.0
20250530_190801_087.jpg,20250530_190801,87,normal,A,0.0,0.0
20250530_190801_088.jpg,20250530_190801,88,normal,A,0.0,0.0
20250530_190801_089.jpg,20250530_190801,89,normal,A,0.0,0.0
20250530_190801_090.jpg,20250530_190801,90,normal,A,0.0,0.011027805507183075
20250530_190801_091.jpg,20250530_190801,91,normal,A,0.0,0.0
20250530_190801_092.jpg,20250530_190801,92,normal,A,0.0,0.0
20250530_190801_093.jpg,20250530_190801,93,normal,A,0.0,0.0
20250530_190801_094.jpg,20250530_190801,94,normal,A,0.0,0.0
20250530_190801_096.jpg,20250530_190801,96,normal,A,0.0,0.0
20250530_190801_097.jpg,20250530_190801,97,normal,A,0.0,0.0
20250530_190801_098.jpg,20250530_190801,98,normal,A,0.0,0.0
20250530_190801_099.jpg,20250530_190801,99,normal,A,0.0,0.0
20250530_190801_100.jpg,20250530_190801,100,normal,A,0.0,0.0
20250530_190936_001.jpg,20250530_190936,1,FACA,A,0.0,0.07010596990585327
20250530_190936_002.jpg,20250530_190936,2,FACA,A,0.0,0.03685310482978821
20250530_190936_003.jpg,20250530_190936,3,FACA,A,0.0,0.021974146366119385
20250530_190936_004.jpg,20250530_190936,4,FACA,A,0.0,0.04991748556494713
20250530_190936_005.jpg,20250530_190936,5,FACA,A,0.0,0.11177996546030045
20250530_190936_006.jpg,20250530_190936,6,FACA,A,0.0,0.07927533239126205
20250530_190936_007.jpg,20250530_190936,7,FACA,A,0.0,0.19190210103988647
20250530_190936_008.jpg,20250530_190936,8,FACA,A,0.0,0.0376206673681736
20250530_190936_009.jpg,20250530_190936,9,FACA,A,0.0,0.05609368160367012
20250530_190936_010.jpg,20250530_190936,10,FACA,A,0.0,0.029400084167718887
20250530_190936_011.jpg,20250530_190936,11,FACA,A,0.0,0.021987922489643097
20250530_190936_012.jpg,20250530_190936,12,FACA,A,0.0,0.06748271733522415
20250530_190936_013.jpg,20250530_190936,13,FACA,A,0.0,0.12611575424671173
20250530_190936_014.jpg,20250530_190936,14,FACA,A,0.0,0.13009275496006012
20250530_190936_015.jpg,20250530_190936,15,FACA,A,0.0,0.0472557470202446
20250530_190936_016.jpg,20250530_190936,16,FACA,A,0.0,0.1580996960401535
20250530_190936_017.jpg,20250530_190936,17,FACA,A,0.0,0.06513851881027222
20250530_190936_018.jpg,20250530_190936,18,FACA,A,0.0,0.16305476427078247
20250530_190936_019.jpg,20250530_190936,19,FACA,A,0.0,0.025639215484261513
20250530_190936_020.jpg,20250530_190936,20,FACA,A,0.0,0.0
20250530_190936_021.jpg,20250530_190936,21,FACA,A,0.0,0.0
20250530_190936_022.jpg,20250530_190936,22,FACA,A,0.0,0.0
20250530_190936_023.jpg,20250530_190936,23,FACA,A,0.0,0.0176251158118248
20250530_190936_024.jpg,20250530_190936,24,FACA,A,0.0,0.0
20250530_190936_025.jpg,20250530_190936,25,FACA,A,0.0,0.0
20250530_190936_026.jpg,20250530_190936,26,FACA,A,0.0,0.0
20250530_190936_027.jpg,20250530_190936,27,FACA,A,0.0,0.0
20250530_190936_028.jpg,20250530_190936,28,FACA,A,0.0,0.0
20250530_190936_029.jpg,20250530_190936,29,FACA,A,0.0,0.14757245779037476
20250530_190936_030.jpg,20250530_190936,30,FACA,A,0.0,0.14324386417865753
20250530_190936_031.jpg,20250530_190936,31,FACA,A,0.0,0.07573343813419342
20250530_190936_032.jpg,20250530_190936,32,FACA,A,0.0,0.14160488545894623
20250530_190936_033.jpg,20250530_190936,33,FACA,A,0.0,0.5619457364082336
20250530_190936_034.jpg,20250530_190936,34,FACA,A,0.0,0.6733012795448303
20250530_190936_035.jpg,20250530_190936,35,FACA,A,0.0,0.6886180639266968
20250530_190936_036.jpg,20250530_190936,36,FACA,A,0.0,0.6313594579696655
20250530_190936_037.jpg,20250530_190936,37,FACA,A,0.0,0.61774742603302
20250530_190936_038.jpg,20250530_190936,38,FACA,A,0.0,0.6624468564987183
20250530_190936_039.jpg,20250530_190936,39,FACA,A,0.0,0.6790698170661926
20250530_190936_040.jpg,20250530_190936,40,FACA,A,0.0,0.6192889213562012
20250530_190936_041.jpg,20250530_190936,41,FACA,A,0.0,0.6875327825546265
20250530_190936_042.jpg,20250530_190936,42,FACA,A,0.0,0.6969900131225586
20250530_190936_043.jpg,20250530_190936,43,FACA,A,0.0,0.7142126560211182
20250530_190936_044.jpg,20250530_190936,44,FACA,A,0.0,0.7378031015396118
20250530_190936_045.jpg,20250530_190936,45,FACA,A,0.0,0.7468852996826172
20250530_190936_046.jpg,20250530_190936,46,FACA,A,0.0,0.7745087742805481
20250530_190936_047.jpg,20250530_190936,47,FACA,A,0.0,0.7787484526634216
20250530_190936_048.jpg,20250530_190936,48,FACA,A,0.0,0.7591111063957214
20250530_190936_049.jpg,20250530_190936,49,FACA,A,0.0,0.7560200691223145
20250530_190936_050.jpg,20250530_190936,50,FACA,A,0.0,0.7550857663154602
20250530_190936_051.jpg,20250530_190936,51,FACA,A,0.0,0.7358294725418091
20250530_190936_052.jpg,20250530_190936,52,FACA,A,0.0,0.7262569069862366
20250530_190936_053.jpg,20250530_190936,53,FACA,A,0.0,0.7728118300437927
20250530_190936_054.jpg,20250530_190936,54,FACA,A,0.0,0.7795755863189697
20250530_190936_055.jpg,20250530_190936,55,FACA,A,0.0,0.7551090717315674
20250530_190936_056.jpg,20250530_190936,56,FACA,A,0.0,0.5127007961273193
20250530_190936_057.jpg,20250530_190936,57,FACA,A,0.0,0.2555144131183624
20250530_190936_058.jpg,20250530_190936,58,FACA,A,0.0,0.3568374812602997
20250530_190936_059.jpg,20250530_190936,59,FACA,A,0.0,0.5185147523880005
20250530_190936_060.jpg,20250530_190936,60,FACA,A,0.0,0.05188530683517456
20250530_190936_061.jpg,20250530_190936,61,FACA,A,0.0,0.0
20250530_190936_062.jpg,20250530_190936,62,FACA,A,0.0,0.05032198503613472
20250530_190936_063.jpg,20250530_190936,63,FACA,A,0.03606428578495979,0.025118952617049217
20250530_190936_064.jpg,20250530_190936,64,FACA,A,0.0,0.07819315791130066
20250530_190936_065.jpg,20250530_190936,65,FACA,A,0.0,0.11738758534193039
20250530_190936_066.jpg,20250530_190936,66,FACA,A,0.0,0.0204079058021307
20250530_190936_067.jpg,20250530_190936,67,FACA,A,0.0,0.01500664185732603
20250530_190936_068.jpg,20250530_190936,68,FACA,A,0.0,0.03791455924510956
20250530_190936_069.jpg,20250530_190936,69,FACA,A,0.0,0.18113820254802704
20250530_190936_070.jpg,20250530_190936,70,FACA,A,0.0,0.232157364487648
20250530_190936_071.jpg,20250530_190936,71,FACA,A,0.0,0.11429370939731598
20250530_190936_072.jpg,20250530_190936,72,FACA,A,0.0,0.11688058078289032
20250530_190936_073.jpg,20250530_190936,73,FACA,A,0.0,0.0
20250530_190936_074.jpg,20250530_190936,74,FACA,A,0.0,0.01259658019989729
20250530_190936_075.jpg,20250530_190936,75,FACA,A,0.0,0.0
20250530_190936_076.jpg,20250530_190936,76,FACA,A,0.0,0.0
20250530_190936_077.jpg,20250530_190936,77,FACA,A,0.0,0.010290054604411125
20250530_190936_078.jpg,20250530_190936,78,FACA,A,0.0,0.0
20250530_190936_079.jpg,20250530_190936,79,FACA,A,0.0,0.0
20250530_190936_080.jpg,20250530_190936,80,FACA,A,0.0,0.0
20250530_190936_081.jpg,20250530_190936,81,FACA,A,0.0,0.0
20250530_190936_082.jpg,20250530_190936,82,FACA,A,0.0,0.0
20250530_190936_083.jpg,20250530_190936,83,FACA,A,0.0,0.0
20250530_190936_084.jpg,20250530_190936,84,FACA,A,0.0,0.0
20250530_190936_085.jpg,20250530_190936,85,FACA,A,0.0,0.0
20250530_190936_086.jpg,20250530_190936,86,FACA,A,0.0,0.0
20250530_190936_087.jpg,20250530_190936,87,FACA,A,0.0,0.0
20250530_190936_088.jpg,20250530_190936,88,FACA,A,0.0,0.0
20250530_190936_089.jpg,20250530_190936,89,FACA,A,0.0,0.0
20250530_190936_090.jpg,20250530_190936,90,FACA,A,0.0,0.0
20250530_190936_091.jpg,20250530_190936,91,FACA,A,0.0,0.0
20250530_190936_092.jpg,20250530_190936,92,FACA,A,0.0,0.0
20250530_190936_093.jpg,20250530_190936,93,FACA,A,0.0,0.0
20250530_190936_094.jpg,20250530_190936,94,FACA,A,0.018110886216163635,0.0
20250530_190936_095.jpg,20250530_190936,95,FACA,A,0.22817295789718628,0.0
20250530_190936_096.jpg,20250530_190936,96,FACA,A,0.2597479820251465,0.0
20250530_190936_097.jpg,20250530_190936,97,FACA,A,0.337575763463974,0.0
20250530_190936_098.jpg,20250530_190936,98,FACA,A,0.26648178696632385,0.0
20250530_190936_099.jpg,20250530_190936,99,FACA,A,0.21887825429439545,0.0
20250530_190936_100.jpg,20250530_190936,100,FACA,A,0.28701499104499817,0.0
20250530_191022_001.jpg,20250530_191022,1,ENFORCAR,A,0.0,0.8728924989700317
20250530_191022_002.jpg,20250530_191022,2,ENFORCAR,A,0.0,0.8489959239959717
20250530_191022_003.jpg,20250530_191022,3,ENFORCAR,A,0.0,0.859771192073822
20250530_191022_004.jpg,20250530_191022,4,ENFORCAR,A,0.0,0.8518858551979065
20250530_191022_005.jpg,20250530_191022,5,ENFORCAR,A,0.0,0.8417426943778992
20250530_191022_006.jpg,20250530_191022,6,ENFORCAR,A,0.0,0.8409372568130493
20250530_191022_007.jpg,20250530_191022,7,ENFORCAR,A,0.0,0.8527258038520813
20250530_191022_008.jpg,20250530_191022,8,ENFORCAR,A,0.0,0.8543175458908081
20250530_191022_009.jpg,20250530_191022,9,ENFORCAR,A,0.0,0.8544920086860657
20250530_191022_010.jpg,20250530_191022,10,ENFORCAR,A,0.0,0.8508809208869934
20250530_191022_011.jpg,20250530_191022,11,ENFORCAR,A,0.0,0.8476623296737671
20250530_191022_012.jpg,20250530_191022,12,ENFORCAR,A,0.0,0.8507388234138489
20250530_191022_013.jpg,20250530_191022,13,ENFORCAR,A,0.0,0.8580405712127686
20250530_191022_014.jpg,20250530_191022,14,ENFORCAR,A,0.0,0.8566434979438782
20250530_191022_015.jpg,20250530_191022,15,ENFORCAR,A,0.0,0.8583326935768127
20250530_191022_016.jpg,20250530_191022,16,ENFORCAR,A,0.0,0.8799266219139099
20250530_191022_017.jpg,20250530_191022,17,ENFORCAR,A,0.0,0.8873822689056396
20250530_191022_018.jpg,20250530_191022,18,ENFORCAR,A,0.0,0.8584328293800354
20250530_191022_019.jpg,20250530_191022,19,ENFORCAR,A,0.0,0.8563172817230225
20250530_191022_020.jpg,20250530_191022,20,ENFORCAR,A,0.0,0.8630719780921936
20250530_191022_021.jpg,20250530_191022,21,ENFORCAR,A,0.0,0.8683347702026367
20250530_191022_022.jpg,20250530_191022,22,ENFORCAR,A,0.0,0.8786966800689697
20250530_191022_023.jpg,20250530_191022,23,ENFORCAR,A,0.0,0.8821200728416443
20250530_191022_024.jpg,20250530_191022,24,ENFORCAR,A,0.0,0.8701704740524292
20250530_191022_025.jpg,20250530_191022,25,ENFORCAR,A,0.0,0.8742324113845825
20250530_191022_026.jpg,20250530_191022,26,ENFORCAR,A,0.0,0.8785997629165649
20250530_191022_027.jpg,20250530_191022,27,ENFORCAR,A,0.0,0.8782472014427185
20250530_191022_028.jpg,20250530_191022,28,ENFORCAR,A,0.0,0.8777391314506531
20250530_191022_029.jpg,20250530_191022,29,ENFORCAR,A,0.0,0.8537477850914001
20250530_191022_030.jpg,20250530_191022,30,ENFORCAR,A,0.0,0.8714680075645447
20250530_191022_031.jpg,20250530_191022,31,ENFORCAR,A,0.0,0.8698241710662842
20250530_191022_032.jpg,20250530_191022,32,ENFORCAR,A,0.0,0.8713826537132263
20250530_191022_033.jpg,20250530_191022,33,ENFORCAR,A,0.0,0.8697903752326965
20250530_191022_034.jpg,20250530_191022,34,ENFORCAR,A,0.0,0.8400178551673889
20250530_191022_035.jpg,20250530_191022,35,ENFORCAR,A,0.0,0.8432310223579407
20250530_191022_036.jpg,20250530_191022,36,ENFORCAR,A,0.0,0.8465749025344849
20250530_191022_037.jpg,20250530_191022,37,ENFORCAR,A,0.0,0.8510997891426086
20250530_191022_038.jpg,20250530_191022,38,ENFORCAR,A,0.0,0.8626754879951477
20250530_191022_039.jpg,20250530_191022,39,ENFORCAR,A,0.0,0.8686878085136414
20250530_191022_040.jpg,20250530_191022,40,ENFORCAR,A,0.0,0.8710401654243469
20250530_191022_041.jpg,20250530_191022,41,ENFORCAR,A,0.0,0.8674408793449402
20250530_191022_042.jpg,20250530_191022,42,ENFORCAR,A,0.0,0.8826246857643127
20250530_191022_043.jpg,20250530_191022,43,ENFORCAR,A,0.0,0.8963587284088135
20250530_191022_044.jpg,20250530_191022,44,ENFORCAR,A,0.0,0.8925200700759888
20250530_191022_045.jpg,20250530_191022,45,ENFORCAR,A,0.0,0.8977981209754944
20250530_191022_046.jpg,20250530_191022,46,ENFORCAR,A,0.0,0.8830219507217407
20250530_191022_047.jpg,20250530_191022,47,ENFORCAR,A,0.0,0.8851305842399597
20250530_191022_048.jpg,20250530_191022,48,ENFORCAR,A,0.0,0.8860903978347778
20250530_191022_049.jpg,20250530_191022,49,ENFORCAR,A,0.0,0.8816688060760498
20250530_191022_050.jpg,20250530_191022,50,ENFORCAR,A,0.0,0.8784841299057007
20250530_191022_051.jpg,20250530_191022,51,ENFORCAR,A,0.0,0.8647135496139526
20250530_191022_052.jpg,20250530_191022,52,ENFORCAR,A,0.0,0.8607653975486755
20250530_191022_053.jpg,20250530_191022,53,ENFORCAR,A,0.0,0.865131139755249
20250530_191022_054.jpg,20250530_191022,54,ENFORCAR,A,0.0,0.8794543147087097
20250530_191022_055.jpg,20250530_191022,55,ENFORCAR,A,0.0,0.8705853819847107
20250530_191022_056.jpg,20250530_191022,56,ENFORCAR,A,0.0,0.8743056654930115
20250530_191022_057.jpg,20250530_191022,57,ENFORCAR,A,0.0,0.8695738911628723
20250530_191022_058.jpg,20250530_191022,58,ENFORCAR,A,0.0,0.8662989735603333
20250530_191022_059.jpg,20250530_191022,59,ENFORCAR,A,0.0,0.8694235682487488
20250530_191022_060.jpg,20250530_191022,60,ENFORCAR,A,0.0,0.8728154897689819
20250530_191022_061.jpg,20250530_191022,61,ENFORCAR,A,0.0,0.8755816221237183
20250530_191022_062.jpg,20250530_191022,62,ENFORCAR,A,0.0,0.8635292649269104
20250530_191022_063.jpg,20250530_191022,63,ENFORCAR,A,0.0,0.8711044788360596
20250530_191022_064.jpg,20250530_191022,64,ENFORCAR,A,0.0,0.8751386404037476
20250530_191022_065.jpg,20250530_191022,65,ENFORCAR,A,0.0,0.8460885286331177
20250530_191022_066.jpg,20250530_191022,66,ENFORCAR,A,0.0,0.854966938495636
20250530_191022_067.jpg,20250530_191022,67,ENFORCAR,A,0.0,0.8635732531547546
20250530_191022_068.jpg,20250530_191022,68,ENFORCAR,A,0.0,0.8700016140937805
20250530_191022_069.jpg,20250530_191022,69,ENFORCAR,A,0.0,0.8665372133255005
20250530_191022_070.jpg,20250530_191022,70,ENFORCAR,A,0.0,0.8707059025764465
20250530_191022_071.jpg,20250530_191022,71,ENFORCAR,A,0.0,0.8616822957992554
20250530_191022_072.jpg,20250530_191022,72,ENFORCAR,A,0.0,0.8589267134666443
20250530_191022_073.jpg,20250530_191022,73,ENFORCAR,A,0.0,0.886086642742157
20250530_191022_074.jpg,20250530_191022,74,ENFORCAR,A,0.0,0.8954033851623535
20250530_191022_075.jpg,20250530_191022,75,ENFORCAR,A,0.0,0.8865566849708557
20250530_191022_076.jpg,20250530_191022,76,ENFORCAR,A,0.0,0.8863223791122437
20250530_191022_077.jpg,20250530_191022,77,ENFORCAR,A,0.0,0.894420862197876
20250530_191022_078.jpg,20250530_191022,78,ENFORCAR,A,0.0,0.9002981185913086
20250530_191022_079.jpg,20250530_191022,79,ENFORCAR,A,0.0,0.9125012755393982
20250530_191022_080.jpg,20250530_191022,80,ENFORCAR,A,0.0,0.9162825345993042
20250530_191022_081.jpg,20250530_191022,81,ENFORCAR,A,0.0,0.9120733141899109
20250530_191022_082.jpg,20250530_191022,82,ENFORCAR,A,0.0,0.9127838015556335
20250530_191022_083.jpg,20250530_191022,83,ENFORCAR,A,0.0,0.9175540804862976
20250530_191022_084.jpg,20250530_191022,84,ENFORCAR,A,0.0,0.9137481451034546
20250530_191022_085.jpg,20250530_191022,85,ENFORCAR,A,0.0,0.9058583378791809
20250530_191022_086.jpg,20250530_191022,86,ENFORCAR,A,0.0,0.9132488369941711
20250530_191022_087.jpg,20250530_191022,87,ENFORCAR,A,0.0,0.9102296233177185
20250530_191022_088.jpg,20250530_191022,88,ENFORCAR,A,0.0,0.9118271470069885
20250530_191022_089.jpg,20250530_191022,89,ENFORCAR,A,0.0,0.9092246294021606
20250530_191022_090.jpg,20250530_191022,90,ENFORCAR,A,0.0,0.9060948491096497
20250530_191022_091.jpg,20250530_191022,91,ENFORCAR,A,0.0,0.9078282117843628
20250530_191022_092.jpg,20250530_191022,92,ENFORCAR,A,0.0,0.9115198850631714
20250530_191022_093.jpg,20250530_191022,93,ENFORCAR,A,0.0,0.899370551109314
20250530_191022_094.jpg,20250530_191022,94,ENFORCAR,A,0.0,0.8728258609771729
20250530_191022_095.jpg,20250530_191022,95,ENFORCAR,A,0.0,0.8567294478416443
20250530_191022_096.jpg,20250530_191022,96,ENFORCAR,A,0.0,0.8842602968215942
20250530_191022_097.jpg,20250530_191022,97,ENFORCAR,A,0.0,0.8481418490409851
20250530_191022_098.jpg,20250530_191022,98,ENFORCAR,A,0.0,0.8388755917549133
20250530_191022_099.jpg,20250530_191022,99,ENFORCAR,A,0.0,0.8349922895431519
20250530_191022_100.jpg,20250530_191022,100,ENFORCAR,A,0.0,0.8405643105506897
20250530_191609_001.jpg,20250530_191609,1,ENFORCAR,A,0.0,0.21541012823581696
20250530_191609_002.jpg,20250530_191609,2,normal,A,0.0,0.6658434271812439
20250530_191609_003.jpg,20250530_191609,3,ENFORCAR,A,0.0,0.6085381507873535
20250530_191609_004.jpg,20250530_191609,4,ENFORCAR,A,0.0,0.09365630894899368
20250530_191609_005.jpg,20250530_191609,5,ENFORCAR,A,0.0,0.2945525348186493
20250530_191609_006.jpg,20250530_191609,6,ENFORCAR,A,0.0,0.3571789562702179
20250530_191609_007.jpg,20250530_191609,7,ENFORCAR,A,0.014045178890228271,0.27234166860580444
20250530_191609_008.jpg,20250530_191609,8,ENFORCAR,A,0.0,0.35613083839416504
20250530_191609_009.jpg,20250530_191609,9,ENFORCAR,A,0.0,0.2574194669723511
20250530_191609_010.jpg,20250530_191609,10,ENFORCAR,A,0.013251409865915775,0.045751944184303284
20250530_191609_011.jpg,20250530_191609,11,ENFORCAR,A,0.04500245302915573,0.04853476956486702
20250530_191609_012.jpg,20250530_191609,12,ENFORCAR,A,0.0,0.05243827402591705
20250530_191609_013.jpg,20250530_191609,13,ENFORCAR,A,0.02697627991437912,0.11814576387405396
20250530_191609_014.jpg,20250530_191609,14,ENFORCAR,A,0.0,0.20746979117393494
20250530_191609_015.jpg,20250530_191609,15,ENFORCAR,A,0.0,0.3654990494251251
20250530_191609_016.jpg,20250530_191609,16,ENFORCAR,A,0.0,0.7055531740188599
20250530_191609_017.jpg,20250530_191609,17,ENFORCAR,A,0.0,0.7867032885551453
20250530_191609_018.jpg,20250530_191609,18,ENFORCAR,A,0.0,0.7688857913017273
20250530_191609_019.jpg,20250530_191609,19,ENFORCAR,A,0.0,0.7922154068946838
20250530_191609_020.jpg,20250530_191609,20,ENFORCAR,A,0.0,0.7805156707763672
20250530_191609_021.jpg,20250530_191609,21,ENFORCAR,A,0.0,0.783035397529602
20250530_191609_022.jpg,20250530_191609,22,ENFORCAR,A,0.0,0.7812336683273315
20250530_191609_023.jpg,20250530_191609,23,ENFORCAR,A,0.0,0.7572587728500366
20250530_191609_024.jpg,20250530_191609,24,ENFORCAR,A,0.0,0.7685547471046448
20250530_191609_025.jpg,20250530_191609,25,ENFORCAR,A,0.0,0.7773298621177673
20250530_191609_026.jpg,20250530_191609,26,ENFORCAR,A,0.0,0.7772560119628906
20250530_191609_027.jpg,20250530_191609,27,ENFORCAR,A,0.0,0.760444700717926
20250530_191609_028.jpg,20250530_191609,28,ENFORCAR,A,0.0,0.774025559425354
20250530_191609_029.jpg,20250530_191609,29,ENFORCAR,A,0.0,0.7713725566864014
20250530_191609_030.jpg,20250530_191609,30,ENFORCAR,A,0.0,0.7252645492553711
20250530_191609_031.jpg,20250530_191609,31,ENFORCAR,A,0.0,0.7339648008346558
20250530_191609_032.jpg,20250530_191609,32,ENFORCAR,A,0.0,0.7661998271942139
20250530_191609_033.jpg,20250530_191609,33,ENFORCAR,A,0.0,0.7882980704307556
20250530_191609_034.jpg,20250530_191609,34,ENFORCAR,A,0.0,0.8018442988395691
20250530_191609_035.jpg,20250530_191609,35,ENFORCAR,A,0.0,0.7839352488517761
20250530_191609_036.jpg,20250530_191609,36,ENFORCAR,A,0.0,0.7800511717796326
20250530_191609_037.jpg,20250530_191609,37,ENFORCAR,A,0.0,0.7767143249511719
20250530_191609_038.jpg,20250530_191609,38,ENFORCAR,A,0.0,0.7785632014274597
20250530_191609_039.jpg,20250530_191609,39,ENFORCAR,A,0.0,0.7708832621574402
20250530_191609_040.jpg,20250530_191609,40,ENFORCAR,A,0.0,0.7604890465736389
20250530_191609_041.jpg,20250530_191609,41,ENFORCAR,A,0.0,0.7665961384773254
20250530_191609_042.jpg,20250530_191609,42,ENFORCAR,A,0.0,0.7603229284286499
20250530_191609_043.jpg,20250530_191609,43,ENFORCAR,A,0.0,0.7687684893608093
20250530_191609_044.jpg,20250530_191609,44,ENFORCAR,A,0.0,0.7633995413780212
20250530_191609_045.jpg,20250530_191609,45,ENFORCAR,A,0.0,0.7565851807594299
20250530_191609_046.jpg,20250530_191609,46,ENFORCAR,A,0.0,0.7508891820907593
20250530_191609_047.jpg,20250530_191609,47,ENFORCAR,A,0.0,0.7749042510986328
20250530_191609_048.jpg,20250530_191609,48,ENFORCAR,A,0.0,0.7716147303581238
20250530_191609_049.jpg,20250530_191609,49,ENFORCAR,A,0.0,0.758482038974762
20250530_191609_050.jpg,20250530_191609,50,ENFORCAR,A,0.0,0.7336232662200928
20250530_191609_051.jpg,20250530_191609,51,ENFORCAR,A,0.0,0.7470629811286926
20250530_191609_052.jpg,20250530_191609,52,ENFORCAR,A,0.0,0.741093635559082
20250530_191609_053.jpg,20250530_191609,53,ENFORCAR,A,0.0,0.7348081469535828
20250530_191609_054.jpg,20250530_191609,54,ENFORCAR,A,0.0,0.7316348552703857
20250530_191609_055.jpg,20250530_191609,55,ENFORCAR,A,0.0,0.7589057087898254
20250530_191609_056.jpg,20250530_191609,56,ENFORCAR,A,0.0,0.7324536442756653
20250530_191609_057.jpg,20250530_191609,57,ENFORCAR,A,0.0,0.75393146276474
20250530_191609_058.jpg,20250530_191609,58,ENFORCAR,A,0.0,0.7681844234466553
20250530_191609_059.jpg,20250530_191609,59,ENFORCAR,A,0.0,0.799372673034668
20250530_191609_060.jpg,20250530_191609,60,ENFORCAR,A,0.0,0.7818631529808044
20250530_191609_061.jpg,20250530_191609,61,ENFORCAR,A,0.0,0.7935556769371033
20250530_191609_062.jpg,20250530_191609,62,ENFORCAR,A,0.0,0.7919962406158447
20250530_191609_063.jpg,20250530_191609,63,ENFORCAR,A,0.0,0.7784291505813599
20250530_191609_064.jpg,20250530_191609,64,ENFORCAR,A,0.0,0.7915148138999939
20250530_191609_065.jpg,20250530_191609,65,ENFORCAR,A,0.0,0.7827786803245544
20250530_191609_066.jpg,20250530_191609,66,ENFORCAR,A,0.0,0.685154378414154
20250530_191609_067.jpg,20250530_191609,67,ENFORCAR,A,0.0,0.7139604687690735
20250530_191609_068.jpg,20250530_191609,68,ENFORCAR,A,0.0,0.7633199095726013
20250530_191609_069.jpg,20250530_191609,69,ENFORCAR,A,0.0,0.8037184476852417
20250530_191609_070.jpg,20250530_191609,70,ENFORCAR,A,0.0,0.7931823134422302
20250530_191609_071.jpg,20250530_191609,71,ENFORCAR,A,0.0,0.804648220539093
20250530_191609_072.jpg,20250530_191609,72,ENFORCAR,A,0.0,0.818534791469574
20250530_191609_073.jpg,20250530_191609,73,ENFORCAR,A,0.0,0.8233603239059448
20250530_191609_074.jpg,20250530_191609,74,ENFORCAR,A,0.0,0.7955527305603027
20250530_191609_075.jpg,20250530_191609,75,ENFORCAR,A,0.0,0.7385460138320923
20250530_191609_076.jpg,20250530_191609,76,ENFORCAR,A,0.0,0.8012153506278992
20250530_191609_077.jpg,20250530_191609,77,ENFORCAR,A,0.0,0.7349160313606262
20250530_191609_078.jpg,20250530_191609,78,ENFORCAR,A,0.0,0.6860010027885437
20250530_191609_079.jpg,20250530_191609,79,ENFORCAR,A,0.0,0.6554419994354248
20250530_191609_080.jpg,20250530_191609,80,ENFORCAR,A,0.0,0.5460836887359619
20250530_191609_081.jpg,20250530_191609,81,normal,A,0.0,0.4241994321346283
20250530_191609_082.jpg,20250530_191609,82,ENFORCAR,A,0.0,0.42588770389556885
20250530_191609_083.jpg,20250530_191609,83,ENFORCAR,A,0.0,0.5342364311218262
20250530_191609_084.jpg,20250530_191609,84,ENFORCAR,A,0.0,0.4475235044956207
20250530_191609_085.jpg,20250530_191609,85,ENFORCAR,A,0.0,0.464009165763855
20250530_191609_086.jpg,20250530_191609,86,ENFORCAR,A,0.0,0.5525506734848022
20250530_191609_087.jpg,20250530_191609,87,ENFORCAR,A,0.0,0.4419562816619873
20250530_191609_088.jpg,20250530_191609,88,ENFORCAR,A,0.0,0.24029043316841125
20250530_191609_089.jpg,20250530_191609,89,ENFORCAR,A,0.0,0.42802271246910095
20250530_191609_090.jpg,20250530_191609,90,ENFORCAR,A,0.0,0.34154248237609863
20250530_191609_091.jpg,20250530_191609,91,ENFORCAR,A,0.0,0.3454137444496155
20250530_191609_092.jpg,20250530_191609,92,ENFORCAR,A,0.0,0.33929958939552307
20250530_191609_093.jpg,20250530_191609,93,ENFORCAR,A,0.0,0.1977575272321701
20250530_191609_094.jpg,20250530_191609,94,ENFORCAR,A,0.0,0.2058260291814804
20250530_191609_095.jpg,20250530_191609,95,ENFORCAR,A,0.0,0.22902518510818481
20250530_191609_096.jpg,20250530_191609,96,ENFORCAR,A,0.0,0.18236543238162994
20250530_191609_097.jpg,20250530_191609,97,ENFORCAR,A,0.0,0.39970269799232483
20250530_191609_098.jpg,20250530_191609,98,ENFORCAR,A,0.0,0.6101701259613037
20250530_191609_099.jpg,20250530_191609,99,ENFORCAR,A,0.0,0.5032466053962708
20250530_191609_100.jpg,20250530_191609,100,ENFORCAR,A,0.0,0.4697490334510803
20250530_191740_001.jpg,20250530_191740,1,normal,A,0.0,0.0
20250530_191740_002.jpg,20250530_191740,2,normal,A,0.0,0.0
20250530_191740_003.jpg,20250530_191740,3,normal,A,0.0,0.0
20250530_191740_004.jpg,20250530_191740,4,normal,A,0.0,0.0
20250530_191740_005.jpg,20250530_191740,5,normal,A,0.0,0.0
20250530_191740_006.jpg,20250530_191740,6,normal,A,0.0,0.0
20250530_191740_007.jpg,20250530_191740,7,normal,A,0.0,0.0
20250530_191740_008.jpg,20250530_191740,8,normal,A,0.0,0.0
20250530_191740_009.jpg,20250530_191740,9,normal,A,0.0,0.0
20250530_191740_010.jpg,20250530_191740,10,normal,A,0.0,0.0
20250530_191740_011.jpg,20250530_191740,11,normal,A,0.0,0.0
20250530_191740_012.jpg,20250530_191740,12,normal,A,0.0,0.0
20250530_191740_013.jpg,20250530_191740,13,normal,A,0.0,0.0
20250530_191740_014.jpg,20250530_191740,14,normal,A,0.0,0.0
20250530_191740_015.jpg,20250530_191740,15,normal,A,0.0,0.0
20250530_191740_016.jpg,20250530_191740,16,normal,A,0.0,0.0
20250530_191740_017.jpg,20250530_191740,17,normal,A,0.0,0.0
20250530_191740_018.jpg,20250530_191740,18,normal,A,0.0,0.0
20250530_191740_019.jpg,20250530_191740,19,normal,A,0.0,0.0
20250530_191740_020.jpg,20250530_191740,20,normal,A,0.0,0.0
20250530_191740_021.jpg,20250530_191740,21,normal,A,0.0,0.0
20250530_191740_022.jpg,20250530_191740,22,normal,A,0.0,0.0
20250530_191740_023.jpg,20250530_191740,23,normal,A,0.0,0.0
20250530_191740_024.jpg,20250530_191740,24,normal,A,0.0,0.0
20250530_191740_025.jpg,20250530_191740,25,normal,A,0.0,0.0
20250530_191740_026.jpg,20250530_191740,26,normal,A,0.0,0.0
20250530_191740_027.jpg,20250530_191740,27,normal,A,0.0,0.0
20250530_191740_028.jpg,20250530_191740,28,normal,A,0.0,0.0
20250530_191740_029.jpg,20250530_191740,29,normal,A,0.0,0.0
20250530_191740_030.jpg,20250530_191740,30,normal,A,0.0,0.0
20250530_191740_031.jpg,20250530_191740,31,normal,A,0.0,0.0
20250530_191740_032.jpg,20250530_191740,32,normal,A,0.0,0.0
20250530_191740_033.jpg,20250530_191740,33,normal,A,0.0,0.0
20250530_191740_034.jpg,20250530_191740,34,normal,A,0.0,0.0
20250530_191740_035.jpg,20250530_191740,35,normal,A,0.0,0.0
20250530_191740_036.jpg,20250530_191740,36,normal,A,0.0,0.0
20250530_191740_037.jpg,20250530_191740,37,normal,A,0.0,0.0
20250530_191740_038.jpg,20250530_191740,38,normal,A,0.0,0.0
20250530_191740_039.jpg,20250530_191740,39,normal,A,0.0,0.0
20250530_191740_040.jpg,20250530_191740,40,normal,A,0.0,0.0
20250530_191740_041.jpg,20250530_191740,41,normal,A,0.0,0.0
20250530_191740_042.jpg,20250530_191740,42,normal,A,0.0,0.0
20250530_191740_043.jpg,20250530_191740,43,normal,A,0.0,0.0
20250530_191740_044.jpg,20250530_191740,44,normal,A,0.0,0.0
20250530_191740_045.jpg,20250530_191740,45,normal,A,0.0,0.0
20250530_191740_046.jpg,20250530_191740,46,normal,A,0.0,0.0
20250530_191740_047.jpg,20250530_191740,47,normal,A,0.0,0.0
20250530_191740_048.jpg,20250530_191740,48,normal,A,0.0,0.0
20250530_191740_049.jpg,20250530_191740,49,normal,A,0.0,0.0
20250530_191740_050.jpg,20250530_191740,50,normal,A,0.0,0.0
20250530_191740_051.jpg,20250530_191740,51,normal,A,0.0,0.0
20250530_191740_052.jpg,20250530_191740,52,normal,A,0.0,0.0
20250530_191740_053.jpg,20250530_191740,53,normal,A,0.0,0.0
20250530_191740_054.jpg,20250530_191740,54,normal,A,0.0,0.0
20250530_191740_055.jpg,20250530_191740,55,normal,A,0.0,0.0
20250530_191740_056.jpg,20250530_191740,56,normal,A,0.0,0.0
20250530_191740_057.jpg,20250530_191740,57,normal,A,0.0,0.0
20250530_191740_058.jpg,20250530_191740,58,normal,A,0.0,0.0
20250530_191740_059.jpg,20250530_191740,59,normal,A,0.0,0.0
20250530_191740_060.jpg,20250530_191740,60,normal,A,0.0,0.0
20250530_191740_061.jpg,20250530_191740,61,normal,A,0.0,0.0
20250530_191740_062.jpg,20250530_191740,62,normal,A,0.0,0.0
20250530_191740_063.jpg,20250530_191740,63,normal,A,0.0,0.0
20250530_191740_065.jpg,20250530_191740,65,normal,A,0.0,0.0
20250530_191740_066.jpg,20250530_191740,66,normal,A,0.0,0.0
20250530_191740_068.jpg,20250530_191740,68,normal,A,0.0,0.0
20250530_191740_069.jpg,20250530_191740,69,normal,A,0.0,0.0
20250530_191740_070.jpg,20250530_191740,70,normal,A,0.0,0.0
20250530_191740_071.jpg,20250530_191740,71,normal,A,0.0,0.0
20250530_191740_072.jpg,20250530_191740,72,normal,A,0.0,0.0
20250530_191740_073.jpg,20250530_191740,73,normal,A,0.0,0.0
20250530_191740_074.jpg,20250530_191740,74,normal,A,0.0,0.0
20250530_191740_075.jpg,20250530_191740,75,normal,A,0.0,0.0
20250530_191740_076.jpg,20250530_191740,76,normal,A,0.0,0.0
20250530_191740_077.jpg,20250530_191740,77,normal,A,0.0,0.0
20250530_191740_078.jpg,20250530_191740,78,normal,A,0.0,0.0
20250530_191740_079.jpg,20250530_191740,79,normal,A,0.0,0.0
20250530_191740_081.jpg,20250530_191740,81,normal,A,0.0,0.0
20250530_191740_082.jpg,20250530_191740,82,normal,A,0.0,0.0
20250530_191740_083.jpg,20250530_191740,83,normal,A,0.0,0.0
20250530_191740_084.jpg,20250530_191740,84,normal,A,0.0,0.0
20250530_191740_085.jpg,20250530_191740,85,normal,A,0.0,0.0
20250530_191740_086.jpg,20250530_191740,86,normal,A,0.0,0.0
20250530_191740_087.jpg,20250530_191740,87,normal,A,0.0,0.0
20250530_191740_088.jpg,20250530_191740,88,normal,A,0.0,0.0
20250530_191740_089.jpg,20250530_191740,89,normal,A,0.0,0.0
20250530_191740_090.jpg,20250530_191740,90,normal,A,0.0,0.0
20250530_191740_091.jpg,20250530_191740,91,normal,A,0.0,0.0
20250530_191740_092.jpg,20250530_191740,92,normal,A,0.0,0.0
20250530_191740_093.jpg,20250530_191740,93,normal,A,0.0,0.0
20250530_191740_094.jpg,20250530_191740,94,normal,A,0.0,0.0
20250530_191740_095.jpg,20250530_191740,95,normal,A,0.0,0.0
20250530_191740_096.jpg,20250530_191740,96,normal,A,0.0,0.0
20250530_191740_097.jpg,20250530_191740,97,normal,A,0.0,0.0
20250530_191740_098.jpg,20250530_191740,98,normal,A,0.0,0.0
20250530_191740_099.jpg,20250530_191740,99,normal,A,0.0,0.0
20250530_191740_100.jpg,20250530_191740,100,normal,A,0.0,0.0
20250530_191840_001.jpg,20250530_191840,1,FACA,A,0.8176778554916382,0.0
20250530_191840_002.jpg,20250530_191840,2,FACA,A,0.8405309319496155,0.0
20250530_191840_003.jpg,20250530_191840,3,FACA,A,0.8530208468437195,0.0
20250530_191840_004.jpg,20250530_191840,4,FACA,A,0.8361678123474121,0.0
20250530_191840_005.jpg,20250530_191840,5,FACA,A,0.8476940989494324,0.0
20250530_191840_006.jpg,20250530_191840,6,FACA,A,0.8392783403396606,0.0
20250530_191840_007.jpg,20250530_191840,7,FACA,A,0.8221803307533264,0.0
20250530_191840_008.jpg,20250530_191840,8,FACA,A,0.815666675567627,0.0
20250530_191840_009.jpg,20250530_191840,9,FACA,A,0.8122721910476685,0.0
20250530_191840_010.jpg,20250530_191840,10,FACA,A,0.8518702387809753,0.0
20250530_191840_011.jpg,20250530_191840,11,FACA,A,0.8032253980636597,0.0
20250530_191840_012.jpg,20250530_191840,12,FACA,A,0.8300169110298157,0.0
20250530_191840_013.jpg,20250530_191840,13,FACA,A,0.724639892578125,0.0
20250530_191840_014.jpg,20250530_191840,14,FACA,A,0.6989532709121704,0.0
20250530_191840_015.jpg,20250530_191840,15,FACA,A,0.5701245665550232,0.0
20250530_191840_016.jpg,20250530_191840,16,FACA,A,0.7618038654327393,0.0
20250530_191840_017.jpg,20250530_191840,17,FACA,A,0.7326310276985168,0.0
20250530_191840_018.jpg,20250530_191840,18,FACA,A,0.27263742685317993,0.0
20250530_191840_019.jpg,20250530_191840,19,FACA,A,0.02663843333721161,0.0
20250530_191840_020.jpg,20250530_191840,20,FACA,A,0.5216736793518066,0.0
20250530_191840_021.jpg,20250530_191840,21,FACA,A,0.8589645028114319,0.0
20250530_191840_022.jpg,20250530_191840,22,FACA,A,0.8813796043395996,0.0
20250530_191840_023.jpg,20250530_191840,23,FACA,A,0.8961808085441589,0.0
20250530_191840_024.jpg,20250530_191840,24,FACA,A,0.909143328666687,0.0
20250530_191840_025.jpg,20250530_191840,25,FACA,A,0.9070243835449219,0.0
20250530_191840_026.jpg,20250530_191840,26,FACA,A,0.8993949294090271,0.0
20250530_191840_027.jpg,20250530_191840,27,FACA,A,0.8913211226463318,0.0
20250530_191840_028.jpg,20250530_191840,28,FACA,A,0.9074150323867798,0.0
20250530_191840_029.jpg,20250530_191840,29,FACA,A,0.9119846224784851,0.0
20250530_191840_030.jpg,20250530_191840,30,FACA,A,0.906109631061554,0.0
20250530_191840_031.jpg,20250530_191840,31,FACA,A,0.8921219706535339,0.0
20250530_191840_032.jpg,20250530_191840,32,FACA,A,0.9098993539810181,0.0
20250530_191840_033.jpg,20250530_191840,33,FACA,A,0.9065454006195068,0.0
20250530_191840_034.jpg,20250530_191840,34,FACA,A,0.907191276550293,0.0
20250530_191840_035.jpg,20250530_191840,35,FACA,A,0.9012861251831055,0.0
20250530_191840_036.jpg,20250530_191840,36,FACA,A,0.8803475499153137,0.0
20250530_191840_037.jpg,20250530_191840,37,FACA,A,0.8477665185928345,0.0
20250530_191840_038.jpg,20250530_191840,38,FACA,A,0.7437513470649719,0.0
20250530_191840_039.jpg,20250530_191840,39,FACA,A,0.6500115990638733,0.0
20250530_191840_040.jpg,20250530_191840,40,FACA,A,0.6137993931770325,0.0
20250530_191840_041.jpg,20250530_191840,41,FACA,A,0.6818300485610962,0.0
20250530_191840_042.jpg,20250530_191840,42,FACA,A,0.7120005488395691,0.0
20250530_191840_043.jpg,20250530_191840,43,FACA,A,0.7749933004379272,0.0
20250530_191840_044.jpg,20250530_191840,44,FACA,A,0.8528376817703247,0.0
20250530_191840_045.jpg,20250530_191840,45,FACA,A,0.884684145450592,0.0
20250530_191840_046.jpg,20250530_191840,46,FACA,A,0.8991615176200867,0.0
20250530_191840_047.jpg,20250530_191840,47,FACA,A,0.8960636258125305,0.0
20250530_191840_048.jpg,20250530_191840,48,FACA,A,0.8825399875640869,0.0
20250530_191840_049.jpg,20250530_191840,49,FACA,A,0.884281575679779,0.0
20250530_191840_050.jpg,20250530_191840,50,FACA,A,0.901997447013855,0.0
20250530_191840_051.jpg,20250530_191840,51,FACA,A,0.9035516381263733,0.0
20250530_191840_052.jpg,20250530_191840,52,FACA,A,0.910256564617157,0.0
20250530_191840_053.jpg,20250530_191840,53,FACA,A,0.9106806516647339,0.0
20250530_191840_054.jpg,20250530_191840,54,FACA,A,0.9085826277732849,0.0
20250530_191840_055.jpg,20250530_191840,55,FACA,A,0.8874218463897705,0.0
20250530_191840_056.jpg,20250530_191840,56,FACA,A,0.8927958607673645,0.0
20250530_191840_057.jpg,20250530_191840,57,FACA,A,0.904417097568512,0.0
20250530_191840_058.jpg,20250530_191840,58,FACA,A,0.8955510854721069,0.0
20250530_191840_059.jpg,20250530_191840,59,FACA,A,0.8978130221366882,0.0
20250530_191840_060.jpg,20250530_191840,60,FACA,A,0.9119309186935425,0.0
20250530_191840_061.jpg,20250530_191840,61,FACA,A,0.8983880877494812,0.0
20250530_191840_062.jpg,20250530_191840,62,FACA,A,0.8959981799125671,0.0
20250530_191840_063.jpg,20250530_191840,63,FACA,A,0.8867496252059937,0.0
20250530_191840_064.jpg,20250530_191840,64,FACA,A,0.8888483643531799,0.0
20250530_191840_065.jpg,20250530_191840,65,FACA,A,0.8710724711418152,0.0
20250530_191840_066.jpg,20250530_191840,66,FACA,A,0.8954667448997498,0.0
20250530_191840_067.jpg,20250530_191840,67,FACA,A,0.8947722315788269,0.0
20250530_191840_068.jpg,20250530_191840,68,FACA,A,0.8837788701057434,0.0
20250530_191840_069.jpg,20250530_191840,69,FACA,A,0.8883348107337952,0.0
20250530_191840_070.jpg,20250530_191840,70,FACA,A,0.8559001684188843,0.0
20250530_191840_071.jpg,20250530_191840,71,FACA,A,0.0,0.0
20250530_191840_072.jpg,20250530_191840,72,FACA,A,0.0,0.0
20250530_191840_073.jpg,20250530_191840,73,FACA,A,0.33214282989501953,0.0
20250530_191840_074.jpg,20250530_191840,74,FACA,A,0.6376107335090637,0.0
20250530_191840_075.jpg,20250530_191840,75,FACA,A,0.8459036350250244,0.0
20250530_191840_076.jpg,20250530_191840,76,FACA,A,0.8679066896438599,0.0
20250530_191840_077.jpg,20250530_191840,77,FACA,A,0.9067184329032898,0.0
20250530_191840_078.jpg,20250530_191840,78,FACA,A,0.920787513256073,0.0
20250530_191840_079.jpg,20250530_191840,79,FACA,A,0.9058308005332947,0.0
20250530_191840_080.jpg,20250530_191840,80,FACA,A,0.8930275440216064,0.0
20250530_191840_081.jpg,20250530_191840,81,FACA,A,0.9221312999725342,0.0
20250530_191840_082.jpg,20250530_191840,82,FACA,A,0.8917601704597473,0.0
20250530_191840_083.jpg,20250530_191840,83,FACA,A,0.884158730506897,0.0
20250530_191840_084.jpg,20250530_191840,84,FACA,A,0.8930984139442444,0.0
20250530_191840_085.jpg,20250530_191840,85,FACA,A,0.8818498253822327,0.0
20250530_191840_086.jpg,20250530_191840,86,FACA,A,0.8638980984687805,0.0
20250530_191840_087.jpg,20250530_191840,87,FACA,A,0.8685898780822754,0.0
20250530_191840_088.jpg,20250530_191840,88,FACA,A,0.8644996881484985,0.0
20250530_191840_089.jpg,20250530_191840,89,FACA,A,0.8473673462867737,0.0
20250530_191840_090.jpg,20250530_191840,90,FACA,A,0.8266736268997192,0.0
20250530_191840_091.jpg,20250530_191840,91,FACA,A,0.8543457984924316,0.0
20250530_191840_092.jpg,20250530_191840,92,FACA,A,0.8581059575080872,0.0
20250530_191840_093.jpg,20250530_191840,93,FACA,A,0.874396562576294,0.0
20250530_191840_094.jpg,20250530_191840,94,FACA,A,0.8791189789772034,0.0
20250530_191840_095.jpg,20250530_191840,95,FACA,A,0.8818780183792114,0.0
20250530_191840_096.jpg,20250530_191840,96,normal,A,0.8779453635215759,0.0
20250530_191840_097.jpg,20250530_191840,97,FACA,A,0.8636916875839233,0.0
20250530_191840_098.jpg,20250530_191840,98,FACA,A,0.8990596532821655,0.0
20250530_191840_099.jpg,20250530_191840,99,FACA,A,0.8452606201171875,0.0
20250530_191840_100.jpg,20250530_191840,100,FACA,A,0.758944571018219,0.0
20250530_191937_001.jpg,20250530_191937,1,ENFORCAR,A,0.0,0.3135325610637665
20250530_191937_002.jpg,20250530_191937,2,ENFORCAR,A,0.0,0.45702409744262695
20250530_191937_003.jpg,20250530_191937,3,ENFORCAR,A,0.0,0.4424193501472473
20250530_191937_004.jpg,20250530_191937,4,ENFORCAR,A,0.0,0.3829103708267212
20250530_191937_005.jpg,20250530_191937,5,ENFORCAR,A,0.0,0.5110311508178711
20250530_191937_006.jpg,20250530_191937,6,ENFORCAR,A,0.0,0.4799044132232666
20250530_191937_007.jpg,20250530_191937,7,ENFORCAR,A,0.0,0.4631606340408325
20250530_191937_008.jpg,20250530_191937,8,ENFORCAR,A,0.0,0.2980363368988037
20250530_191937_009.jpg,20250530_191937,9,ENFORCAR,A,0.0,0.3212120831012726
20250530_191937_010.jpg,20250530_191937,10,ENFORCAR,A,0.0,0.32932937145233154
20250530_191937_011.jpg,20250530_191937,11,ENFORCAR,A,0.0,0.398321270942688
20250530_191937_012.jpg,20250530_191937,12,ENFORCAR,A,0.0,0.4563588798046112
20250530_191937_013.jpg,20250530_191937,13,ENFORCAR,A,0.0,0.4699878394603729
20250530_191937_014.jpg,20250530_191937,14,ENFORCAR,A,0.0,0.6426251530647278
20250530_191937_015.jpg,20250530_191937,15,ENFORCAR,A,0.0,0.6256157159805298
20250530_191937_016.jpg,20250530_191937,16,ENFORCAR,A,0.0,0.6354650259017944
20250530_191937_017.jpg,20250530_191937,17,ENFORCAR,A,0.0,0.7073275446891785
20250530_191937_018.jpg,20250530_191937,18,ENFORCAR,A,0.0,0.7485830187797546
20250530_191937_019.jpg,20250530_191937,19,ENFORCAR,A,0.0,0.782802164554596
20250530_191937_020.jpg,20250530_191937,20,ENFORCAR,A,0.0,0.8014281988143921
20250530_191937_021.jpg,20250530_191937,21,ENFORCAR,A,0.0,0.8276150822639465
20250530_191937_022.jpg,20250530_191937,22,ENFORCAR,A,0.0,0.8299121856689453
20250530_191937_023.jpg,20250530_191937,23,ENFORCAR,A,0.0,0.814307451248169
20250530_191937_024.jpg,20250530_191937,24,ENFORCAR,A,0.0,0.8367626070976257
20250530_191937_025.jpg,20250530_191937,25,ENFORCAR,A,0.0,0.7976094484329224
20250530_191937_026.jpg,20250530_191937,26,ENFORCAR,A,0.0,0.7698153257369995
20250530_191937_027.jpg,20250530_191937,27,ENFORCAR,A,0.0,0.7493151426315308
20250530_191937_028.jpg,20250530_191937,28,ENFORCAR,A,0.0,0.7911441922187805
20250530_191937_029.jpg,20250530_191937,29,ENFORCAR,A,0.0,0.8053913116455078
20250530_191937_030.jpg,20250530_191937,30,ENFORCAR,A,0.0,0.8068231344223022
20250530_191937_031.jpg,20250530_191937,31,ENFORCAR,A,0.0,0.7982686758041382
20250530_191937_032.jpg,20250530_191937,32,ENFORCAR,A,0.0,0.7981377243995667
20250530_191937_033.jpg,20250530_191937,33,ENFORCAR,A,0.0,0.7963250875473022
20250530_191937_034.jpg,20250530_191937,34,ENFORCAR,A,0.0,0.8087469339370728
20250530_191937_035.jpg,20250530_191937,35,ENFORCAR,A,0.0,0.8126418590545654
20250530_191937_036.jpg,20250530_191937,36,ENFORCAR,A,0.0,0.8077994585037231
20250530_191937_037.jpg,20250530_191937,37,ENFORCAR,A,0.0,0.8143776059150696
20250530_191937_038.jpg,20250530_191937,38,ENFORCAR,A,0.0,0.8130808472633362
20250530_191937_039.jpg,20250530_191937,39,ENFORCAR,A,0.0,0.8185621500015259
20250530_191937_040.jpg,20250530_191937,40,ENFORCAR,A,0.0,0.8143085837364197
20250530_191937_041.jpg,20250530_191937,41,ENFORCAR,A,0.0,0.8207158446311951
20250530_191937_042.jpg,20250530_191937,42,ENFORCAR,A,0.0,0.8177488446235657
20250530_191937_043.jpg,20250530_191937,43,ENFORCAR,A,0.0,0.808538019657135
20250530_191937_044.jpg,20250530_191937,44,ENFORCAR,A,0.0,0.8108142614364624
20250530_191937_045.jpg,20250530_191937,45,ENFORCAR,A,0.0,0.8159787058830261
20250530_191937_046.jpg,20250530_191937,46,ENFORCAR,A,0.0,0.8177796006202698
20250530_191937_047.jpg,20250530_191937,47,ENFORCAR,A,0.0,0.8204643726348877
20250530_191937_048.jpg,20250530_191937,48,ENFORCAR,A,0.0,0.801939070224762
20250530_191937_049.jpg,20250530_191937,49,ENFORCAR,A,0.0,0.8102309703826904
20250530_191937_050.jpg,20250530_191937,50,ENFORCAR,A,0.0,0.8163630366325378
20250530_191937_051.jpg,20250530_191937,51,ENFORCAR,A,0.0,0.832194983959198
20250530_191937_052.jpg,20250530_191937,52,ENFORCAR,A,0.0,0.8295901417732239
20250530_191937_053.jpg,20250530_191937,53,ENFORCAR,A,0.0,0.8230913281440735
20250530_191937_054.jpg,20250530_191937,54,ENFORCAR,A,0.0,0.8251116871833801
20250530_191937_055.jpg,20250530_191937,55,ENFORCAR,A,0.0,0.8114351630210876
20250530_191937_056.jpg,20250530_191937,56,ENFORCAR,A,0.0,0.82569420337677
20250530_191937_057.jpg,20250530_191937,57,ENFORCAR,A,0.0,0.8369565606117249
20250530_191937_058.jpg,20250530_191937,58,ENFORCAR,A,0.0,0.8372094035148621
20250530_191937_059.jpg,20250530_191937,59,ENFORCAR,A,0.0,0.8187664747238159
20250530_191937_060.jpg,20250530_191937,60,ENFORCAR,A,0.0,0.8275768160820007
20250530_191937_061.jpg,20250530_191937,61,ENFORCAR,A,0.0,0.8307432532310486
20250530_191937_062.jpg,20250530_191937,62,ENFORCAR,A,0.0,0.7938417196273804
20250530_191937_063.jpg,20250530_191937,63,ENFORCAR,A,0.0,0.7945545315742493
20250530_191937_064.jpg,20250530_191937,64,ENFORCAR,A,0.0,0.8210798501968384
20250530_191937_065.jpg,20250530_191937,65,ENFORCAR,A,0.0,0.8318822979927063
20250530_191937_066.jpg,20250530_191937,66,ENFORCAR,A,0.0,0.8228889107704163
20250530_191937_067.jpg,20250530_191937,67,ENFORCAR,A,0.0,0.8326066136360168
20250530_191937_068.jpg,20250530_191937,68,ENFORCAR,A,0.0,0.8378850817680359
20250530_191937_069.jpg,20250530_191937,69,ENFORCAR,A,0.0,0.8197284936904907
20250530_191937_070.jpg,20250530_191937,70,ENFORCAR,A,0.0,0.7946865558624268
20250530_191937_071.jpg,20250530_191937,71,ENFORCAR,A,0.0,0.7867369651794434
20250530_191937_072.jpg,20250530_191937,72,ENFORCAR,A,0.0,0.768020510673523
20250530_191937_073.jpg,20250530_191937,73,ENFORCAR,A,0.0,0.7793750166893005
20250530_191937_074.jpg,20250530_191937,74,ENFORCAR,A,0.0,0.7803528904914856
20250530_191937_075.jpg,20250530_191937,75,ENFORCAR,A,0.0,0.8036637902259827
20250530_191937_076.jpg,20250530_191937,76,ENFORCAR,A,0.0,0.7617775797843933
20250530_191937_077.jpg,20250530_191937,77,ENFORCAR,A,0.0,0.5261764526367188
20250530_191937_078.jpg,20250530_191937,78,ENFORCAR,A,0.0,0.5709255337715149
20250530_191937_079.jpg,20250530_191937,79,ENFORCAR,A,0.0,0.5708427429199219
20250530_191937_080.jpg,20250530_191937,80,ENFORCAR,A,0.0,0.766333281993866
20250530_191937_081.jpg,20250530_191937,81,normal,A,0.0,0.8142583966255188
20250530_191937_082.jpg,20250530_191937,82,ENFORCAR,A,0.0,0.8044471740722656
20250530_191937_083.jpg,20250530_191937,83,ENFORCAR,A,0.0,0.7613645195960999
20250530_191937_084.jpg,20250530_191937,84,ENFORCAR,A,0.059094227850437164,0.6356992125511169
20250530_191937_085.jpg,20250530_191937,85,ENFORCAR,A,0.01978045329451561,0.4702133536338806
20250530_191937_086.jpg,20250530_191937,86,ENFORCAR,A,0.0,0.41945144534111023
20250530_191937_087.jpg,20250530_191937,87,ENFORCAR,A,0.0,0.4361570179462433
20250530_191937_088.jpg,20250530_191937,88,ENFORCAR,A,0.011936137452721596,0.4142891466617584
20250530_191937_089.jpg,20250530_191937,89,ENFORCAR,A,0.0,0.43141329288482666
20250530_191937_090.jpg,20250530_191937,90,ENFORCAR,A,0.0,0.582477331161499
20250530_191937_091.jpg,20250530_191937,91,ENFORCAR,A,0.0,0.4614943265914917
20250530_191937_092.jpg,20250530_191937,92,ENFORCAR,A,0.016150396317243576,0.46621793508529663
20250530_191937_093.jpg,20250530_191937,93,ENFORCAR,A,0.2910313308238983,0.6040785312652588
20250530_191937_094.jpg,20250530_191937,94,ENFORCAR,A,0.06455288827419281,0.6268844604492188
20250530_191937_095.jpg,20250530_191937,95,ENFORCAR,A,0.0,0.6354175209999084
20250530_191937_096.jpg,20250530_191937,96,ENFORCAR,A,0.0,0.5084092020988464
20250530_191937_097.jpg,20250530_191937,97,ENFORCAR,A,0.0,0.6337142586708069
20250530_191937_098.jpg,20250530_191937,98,ENFORCAR,A,0.0,0.6224234700202942
20250530_191937_099.jpg,20250530_191937,99,ENFORCAR,A,0.0,0.8198287487030029
20250530_191937_100.jpg,20250530_191937,100,ENFORCAR,A,0.0,0.8281624913215637
20250530_191037_001.jpg,20250530_191037,1,ENFORCAR,B,0.0,0.8513686656951904
20250530_191037_002.jpg,20250530_191037,2,ENFORCAR,B,0.0,0.848419189453125
20250530_191037_003.jpg,20250530_191037,3,ENFORCAR,B,0.0,0.8458653092384338
20250530_191037_004.jpg,20250530_191037,4,ENFORCAR,B,0.0,0.8353458046913147
20250530_191037_005.jpg,20250530_191037,5,ENFORCAR,B,0.0,0.8444917798042297
20250530_191037_006.jpg,20250530_191037,6,ENFORCAR,B,0.0,0.8316009044647217
20250530_191037_007.jpg,20250530_191037,7,ENFORCAR,B,0.0,0.8381451368331909
20250530_191037_008.jpg,20250530_191037,8,ENFORCAR,B,0.0,0.8401053547859192
20250530_191037_009.jpg,20250530_191037,9,ENFORCAR,B,0.0,0.8404710292816162
20250530_191037_010.jpg,20250530_191037,10,ENFORCAR,B,0.0,0.8437898755073547
20250530_191037_011.jpg,20250530_191037,11,ENFORCAR,B,0.0,0.8485175371170044
20250530_191037_012.jpg,20250530_191037,12,ENFORCAR,B,0.0,0.8551183938980103
20250530_191037_013.jpg,20250530_191037,13,ENFORCAR,B,0.0,0.8560359477996826
20250530_191037_014.jpg,20250530_191037,14,ENFORCAR,B,0.0,0.8527060151100159
20250530_191037_015.jpg,20250530_191037,15,ENFORCAR,B,0.0,0.8533658981323242
20250530_191037_016.jpg,20250530_191037,16,ENFORCAR,B,0.0,0.8469781279563904
20250530_191037_017.jpg,20250530_191037,17,ENFORCAR,B,0.0,0.8477082252502441
20250530_191037_018.jpg,20250530_191037,18,ENFORCAR,B,0.0,0.862654447555542
20250530_191037_019.jpg,20250530_191037,19,ENFORCAR,B,0.0,0.8599895238876343
20250530_191037_020.jpg,20250530_191037,20,ENFORCAR,B,0.0,0.8683915138244629
20250530_191037_021.jpg,20250530_191037,21,ENFORCAR,B,0.0,0.874966561794281
20250530_191037_022.jpg,20250530_191037,22,ENFORCAR,B,0.0,0.8803126215934753
20250530_191037_023.jpg,20250530_191037,23,ENFORCAR,B,0.0,0.8860502243041992
20250530_191037_024.jpg,20250530_191037,24,ENFORCAR,B,0.0,0.8878554105758667
20250530_191037_025.jpg,20250530_191037,25,ENFORCAR,B,0.0,0.8895150423049927
20250530_191037_026.jpg,20250530_191037,26,ENFORCAR,B,0.0,0.8984332084655762
20250530_191037_027.jpg,20250530_191037,27,ENFORCAR,B,0.0,0.8988913893699646
20250530_191037_028.jpg,20250530_191037,28,ENFORCAR,B,0.0,0.8929327726364136
20250530_191037_029.jpg,20250530_191037,29,ENFORCAR,B,0.0,0.8915179371833801
20250530_191037_030.jpg,20250530_191037,30,ENFORCAR,B,0.0,0.868819534778595
20250530_191037_031.jpg,20250530_191037,31,ENFORCAR,B,0.0,0.8484180569648743
20250530_191037_032.jpg,20250530_191037,32,ENFORCAR,B,0.0,0.8502461314201355
20250530_191037_033.jpg,20250530_191037,33,ENFORCAR,B,0.0,0.8721634745597839
20250530_191037_034.jpg,20250530_191037,34,ENFORCAR,B,0.0,0.852868378162384
20250530_191037_035.jpg,20250530_191037,35,ENFORCAR,B,0.0,0.8648486137390137
20250530_191037_036.jpg,20250530_191037,36,ENFORCAR,B,0.0,0.8422517776489258
20250530_191037_037.jpg,20250530_191037,37,ENFORCAR,B,0.0,0.8497387170791626
20250530_191037_038.jpg,20250530_191037,38,ENFORCAR,B,0.0,0.8398621678352356
20250530_191037_039.jpg,20250530_191037,39,ENFORCAR,B,0.0,0.8521435260772705
20250530_191037_040.jpg,20250530_191037,40,ENFORCAR,B,0.0,0.8302150964736938
20250530_191037_041.jpg,20250530_191037,41,ENFORCAR,B,0.0,0.8415125012397766
20250530_191037_042.jpg,20250530_191037,42,ENFORCAR,B,0.0,0.822084903717041
20250530_191037_043.jpg,20250530_191037,43,ENFORCAR,B,0.0,0.8219638466835022
20250530_191037_044.jpg,20250530_191037,44,ENFORCAR,B,0.0,0.8225950002670288
20250530_191037_045.jpg,20250530_191037,45,ENFORCAR,B,0.0,0.8210429549217224
20250530_191037_046.jpg,20250530_191037,46,ENFORCAR,B,0.0,0.8111379146575928
20250530_191037_047.jpg,20250530_191037,47,ENFORCAR,B,0.0,0.806990385055542
20250530_191037_048.jpg,20250530_191037,48,ENFORCAR,B,0.0,0.7963515520095825
20250530_191037_049.jpg,20250530_191037,49,ENFORCAR,B,0.0,0.7986556887626648
20250530_191037_050.jpg,20250530_191037,50,ENFORCAR,B,0.0,0.8020990490913391
20250530_191037_051.jpg,20250530_191037,51,ENFORCAR,B,0.0,0.8171689510345459
20250530_191037_052.jpg,20250530_191037,52,ENFORCAR,B,0.0,0.8037163019180298
20250530_191037_053.jpg,20250530_191037,53,ENFORCAR,B,0.0,0.803961992263794
20250530_191037_054.jpg,20250530_191037,54,ENFORCAR,B,0.0,0.8049898743629456
20250530_191037_055.jpg,20250530_191037,55,ENFORCAR,B,0.0,0.8177347183227539
20250530_191037_056.jpg,20250530_191037,56,ENFORCAR,B,0.0,0.8368003368377686
20250530_191037_057.jpg,20250530_191037,57,ENFORCAR,B,0.0,0.8419663906097412
20250530_191037_058.jpg,20250530_191037,58,ENFORCAR,B,0.0,0.8427131772041321
20250530_191037_059.jpg,20250530_191037,59,ENFORCAR,B,0.0,0.8346287608146667
20250530_191037_060.jpg,20250530_191037,60,ENFORCAR,B,0.0,0.8422777652740479
20250530_191037_061.jpg,20250530_191037,61,ENFORCAR,B,0.0,0.8363873362541199
20250530_191037_062.jpg,20250530_191037,62,ENFORCAR,B,0.0,0.8304105401039124
20250530_191037_063.jpg,20250530_191037,63,ENFORCAR,B,0.0,0.8306437134742737
20250530_191037_064.jpg,20250530_191037,64,ENFORCAR,B,0.0,0.845847487449646
20250530_191037_065.jpg,20250530_191037,65,ENFORCAR,B,0.0,0.861812174320221
20250530_191037_066.jpg,20250530_191037,66,ENFORCAR,B,0.0,0.8648252487182617
20250530_191037_067.jpg,20250530_191037,67,ENFORCAR,B,0.0,0.8653421998023987
20250530_191037_068.jpg,20250530_191037,68,ENFORCAR,B,0.0,0.8614957332611084
20250530_191037_069.jpg,20250530_191037,69,ENFORCAR,B,0.0,0.8645349144935608
20250530_191037_070.jpg,20250530_191037,70,ENFORCAR,B,0.0,0.8651909828186035
20250530_191037_071.jpg,20250530_191037,71,ENFORCAR,B,0.0,0.8654367923736572
20250530_191037_072.jpg,20250530_191037,72,ENFORCAR,B,0.0,0.86423659324646
20250530_191037_073.jpg,20250530_191037,73,ENFORCAR,B,0.0,0.862148642539978
20250530_191037_074.jpg,20250530_191037,74,ENFORCAR,B,0.0,0.8634918332099915
20250530_191037_075.jpg,20250530_191037,75,ENFORCAR,B,0.0,0.8679370284080505
20250530_191037_076.jpg,20250530_191037,76,ENFORCAR,B,0.0,0.8606660962104797
20250530_191037_077.jpg,20250530_191037,77,ENFORCAR,B,0.0,0.863268256187439
20250530_191037_078.jpg,20250530_191037,78,ENFORCAR,B,0.0,0.8639782071113586
20250530_191037_079.jpg,20250530_191037,79,ENFORCAR,B,0.0,0.8606349229812622
20250530_191037_080.jpg,20250530_191037,80,ENFORCAR,B,0.0,0.8686987161636353
20250530_191037_081.jpg,20250530_191037,81,ENFORCAR,B,0.0,0.8765302300453186
20250530_191037_082.jpg,20250530_191037,82,ENFORCAR,B,0.0,0.8793927431106567
20250530_191037_083.jpg,20250530_191037,83,ENFORCAR,B,0.0,0.8849875926971436
20250530_191037_084.jpg,20250530_191037,84,ENFORCAR,B,0.0,0.8866782784461975
20250530_191037_085.jpg,20250530_191037,85,ENFORCAR,B,0.0,0.8864920139312744
20250530_191037_086.jpg,20250530_191037,86,ENFORCAR,B,0.0,0.8655556440353394
20250530_191037_087.jpg,20250530_191037,87,ENFORCAR,B,0.0,0.8615975975990295
20250530_191037_088.jpg,20250530_191037,88,ENFORCAR,B,0.0,0.8556998372077942
20250530_191037_089.jpg,20250530_191037,89,ENFORCAR,B,0.0,0.8302015662193298
20250530_191037_090.jpg,20250530_191037,90,ENFORCAR,B,0.0,0.8623849153518677
20250530_191037_091.jpg,20250530_191037,91,ENFORCAR,B,0.0,0.8759408593177795
20250530_191037_092.jpg,20250530_191037,92,ENFORCAR,B,0.0,0.880871593952179
20250530_191037_093.jpg,20250530_191037,93,ENFORCAR,B,0.0,0.8747038841247559
20250530_191037_094.jpg,20250530_191037,94,ENFORCAR,B,0.0,0.8640846610069275
20250530_191037_095.jpg,20250530_191037,95,ENFORCAR,B,0.0,0.8682795166969299
20250530_191037_096.jpg,20250530_191037,96,ENFORCAR,B,0.0,0.8752689957618713
20250530_191037_097.jpg,20250530_191037,97,ENFORCAR,B,0.0,0.8671375513076782
20250530_191037_098.jpg,20250530_191037,98,ENFORCAR,B,0.0,0.8703583478927612
20250530_191037_099.jpg,20250530_191037,99,ENFORCAR,B,0.0,0.8772570490837097
20250530_191037_100.jpg,20250530_191037,100,ENFORCAR,B,0.0,0.8793157339096069
20250530_191124_100.jpg,20250530_191124,100,ENFORCAR,B,0.0,0.7718936800956726
20250530_191404_001.jpg,20250530_191404,1,normal,B,0.0,0.0
20250530_191404_002.jpg,20250530_191404,2,normal,B,0.0,0.0
20250530_191404_003.jpg,20250530_191404,3,normal,B,0.0,0.0
20250530_191404_004.jpg,20250530_191404,4,normal,B,0.0,0.0
20250530_191404_005.jpg,20250530_191404,5,normal,B,0.0,0.0
20250530_191404_006.jpg,20250530_191404,6,normal,B,0.0,0.0
20250530_191404_007.jpg,20250530_191404,7,normal,B,0.0,0.0
20250530_191404_008.jpg,20250530_191404,8,normal,B,0.0,0.0
20250530_191404_009.jpg,20250530_191404,9,normal,B,0.0,0.0
20250530_191404_010.jpg,20250530_191404,10,normal,B,0.0,0.0
20250530_191404_013.jpg,20250530_191404,13,normal,B,0.0,0.0
20250530_191404_014.jpg,20250530_191404,14,normal,B,0.0,0.0
20250530_191404_015.jpg,20250530_191404,15,normal,B,0.0,0.0
20250530_191404_016.jpg,20250530_191404,16,normal,B,0.0,0.0
20250530_191404_017.jpg,20250530_191404,17,normal,B,0.0,0.0
20250530_191404_018.jpg,20250530_191404,18,normal,B,0.0,0.0
20250530_191404_019.jpg,20250530_191404,19,normal,B,0.0,0.0
20250530_191404_020.jpg,20250530_191404,20,normal,B,0.0,0.0
20250530_191404_021.jpg,20250530_191404,21,normal,B,0.0,0.0
20250530_191404_022.jpg,20250530_191404,22,normal,B,0.0,0.0
20250530_191404_023.jpg,20250530_191404,23,normal,B,0.0,0.0
20250530_191404_024.jpg,20250530_191404,24,normal,B,0.0,0.0
20250530_191404_025.jpg,20250530_191404,25,normal,B,0.0,0.0
20250530_191404_026.jpg,20250530_191404,26,normal,B,0.0,0.0
20250530_191404_027.jpg,20250530_191404,27,normal,B,0.0,0.0
20250530_191404_028.jpg,20250530_191404,28,normal,B,0.0,0.0
20250530_191404_029.jpg,20250530_191404,29,normal,B,0.0,0.0
20250530_191404_030.jpg,20250530_191404,30,normal,B,0.0,0.0
20250530_191404_031.jpg,20250530_191404,31,normal,B,0.0,0.0
20250530_191404_032.jpg,20250530_191404,32,normal,B,0.0,0.0
20250530_191404_033.jpg,20250530_191404,33,normal,B,0.0,0.0
20250530_191404_034.jpg,20250530_191404,34,normal,B,0.0,0.0
20250530_191404_035.jpg,20250530_191404,35,normal,B,0.0,0.0
20250530_191404_036.jpg,20250530_191404,36,normal,B,0.0,0.0
20250530_191404_037.jpg,20250530_191404,37,normal,B,0.0,0.0
20250530_191404_038.jpg,20250530_191404,38,normal,B,0.0,0.0
20250530_191404_041.jpg,20250530_191404,41,normal,B,0.0,0.0
20250530_191404_043.jpg,20250530_191404,43,normal,B,0.0,0.0
20250530_191404_044.jpg,20250530_191404,44,normal,B,0.0,0.0
20250530_191404_045.jpg,20250530_191404,45,normal,B,0.0,0.0
20250530_191404_046.jpg,20250530_191404,46,normal,B,0.0,0.0
20250530_191404_047.jpg,20250530_191404,47,normal,B,0.0,0.0
20250530_191404_048.jpg,20250530_191404,48,normal,B,0.0,0.0
20250530_191404_049.jpg,20250530_191404,49,normal,B,0.0,0.0
20250530_191404_050.jpg,20250530_191404,50,normal,B,0.0,0.0
20250530_191404_051.jpg,20250530_191404,51,normal,B,0.0,0.0
20250530_191404_052.jpg,20250530_191404,52,normal,B,0.0628841295838356,0.0
20250530_191404_054.jpg,20250530_191404,54,normal,B,0.1432880312204361,0.0
20250530_191404_055.jpg,20250530_191404,55,normal,B,0.0,0.0
20250530_191404_057.jpg,20250530_191404,57,normal,B,0.0,0.0
20250530_191404_058.jpg,20250530_191404,58,normal,B,0.0,0.0
20250530_191404_059.jpg,20250530_191404,59,normal,B,0.0,0.0
20250530_191404_060.jpg,20250530_191404,60,normal,B,0.0,0.0
20250530_191404_061.jpg,20250530_191404,61,normal,B,0.0,0.0
20250530_191404_062.jpg,20250530_191404,62,normal,B,0.0,0.0
20250530_191404_063.jpg,20250530_191404,63,normal,B,0.0,0.0
20250530_191404_066.jpg,20250530_191404,66,normal,B,0.0,0.0
20250530_191404_067.jpg,20250530_191404,67,normal,B,0.0,0.0
20250530_191404_068.jpg,20250530_191404,68,normal,B,0.0,0.0
20250530_191404_069.jpg,20250530_191404,69,normal,B,0.0,0.0
20250530_191404_070.jpg,20250530_191404,70,normal,B,0.0,0.0
20250530_191404_071.jpg,20250530_191404,71,normal,B,0.0,0.0
20250530_191404_072.jpg,20250530_191404,72,normal,B,0.0,0.0
20250530_191404_074.jpg,20250530_191404,74,normal,B,0.0,0.0
20250530_191404_075.jpg,20250530_191404,75,normal,B,0.0,0.0
20250530_191404_077.jpg,20250530_191404,77,normal,B,0.0,0.0
20250530_191404_078.jpg,20250530_191404,78,normal,B,0.0,0.0
20250530_191404_079.jpg,20250530_191404,79,normal,B,0.0,0.0
20250530_191404_080.jpg,20250530_191404,80,normal,B,0.0,0.0
20250530_191404_081.jpg,20250530_191404,81,normal,B,0.0,0.0
20250530_191404_082.jpg,20250530_191404,82,normal,B,0.0,0.0
20250530_191404_083.jpg,20250530_191404,83,normal,B,0.0,0.0
20250530_191404_084.jpg,20250530_191404,84,normal,B,0.0,0.0
20250530_191404_085.jpg,20250530_191404,85,normal,B,0.0,0.0
20250530_191404_086.jpg,20250530_191404,86,normal,B,0.0,0.0
20250530_191404_087.jpg,20250530_191404,87,normal,B,0.0,0.0
20250530_191404_088.jpg,20250530_191404,88,normal,B,0.0,0.0
20250530_191404_089.jpg,20250530_191404,89,normal,B,0.0,0.0
20250530_191404_090.jpg,20250530_191404,90,normal,B,0.0,0.0
20250530_191404_091.jpg,20250530_191404,91,normal,B,0.0,0.0
20250530_191404_092.jpg,20250530_191404,92,normal,B,0.0,0.0
20250530_191404_093.jpg,20250530_191404,93,normal,B,0.0,0.0
20250530_191404_094.jpg,20250530_191404,94,normal,B,0.0,0.0
20250530_191404_095.jpg,20250530_191404,95,normal,B,0.0,0.0
20250530_191404_096.jpg,20250530_191404,96,normal,B,0.0,0.0
20250530_191404_097.jpg,20250530_191404,97,normal,B,0.0,0.0
20250530_191404_098.jpg,20250530_191404,98,normal,B,0.0,0.0
20250530_191404_100.jpg,20250530_191404,100,normal,B,0.0,0.0
20250530_191448_001.jpg,20250530_191448,1,FACA,B,0.7584291100502014,0.0
20250530_191448_002.jpg,20250530_191448,2,FACA,B,0.7592229247093201,0.0
20250530_191448_003.jpg,20250530_191448,3,FACA,B,0.7651737332344055,0.0
20250530_191448_004.jpg,20250530_191448,4,FACA,B,0.7680752277374268,0.0
20250530_191448_005.jpg,20250530_191448,5,FACA,B,0.7889887690544128,0.0
20250530_191448_006.jpg,20250530_191448,6,FACA,B,0.7811598181724548,0.0
20250530_191448_007.jpg,20250530_191448,7,FACA,B,0.793010950088501,0.0
20250530_191448_008.jpg,20250530_191448,8,FACA,B,0.7938175201416016,0.0
20250530_191448_009.jpg,20250530_191448,9,normal,B,0.8084708452224731,0.0
20250530_191448_010.jpg,20250530_191448,10,FACA,B,0.8210219740867615,0.0
20250530_191448_011.jpg,20250530_191448,11,FACA,B,0.806378960609436,0.0
20250530_191448_012.jpg,20250530_191448,12,FACA,B,0.7989237904548645,0.0
20250530_191448_013.jpg,20250530_191448,13,FACA,B,0.8173391222953796,0.0
20250530_191448_014.jpg,20250530_191448,14,FACA,B,0.8305930495262146,0.0
20250530_191448_015.jpg,20250530_191448,15,FACA,B,0.8347780108451843,0.0
20250530_191448_016.jpg,20250530_191448,16,FACA,B,0.8393756151199341,0.0
20250530_191448_017.jpg,20250530_191448,17,FACA,B,0.8348991274833679,0.0
20250530_191448_018.jpg,20250530_191448,18,FACA,B,0.8324574828147888,0.0
20250530_191448_019.jpg,20250530_191448,19,FACA,B,0.8198723793029785,0.0
20250530_191448_020.jpg,20250530_191448,20,FACA,B,0.8188904523849487,0.0
20250530_191448_021.jpg,20250530_191448,21,FACA,B,0.8287348747253418,0.0
20250530_191448_022.jpg,20250530_191448,22,FACA,B,0.8365501761436462,0.0
20250530_191448_023.jpg,20250530_191448,23,FACA,B,0.8622677326202393,0.0
20250530_191448_024.jpg,20250530_191448,24,FACA,B,0.8702358603477478,0.0
20250530_191448_025.jpg,20250530_191448,25,FACA,B,0.8785201907157898,0.0
20250530_191448_026.jpg,20250530_191448,26,FACA,B,0.884225070476532,0.0
20250530_191448_027.jpg,20250530_191448,27,FACA,B,0.879736602306366,0.0
20250530_191448_028.jpg,20250530_191448,28,FACA,B,0.8629706501960754,0.0
20250530_191448_029.jpg,20250530_191448,29,FACA,B,0.8739315867424011,0.0
20250530_191448_030.jpg,20250530_191448,30,FACA,B,0.876520574092865,0.0
20250530_191448_031.jpg,20250530_191448,31,FACA,B,0.8770378232002258,0.0
20250530_191448_032.jpg,20250530_191448,32,FACA,B,0.8900695443153381,0.0
20250530_191448_033.jpg,20250530_191448,33,FACA,B,0.8958970308303833,0.0
20250530_191448_034.jpg,20250530_191448,34,FACA,B,0.9001764059066772,0.0
20250530_191448_035.jpg,20250530_191448,35,FACA,B,0.8977473974227905,0.0
20250530_191448_036.jpg,20250530_191448,36,FACA,B,0.8992976546287537,0.0
20250530_191448_037.jpg,20250530_191448,37,FACA,B,0.9094699621200562,0.0
20250530_191448_038.jpg,20250530_191448,38,FACA,B,0.914364218711853,0.0
20250530_191448_039.jpg,20250530_191448,39,FACA,B,0.8943998217582703,0.0
20250530_191448_040.jpg,20250530_191448,40,FACA,B,0.8694108724594116,0.0
20250530_191448_041.jpg,20250530_191448,41,FACA,B,0.8572607636451721,0.0
20250530_191448_042.jpg,20250530_191448,42,FACA,B,0.8626335263252258,0.0
20250530_191448_043.jpg,20250530_191448,43,FACA,B,0.8614280819892883,0.0
20250530_191448_044.jpg,20250530_191448,44,FACA,B,0.8734508752822876,0.0
20250530_191448_045.jpg,20250530_191448,45,FACA,B,0.8775942921638489,0.0
20250530_191448_046.jpg,20250530_191448,46,FACA,B,0.8441271185874939,0.0
20250530_191448_047.jpg,20250530_191448,47,FACA,B,0.839185893535614,0.0
20250530_191448_048.jpg,20250530_191448,48,FACA,B,0.8256664872169495,0.0
20250530_191448_049.jpg,20250530_191448,49,FACA,B,0.8106202483177185,0.0
20250530_191448_050.jpg,20250530_191448,50,FACA,B,0.8101596236228943,0.0
20250530_191448_051.jpg,20250530_191448,51,FACA,B,0.7132588624954224,0.0
20250530_191448_052.jpg,20250530_191448,52,FACA,B,0.6054603457450867,0.0
20250530_191448_053.jpg,20250530_191448,53,FACA,B,0.618835985660553,0.0
20250530_191448_054.jpg,20250530_191448,54,FACA,B,0.6598869562149048,0.0
20250530_191448_055.jpg,20250530_191448,55,FACA,B,0.5204985737800598,0.0
20250530_191448_056.jpg,20250530_191448,56,FACA,B,0.6053082346916199,0.0
20250530_191448_057.jpg,20250530_191448,57,FACA,B,0.7379777431488037,0.0
20250530_191448_058.jpg,20250530_191448,58,FACA,B,0.7734769582748413,0.0
20250530_191448_059.jpg,20250530_191448,59,FACA,B,0.7966733574867249,0.0
20250530_191448_060.jpg,20250530_191448,60,FACA,B,0.831330418586731,0.0
20250530_191448_061.jpg,20250530_191448,61,FACA,B,0.8990154266357422,0.0
20250530_191448_062.jpg,20250530_191448,62,FACA,B,0.9137222170829773,0.0
20250530_191448_063.jpg,20250530_191448,63,FACA,B,0.9158697128295898,0.0
20250530_191448_064.jpg,20250530_191448,64,FACA,B,0.9188238382339478,0.0
20250530_191448_065.jpg,20250530_191448,65,FACA,B,0.9178103804588318,0.0
20250530_191448_066.jpg,20250530_191448,66,FACA,B,0.920246958732605,0.0
20250530_191448_067.jpg,20250530_191448,67,FACA,B,0.9196456074714661,0.0
20250530_191448_068.jpg,20250530_191448,68,FACA,B,0.919968843460083,0.0
20250530_191448_069.jpg,20250530_191448,69,FACA,B,0.9102204442024231,0.0
20250530_191448_070.jpg,20250530_191448,70,FACA,B,0.883087694644928,0.0
20250530_191448_071.jpg,20250530_191448,71,FACA,B,0.8643919825553894,0.0
20250530_191448_072.jpg,20250530_191448,72,FACA,B,0.8490764498710632,0.0
20250530_191448_073.jpg,20250530_191448,73,FACA,B,0.8376177549362183,0.0
20250530_191448_074.jpg,20250530_191448,74,FACA,B,0.8339939713478088,0.0
20250530_191448_075.jpg,20250530_191448,75,FACA,B,0.8278793692588806,0.0
20250530_191448_076.jpg,20250530_191448,76,FACA,B,0.8310883045196533,0.0
20250530_191448_077.jpg,20250530_191448,77,FACA,B,0.8230719566345215,0.0
20250530_191448_078.jpg,20250530_191448,78,FACA,B,0.8228507041931152,0.0
20250530_191448_079.jpg,20250530_191448,79,FACA,B,0.8344991207122803,0.0
20250530_191448_080.jpg,20250530_191448,80,FACA,B,0.830980122089386,0.0
20250530_191448_081.jpg,20250530_191448,81,FACA,B,0.8309853076934814,0.0
20250530_191448_082.jpg,20250530_191448,82,FACA,B,0.8177255392074585,0.0
20250530_191448_083.jpg,20250530_191448,83,FACA,B,0.7871899008750916,0.0
20250530_191448_084.jpg,20250530_191448,84,FACA,B,0.8186033964157104,0.0
20250530_191448_085.jpg,20250530_191448,85,FACA,B,0.8525181412696838,0.0
20250530_191448_086.jpg,20250530_191448,86,FACA,B,0.9033728241920471,0.0
20250530_191448_087.jpg,20250530_191448,87,FACA,B,0.912617564201355,0.0
20250530_191448_088.jpg,20250530_191448,88,FACA,B,0.8914787173271179,0.0
20250530_191448_089.jpg,20250530_191448,89,FACA,B,0.8882099986076355,0.0
20250530_191448_090.jpg,20250530_191448,90,FACA,B,0.8935366868972778,0.0
20250530_191448_091.jpg,20250530_191448,91,FACA,B,0.8854935169219971,0.0
20250530_191448_092.jpg,20250530_191448,92,FACA,B,0.8977320790290833,0.0
20250530_191448_093.jpg,20250530_191448,93,FACA,B,0.877041220664978,0.0
20250530_191448_094.jpg,20250530_191448,94,FACA,B,0.8800753355026245,0.0
20250530_191448_095.jpg,20250530_191448,95,FACA,B,0.8745042085647583,0.0
20250530_191448_096.jpg,20250530_191448,96,FACA,B,0.8792944550514221,0.0
20250530_191448_097.jpg,20250530_191448,97,FACA,B,0.8840833306312561,0.0
20250530_191448_098.jpg,20250530_191448,98,FACA,B,0.8850826621055603,0.0
20250530_191448_099.jpg,20250530_191448,99,FACA,B,0.8778315782546997,0.0
20250530_191448_100.jpg,20250530_191448,100,FACA,B,0.8855829834938049,0.0
20250530_191642_001.jpg,20250530_191642,1,ENFORCAR,B,0.0,0.7823429107666016
20250530_191642_002.jpg,20250530_191642,2,ENFORCAR,B,0.0,0.8396998047828674
20250530_191642_003.jpg,20250530_191642,3,ENFORCAR,B,0.0,0.8363384008407593
20250530_191642_004.jpg,20250530_191642,4,ENFORCAR,B,0.0,0.8269811868667603
20250530_191642_005.jpg,20250530_191642,5,ENFORCAR,B,0.0,0.826562225818634
20250530_191642_006.jpg,20250530_191642,6,ENFORCAR,B,0.0,0.8168270587921143
20250530_191642_007.jpg,20250530_191642,7,ENFORCAR,B,0.0,0.8407775163650513
20250530_191642_008.jpg,20250530_191642,8,ENFORCAR,B,0.0,0.8087891340255737
20250530_191642_009.jpg,20250530_191642,9,ENFORCAR,B,0.0,0.8248433470726013
20250530_191642_010.jpg,20250530_191642,10,ENFORCAR,B,0.0,0.8089752197265625
20250530_191642_011.jpg,20250530_191642,11,ENFORCAR,B,0.0,0.8104535937309265
20250530_191642_012.jpg,20250530_191642,12,ENFORCAR,B,0.0,0.7985355257987976
20250530_191642_013.jpg,20250530_191642,13,ENFORCAR,B,0.0,0.7790420055389404
20250530_191642_014.jpg,20250530_191642,14,ENFORCAR,B,0.0,0.7220529913902283
20250530_191642_015.jpg,20250530_191642,15,ENFORCAR,B,0.0,0.6210110783576965
20250530_191642_016.jpg,20250530_191642,16,ENFORCAR,B,0.0,0.6527047157287598
20250530_191642_017.jpg,20250530_191642,17,ENFORCAR,B,0.0,0.7376402020454407
20250530_191642_018.jpg,20250530_191642,18,ENFORCAR,B,0.0,0.7857167720794678
20250530_191642_019.jpg,20250530_191642,19,ENFORCAR,B,0.0,0.7917356491088867
20250530_191642_020.jpg,20250530_191642,20,ENFORCAR,B,0.0,0.7796271443367004
20250530_191642_021.jpg,20250530_191642,21,ENFORCAR,B,0.0,0.7830181121826172
20250530_191642_022.jpg,20250530_191642,22,ENFORCAR,B,0.0,0.7744989395141602
20250530_191642_023.jpg,20250530_191642,23,ENFORCAR,B,0.0,0.7891348600387573
20250530_191642_024.jpg,20250530_191642,24,ENFORCAR,B,0.0,0.7857452630996704
20250530_191642_025.jpg,20250530_191642,25,ENFORCAR,B,0.0,0.7541961073875427
20250530_191642_026.jpg,20250530_191642,26,ENFORCAR,B,0.0,0.7637949585914612
20250530_191642_027.jpg,20250530_191642,27,ENFORCAR,B,0.0,0.737928032875061
20250530_191642_028.jpg,20250530_191642,28,ENFORCAR,B,0.0,0.7324845790863037
20250530_191642_029.jpg,20250530_191642,29,ENFORCAR,B,0.0,0.704850435256958
20250530_191642_030.jpg,20250530_191642,30,ENFORCAR,B,0.0,0.7030007243156433
20250530_191642_031.jpg,20250530_191642,31,ENFORCAR,B,0.0,0.7461260557174683
20250530_191642_032.jpg,20250530_191642,32,ENFORCAR,B,0.0,0.7133268713951111
20250530_191642_033.jpg,20250530_191642,33,ENFORCAR,B,0.0,0.7395889163017273
20250530_191642_034.jpg,20250530_191642,34,ENFORCAR,B,0.0,0.7262777090072632
20250530_191642_035.jpg,20250530_191642,35,ENFORCAR,B,0.0,0.7283069491386414
20250530_191642_036.jpg,20250530_191642,36,ENFORCAR,B,0.0,0.7522443532943726
20250530_191642_037.jpg,20250530_191642,37,ENFORCAR,B,0.0,0.7480184435844421
20250530_191642_038.jpg,20250530_191642,38,ENFORCAR,B,0.0,0.7223609089851379
20250530_191642_039.jpg,20250530_191642,39,ENFORCAR,B,0.0,0.6562319397926331
20250530_191642_040.jpg,20250530_191642,40,ENFORCAR,B,0.0,0.46818503737449646
20250530_191642_041.jpg,20250530_191642,41,ENFORCAR,B,0.0,0.6111704707145691
20250530_191642_042.jpg,20250530_191642,42,ENFORCAR,B,0.0,0.32400432229042053
20250530_191642_043.jpg,20250530_191642,43,ENFORCAR,B,0.02604004554450512,0.3579941689968109
20250530_191642_044.jpg,20250530_191642,44,ENFORCAR,B,0.0,0.18585605919361115
20250530_191642_045.jpg,20250530_191642,45,ENFORCAR,B,0.010961747728288174,0.48084431886672974
20250530_191642_046.jpg,20250530_191642,46,ENFORCAR,B,0.0,0.6149299740791321
20250530_191642_047.jpg,20250530_191642,47,ENFORCAR,B,0.0,0.6495323777198792
20250530_191642_048.jpg,20250530_191642,48,ENFORCAR,B,0.0,0.616652250289917
20250530_191642_049.jpg,20250530_191642,49,ENFORCAR,B,0.0,0.719857931137085
20250530_191642_050.jpg,20250530_191642,50,ENFORCAR,B,0.0,0.6888167262077332
20250530_191642_051.jpg,20250530_191642,51,ENFORCAR,B,0.0,0.7031835913658142
20250530_191642_052.jpg,20250530_191642,52,ENFORCAR,B,0.0,0.7583353519439697
20250530_191642_053.jpg,20250530_191642,53,ENFORCAR,B,0.0,0.7798916101455688
20250530_191642_054.jpg,20250530_191642,54,ENFORCAR,B,0.0,0.7789785861968994
20250530_191642_055.jpg,20250530_191642,55,ENFORCAR,B,0.0,0.7840312719345093
20250530_191642_056.jpg,20250530_191642,56,ENFORCAR,B,0.0,0.7756274342536926
20250530_191642_057.jpg,20250530_191642,57,ENFORCAR,B,0.0,0.8065052032470703
20250530_191642_058.jpg,20250530_191642,58,ENFORCAR,B,0.0,0.8047311305999756
20250530_191642_059.jpg,20250530_191642,59,ENFORCAR,B,0.0,0.7404200434684753
20250530_191642_060.jpg,20250530_191642,60,ENFORCAR,B,0.0,0.7306555509567261
20250530_191642_061.jpg,20250530_191642,61,ENFORCAR,B,0.0,0.7889521718025208
20250530_191642_062.jpg,20250530_191642,62,ENFORCAR,B,0.0,0.8032625913619995
20250530_191642_063.jpg,20250530_191642,63,ENFORCAR,B,0.0,0.8291038870811462
20250530_191642_064.jpg,20250530_191642,64,ENFORCAR,B,0.0,0.8071762323379517
20250530_191642_065.jpg,20250530_191642,65,ENFORCAR,B,0.0,0.7826236486434937
20250530_191642_066.jpg,20250530_191642,66,ENFORCAR,B,0.0,0.8065618872642517
20250530_191642_067.jpg,20250530_191642,67,ENFORCAR,B,0.0,0.8028683662414551
20250530_191642_068.jpg,20250530_191642,68,ENFORCAR,B,0.0,0.7992597222328186
20250530_191642_069.jpg,20250530_191642,69,ENFORCAR,B,0.0,0.7746562361717224
20250530_191642_070.jpg,20250530_191642,70,ENFORCAR,B,0.0,0.7591329216957092
20250530_191642_071.jpg,20250530_191642,71,ENFORCAR,B,0.0,0.7821235060691833
20250530_191642_072.jpg,20250530_191642,72,ENFORCAR,B,0.0,0.7826254963874817
20250530_191642_073.jpg,20250530_191642,73,ENFORCAR,B,0.0,0.7941883206367493
20250530_191642_074.jpg,20250530_191642,74,ENFORCAR,B,0.0,0.7926315069198608
20250530_191642_075.jpg,20250530_191642,75,ENFORCAR,B,0.0,0.7975577712059021
20250530_191642_076.jpg,20250530_191642,76,ENFORCAR,B,0.0,0.7997899651527405
20250530_191642_077.jpg,20250530_191642,77,ENFORCAR,B,0.0,0.8445858359336853
20250530_191642_078.jpg,20250530_191642,78,ENFORCAR,B,0.0,0.8336950540542603
20250530_191642_079.jpg,20250530_191642,79,ENFORCAR,B,0.0,0.7737686038017273
20250530_191642_080.jpg,20250530_191642,80,ENFORCAR,B,0.0,0.7659021019935608
20250530_191642_081.jpg,20250530_191642,81,ENFORCAR,B,0.0,0.7870599627494812
20250530_191642_082.jpg,20250530_191642,82,ENFORCAR,B,0.0,0.7570206522941589
20250530_191642_083.jpg,20250530_191642,83,ENFORCAR,B,0.0,0.7679550647735596
20250530_191642_084.jpg,20250530_191642,84,ENFORCAR,B,0.0,0.8151639103889465
20250530_191642_085.jpg,20250530_191642,85,ENFORCAR,B,0.0,0.8259797096252441
20250530_191642_086.jpg,20250530_191642,86,ENFORCAR,B,0.0,0.8309609293937683
20250530_191642_087.jpg,20250530_191642,87,ENFORCAR,B,0.0,0.8034936785697937
20250530_191642_088.jpg,20250530_191642,88,ENFORCAR,B,0.0,0.793104887008667
20250530_191642_089.jpg,20250530_191642,89,ENFORCAR,B,0.0,0.8044822216033936
20250530_191642_090.jpg,20250530_191642,90,ENFORCAR,B,0.0,0.800265908241272
20250530_191642_091.jpg,20250530_191642,91,ENFORCAR,B,0.0,0.8046679496765137
20250530_191642_092.jpg,20250530_191642,92,ENFORCAR,B,0.0,0.8073768019676208
20250530_191642_093.jpg,20250530_191642,93,ENFORCAR,B,0.0,0.8234977126121521
20250530_191642_094.jpg,20250530_191642,94,ENFORCAR,B,0.0,0.8396205902099609
20250530_191642_095.jpg,20250530_191642,95,ENFORCAR,B,0.0,0.8445404171943665
20250530_191642_096.jpg,20250530_191642,96,ENFORCAR,B,0.0,0.8338624835014343
20250530_191642_097.jpg,20250530_191642,97,ENFORCAR,B,0.0,0.8279313445091248
20250530_191642_098.jpg,20250530_191642,98,ENFORCAR,B,0.0,0.8279134631156921
20250530_191642_099.jpg,20250530_191642,99,ENFORCAR,B,0.0,0.8344786763191223
20250530_191642_100.jpg,20250530_191642,100,ENFORCAR,B,0.0,0.8500558733940125
20250530_191807_001.jpg,20250530_191807,1,normal,B,0.0,0.0
20250530_191807_002.jpg,20250530_191807,2,normal,B,0.0,0.0
20250530_191807_003.jpg,20250530_191807,3,normal,B,0.0,0.0
20250530_191807_004.jpg,20250530_191807,4,normal,B,0.0,0.0
20250530_191807_005.jpg,20250530_191807,5,normal,B,0.0,0.0
20250530_191807_006.jpg,20250530_191807,6,normal,B,0.0,0.0
20250530_191807_007.jpg,20250530_191807,7,normal,B,0.0,0.0
20250530_191807_008.jpg,20250530_191807,8,normal,B,0.0,0.0
20250530_191807_009.jpg,20250530_191807,9,normal,B,0.0,0.0
20250530_191807_010.jpg,20250530_191807,10,normal,B,0.0,0.0
20250530_191807_011.jpg,20250530_191807,11,normal,B,0.0,0.0
20250530_191807_012.jpg,20250530_191807,12,normal,B,0.0,0.0
20250530_191807_013.jpg,20250530_191807,13,normal,B,0.0,0.0
20250530_191807_014.jpg,20250530_191807,14,normal,B,0.0,0.0
20250530_191807_015.jpg,20250530_191807,15,normal,B,0.0,0.0
20250530_191807_016.jpg,20250530_191807,16,normal,B,0.0,0.0
20250530_191807_017.jpg,20250530_191807,17,normal,B,0.1293213665485382,0.0
20250530_191807_018.jpg,20250530_191807,18,normal,B,0.033042531460523605,0.0
20250530_191807_019.jpg,20250530_191807,19,normal,B,0.0,0.0
20250530_191807_020.jpg,20250530_191807,20,normal,B,0.0,0.0
20250530_191807_021.jpg,20250530_191807,21,normal,B,0.0,0.0
20250530_191807_022.jpg,20250530_191807,22,normal,B,0.0,0.0
20250530_191807_023.jpg,20250530_191807,23,normal,B,0.0,0.0
20250530_191807_024.jpg,20250530_191807,24,normal,B,0.0,0.0
20250530_191807_026.jpg,20250530_191807,26,normal,B,0.0,0.0
20250530_191807_027.jpg,20250530_191807,27,ENFORCAR,B,0.0,0.0
20250530_191807_028.jpg,20250530_191807,28,normal,B,0.0,0.0
20250530_191807_029.jpg,20250530_191807,29,normal,B,0.0,0.0
20250530_191807_030.jpg,20250530_191807,30,normal,B,0.0,0.0
20250530_191807_031.jpg,20250530_191807,31,normal,B,0.0,0.0
20250530_191807_032.jpg,20250530_191807,32,normal,B,0.0,0.0
20250530_191807_033.jpg,20250530_191807,33,normal,B,0.0,0.0
20250530_191807_035.jpg,20250530_191807,35,normal,B,0.0,0.0
20250530_191807_036.jpg,20250530_191807,36,normal,B,0.0,0.0
20250530_191807_037.jpg,20250530_191807,37,normal,B,0.0,0.0
20250530_191807_038.jpg,20250530_191807,38,normal,B,0.07475586235523224,0.0
20250530_191807_039.jpg,20250530_191807,39,normal,B,0.0,0.0
20250530_191807_040.jpg,20250530_191807,40,normal,B,0.0,0.0
20250530_191807_041.jpg,20250530_191807,41,normal,B,0.0,0.0
20250530_191807_042.jpg,20250530_191807,42,normal,B,0.0,0.0
20250530_191807_043.jpg,20250530_191807,43,normal,B,0.0,0.0
20250530_191807_044.jpg,20250530_191807,44,normal,B,0.0,0.0
20250530_191807_045.jpg,20250530_191807,45,normal,B,0.0,0.0
20250530_191807_046.jpg,20250530_191807,46,normal,B,0.0,0.0
20250530_191807_047.jpg,20250530_191807,47,normal,B,0.0,0.0
20250530_191807_048.jpg,20250530_191807,48,normal,B,0.0,0.0
20250530_191807_049.jpg,20250530_191807,49,normal,B,0.0,0.0
20250530_191807_050.jpg,20250530_191807,50,normal,B,0.0,0.0
20250530_191807_051.jpg,20250530_191807,51,normal,B,0.0,0.0
20250530_191807_052.jpg,20250530_191807,52,normal,B,0.0,0.0
20250530_191807_053.jpg,20250530_191807,53,normal,B,0.0,0.0
20250530_191807_054.jpg,20250530_191807,54,normal,B,0.01054153311997652,0.0
20250530_191807_055.jpg,20250530_191807,55,normal,B,0.0,0.0
20250530_191807_056.jpg,20250530_191807,56,normal,B,0.0,0.0
20250530_191807_057.jpg,20250530_191807,57,normal,B,0.0,0.0
20250530_191807_058.jpg,20250530_191807,58,normal,B,0.0,0.0
20250530_191807_059.jpg,20250530_191807,59,normal,B,0.0,0.0
20250530_191807_060.jpg,20250530_191807,60,normal,B,0.0,0.0
20250530_191807_061.jpg,20250530_191807,61,normal,B,0.0,0.0
20250530_191807_062.jpg,20250530_191807,62,normal,B,0.0,0.0
20250530_191807_063.jpg,20250530_191807,63,normal,B,0.0,0.0
20250530_191807_064.jpg,20250530_191807,64,normal,B,0.0,0.0
20250530_191807_065.jpg,20250530_191807,65,normal,B,0.0,0.0
20250530_191807_066.jpg,20250530_191807,66,normal,B,0.0,0.0
20250530_191807_069.jpg,20250530_191807,69,normal,B,0.0,0.0
20250530_191807_070.jpg,20250530_191807,70,normal,B,0.0,0.0
20250530_191807_071.jpg,20250530_191807,71,normal,B,0.0,0.0
20250530_191807_072.jpg,20250530_191807,72,normal,B,0.0,0.0
20250530_191807_073.jpg,20250530_191807,73,normal,B,0.0,0.0
20250530_191807_074.jpg,20250530_191807,74,normal,B,0.0,0.0
20250530_191807_075.jpg,20250530_191807,75,normal,B,0.0,0.0
20250530_191807_076.jpg,20250530_191807,76,normal,B,0.0,0.0
20250530_191807_077.jpg,20250530_191807,77,normal,B,0.0,0.0
20250530_191807_078.jpg,20250530_191807,78,normal,B,0.0,0.0
20250530_191807_079.jpg,20250530_191807,79,normal,B,0.0,0.0
20250530_191807_080.jpg,20250530_191807,80,normal,B,0.0,0.0
20250530_191807_081.jpg,20250530_191807,81,normal,B,0.0,0.0
20250530_191807_082.jpg,20250530_191807,82,normal,B,0.0,0.0
20250530_191807_083.jpg,20250530_191807,83,normal,B,0.0,0.0
20250530_191807_084.jpg,20250530_191807,84,normal,B,0.0,0.0
20250530_191807_085.jpg,20250530_191807,85,normal,B,0.0,0.0
20250530_191807_086.jpg,20250530_191807,86,normal,B,0.0,0.0
20250530_191807_087.jpg,20250530_191807,87,normal,B,0.0,0.0
20250530_191807_088.jpg,20250530_191807,88,normal,B,0.0,0.0
20250530_191807_089.jpg,20250530_191807,89,normal,B,0.0,0.0
20250530_191807_090.jpg,20250530_191807,90,normal,B,0.0,0.0
20250530_191807_091.jpg,20250530_191807,91,normal,B,0.0,0.0
20250530_191807_092.jpg,20250530_191807,92,normal,B,0.0,0.0
20250530_191807_093.jpg,20250530_191807,93,normal,B,0.0,0.0
20250530_191807_094.jpg,20250530_191807,94,normal,B,0.0,0.0
20250530_191807_095.jpg,20250530_191807,95,normal,B,0.0,0.0
20250530_191807_096.jpg,20250530_191807,96,normal,B,0.0,0.0
20250530_191807_097.jpg,20250530_191807,97,normal,B,0.0,0.0
20250530_191807_098.jpg,20250530_191807,98,normal,B,0.0,0.0
20250530_191807_099.jpg,20250530_191807,99,normal,B,0.0,0.0
20250530_191807_100.jpg,20250530_191807,100,normal,B,0.0,0.0
20250530_191902_001.jpg,20250530_191902,1,FACA,B,0.0,0.0
20250530_191902_002.jpg,20250530_191902,2,ENFORCAR,B,0.0,0.0
20250530_191902_003.jpg,20250530_191902,3,FACA,B,0.0,0.0
20250530_191902_004.jpg,20250530_191902,4,FACA,B,0.0,0.0
20250530_191902_005.jpg,20250530_191902,5,FACA,B,0.0,0.0
20250530_191902_006.jpg,20250530_191902,6,FACA,B,0.0,0.0
20250530_191902_007.jpg,20250530_191902,7,FACA,B,0.7277519702911377,0.0
20250530_191902_008.jpg,20250530_191902,8,FACA,B,0.787282407283783,0.0
20250530_191902_009.jpg,20250530_191902,9,FACA,B,0.6852664947509766,0.0
20250530_191902_010.jpg,20250530_191902,10,FACA,B,0.691638171672821,0.0
20250530_191902_011.jpg,20250530_191902,11,FACA,B,0.7477779388427734,0.0
20250530_191902_012.jpg,20250530_191902,12,FACA,B,0.8302691578865051,0.0
20250530_191902_013.jpg,20250530_191902,13,FACA,B,0.8395187258720398,0.0
20250530_191902_014.jpg,20250530_191902,14,FACA,B,0.8646652698516846,0.0
20250530_191902_015.jpg,20250530_191902,15,FACA,B,0.8858292102813721,0.0
20250530_191902_016.jpg,20250530_191902,16,FACA,B,0.8924339413642883,0.0
20250530_191902_017.jpg,20250530_191902,17,FACA,B,0.9110369682312012,0.0
20250530_191902_018.jpg,20250530_191902,18,FACA,B,0.9032096862792969,0.0
20250530_191902_019.jpg,20250530_191902,19,FACA,B,0.8858063220977783,0.0
20250530_191902_020.jpg,20250530_191902,20,FACA,B,0.8850300908088684,0.0
20250530_191902_021.jpg,20250530_191902,21,FACA,B,0.8908498883247375,0.0
20250530_191902_022.jpg,20250530_191902,22,FACA,B,0.9005792737007141,0.0
20250530_191902_023.jpg,20250530_191902,23,FACA,B,0.9043879508972168,0.0
20250530_191902_024.jpg,20250530_191902,24,FACA,B,0.9063225388526917,0.0
20250530_191902_025.jpg,20250530_191902,25,FACA,B,0.8982378244400024,0.0
20250530_191902_026.jpg,20250530_191902,26,FACA,B,0.8972325921058655,0.0
20250530_191902_027.jpg,20250530_191902,27,FACA,B,0.9006087779998779,0.0
20250530_191902_028.jpg,20250530_191902,28,FACA,B,0.9094787240028381,0.0
20250530_191902_029.jpg,20250530_191902,29,FACA,B,0.9108376502990723,0.0
20250530_191902_030.jpg,20250530_191902,30,FACA,B,0.9107713103294373,0.0
20250530_191902_031.jpg,20250530_191902,31,FACA,B,0.9026393890380859,0.0
20250530_191902_032.jpg,20250530_191902,32,FACA,B,0.8964834213256836,0.0
20250530_191902_033.jpg,20250530_191902,33,FACA,B,0.9052380919456482,0.0
20250530_191902_034.jpg,20250530_191902,34,FACA,B,0.9111366271972656,0.0
20250530_191902_035.jpg,20250530_191902,35,FACA,B,0.8993194103240967,0.0
20250530_191902_036.jpg,20250530_191902,36,FACA,B,0.8811063170433044,0.0
20250530_191902_037.jpg,20250530_191902,37,FACA,B,0.8785117268562317,0.0
20250530_191902_038.jpg,20250530_191902,38,FACA,B,0.9064533710479736,0.0
20250530_191902_039.jpg,20250530_191902,39,FACA,B,0.9041224122047424,0.0
20250530_191902_040.jpg,20250530_191902,40,FACA,B,0.883850634098053,0.0
20250530_191902_041.jpg,20250530_191902,41,FACA,B,0.8940293788909912,0.0
20250530_191902_042.jpg,20250530_191902,42,FACA,B,0.907936692237854,0.0
20250530_191902_043.jpg,20250530_191902,43,FACA,B,0.8914692401885986,0.0
20250530_191902_044.jpg,20250530_191902,44,FACA,B,0.901115357875824,0.0
20250530_191902_045.jpg,20250530_191902,45,FACA,B,0.9287739396095276,0.0
20250530_191902_046.jpg,20250530_191902,46,FACA,B,0.9446583986282349,0.0
20250530_191902_047.jpg,20250530_191902,47,FACA,B,0.9433872699737549,0.0
20250530_191902_048.jpg,20250530_191902,48,FACA,B,0.9163556098937988,0.0
20250530_191902_049.jpg,20250530_191902,49,FACA,B,0.9009811878204346,0.0
20250530_191902_050.jpg,20250530_191902,50,FACA,B,0.90274977684021,0.0
20250530_191902_051.jpg,20250530_191902,51,FACA,B,0.8867484331130981,0.0
20250530_191902_052.jpg,20250530_191902,52,FACA,B,0.8756839036941528,0.0
20250530_191902_053.jpg,20250530_191902,53,FACA,B,0.8628123998641968,0.0
20250530_191902_054.jpg,20250530_191902,54,FACA,B,0.8594503998756409,0.0
20250530_191902_055.jpg,20250530_191902,55,FACA,B,0.8403148055076599,0.0
20250530_191902_056.jpg,20250530_191902,56,FACA,B,0.8251527547836304,0.0
20250530_191902_057.jpg,20250530_191902,57,FACA,B,0.8156904578208923,0.0
20250530_191902_058.jpg,20250530_191902,58,FACA,B,0.7668793797492981,0.0
20250530_191902_059.jpg,20250530_191902,59,FACA,B,0.7422070503234863,0.0
20250530_191902_060.jpg,20250530_191902,60,FACA,B,0.6111809611320496,0.0
20250530_191902_061.jpg,20250530_191902,61,FACA,B,0.6386143565177917,0.0
20250530_191902_062.jpg,20250530_191902,62,FACA,B,0.726533830165863,0.0
20250530_191902_063.jpg,20250530_191902,63,FACA,B,0.7605642080307007,0.0
20250530_191902_064.jpg,20250530_191902,64,FACA,B,0.8146945238113403,0.0
20250530_191902_065.jpg,20250530_191902,65,FACA,B,0.8450748324394226,0.0
20250530_191902_066.jpg,20250530_191902,66,FACA,B,0.8665866255760193,0.0
20250530_191902_067.jpg,20250530_191902,67,FACA,B,0.8948017358779907,0.0
20250530_191902_068.jpg,20250530_191902,68,FACA,B,0.8822888135910034,0.0
20250530_191902_069.jpg,20250530_191902,69,FACA,B,0.8871367573738098,0.0
20250530_191902_070.jpg,20250530_191902,70,FACA,B,0.8967103362083435,0.0
20250530_191902_071.jpg,20250530_191902,71,FACA,B,0.9059515595436096,0.0
20250530_191902_072.jpg,20250530_191902,72,FACA,B,0.9048014879226685,0.0
20250530_191902_073.jpg,20250530_191902,73,FACA,B,0.900245189666748,0.0
20250530_191902_074.jpg,20250530_191902,74,FACA,B,0.8874392509460449,0.0
20250530_191902_075.jpg,20250530_191902,75,FACA,B,0.8834949731826782,0.0
20250530_191902_076.jpg,20250530_191902,76,FACA,B,0.886550784111023,0.0
20250530_191902_077.jpg,20250530_191902,77,FACA,B,0.8773481249809265,0.0
20250530_191902_078.jpg,20250530_191902,78,FACA,B,0.8695603013038635,0.0
20250530_191902_079.jpg,20250530_191902,79,FACA,B,0.8617671132087708,0.0
20250530_191902_080.jpg,20250530_191902,80,FACA,B,0.8252520561218262,0.0
20250530_191902_081.jpg,20250530_191902,81,FACA,B,0.806845486164093,0.0
20250530_191902_082.jpg,20250530_191902,82,FACA,B,0.7664805054664612,0.0
20250530_191902_083.jpg,20250530_191902,83,FACA,B,0.8644298315048218,0.0
20250530_191902_084.jpg,20250530_191902,84,FACA,B,0.8528035283088684,0.0
20250530_191902_085.jpg,20250530_191902,85,FACA,B,0.7983182072639465,0.011903155595064163
20250530_191902_086.jpg,20250530_191902,86,FACA,B,0.8019058704376221,0.0
20250530_191902_087.jpg,20250530_191902,87,FACA,B,0.8256957530975342,0.0
20250530_191902_088.jpg,20250530_191902,88,FACA,B,0.8676743507385254,0.0
20250530_191902_089.jpg,20250530_191902,89,FACA,B,0.8899149298667908,0.0
20250530_191902_090.jpg,20250530_191902,90,FACA,B,0.9032788276672363,0.0
20250530_191902_091.jpg,20250530_191902,91,FACA,B,0.8952584862709045,0.0
20250530_191902_092.jpg,20250530_191902,92,FACA,B,0.8839709758758545,0.0
20250530_191902_093.jpg,20250530_191902,93,FACA,B,0.8939609527587891,0.0
20250530_191902_094.jpg,20250530_191902,94,FACA,B,0.900326132774353,0.0
20250530_191902_095.jpg,20250530_191902,95,FACA,B,0.8835684657096863,0.0
20250530_191902_096.jpg,20250530_191902,96,FACA,B,0.8602394461631775,0.0
20250530_191902_097.jpg,20250530_191902,97,FACA,B,0.8737169504165649,0.0
20250530_191902_098.jpg,20250530_191902,98,FACA,B,0.887181282043457,0.0
20250530_191902_099.jpg,20250530_191902,99,FACA,B,0.9020959138870239,0.0
20250530_191902_100.jpg,20250530_191902,100,FACA,B,0.9006850123405457,0.0
20250530_192006_001.jpg,20250530_192006,1,normal,B,0.0,0.6782791614532471
20250530_192006_002.jpg,20250530_192006,2,normal,B,0.0,0.5930728912353516
20250530_192006_003.jpg,20250530_192006,3,normal,B,0.0,0.3629978895187378
20250530_192006_004.jpg,20250530_192006,4,ENFORCAR,B,0.0,0.10972804576158524
20250530_192006_006.jpg,20250530_192006,6,normal,B,0.0,0.24626195430755615
20250530_192006_008.jpg,20250530_192006,8,ENFORCAR,B,0.0,0.677291214466095
20250530_192006_009.jpg,20250530_192006,9,ENFORCAR,B,0.0,0.6913010478019714
20250530_192006_010.jpg,20250530_192006,10,ENFORCAR,B,0.0,0.7385486364364624
20250530_192006_011.jpg,20250530_192006,11,ENFORCAR,B,0.0,0.694478452205658
20250530_192006_012.jpg,20250530_192006,12,ENFORCAR,B,0.0,0.7798892855644226
20250530_192006_013.jpg,20250530_192006,13,ENFORCAR,B,0.0,0.7799132466316223
20250530_192006_014.jpg,20250530_192006,14,ENFORCAR,B,0.0,0.7902620434761047
20250530_192006_015.jpg,20250530_192006,15,ENFORCAR,B,0.0,0.8092862963676453
20250530_192006_016.jpg,20250530_192006,16,ENFORCAR,B,0.0,0.8070682883262634
20250530_192006_017.jpg,20250530_192006,17,ENFORCAR,B,0.0,0.8151925206184387
20250530_192006_018.jpg,20250530_192006,18,ENFORCAR,B,0.0,0.8239193558692932
20250530_192006_019.jpg,20250530_192006,19,ENFORCAR,B,0.0,0.8162567019462585
20250530_192006_020.jpg,20250530_192006,20,ENFORCAR,B,0.0,0.8130800724029541
20250530_192006_021.jpg,20250530_192006,21,ENFORCAR,B,0.0,0.80021733045578
20250530_192006_022.jpg,20250530_192006,22,ENFORCAR,B,0.0,0.8056724667549133
20250530_192006_023.jpg,20250530_192006,23,ENFORCAR,B,0.0,0.8150083422660828
20250530_192006_024.jpg,20250530_192006,24,ENFORCAR,B,0.0,0.816666841506958
20250530_192006_025.jpg,20250530_192006,25,ENFORCAR,B,0.0,0.8123278021812439
20250530_192006_026.jpg,20250530_192006,26,ENFORCAR,B,0.0,0.8186150789260864
20250530_192006_027.jpg,20250530_192006,27,ENFORCAR,B,0.0,0.8152428269386292
20250530_192006_028.jpg,20250530_192006,28,ENFORCAR,B,0.0,0.8205397129058838
20250530_192006_029.jpg,20250530_192006,29,ENFORCAR,B,0.0,0.8183979988098145
20250530_192006_030.jpg,20250530_192006,30,ENFORCAR,B,0.0,0.8149320483207703
20250530_192006_031.jpg,20250530_192006,31,ENFORCAR,B,0.0,0.8186979293823242
20250530_192006_032.jpg,20250530_192006,32,ENFORCAR,B,0.0,0.8241101503372192
20250530_192006_033.jpg,20250530_192006,33,ENFORCAR,B,0.0,0.8153578042984009
20250530_192006_034.jpg,20250530_192006,34,ENFORCAR,B,0.0,0.8284213542938232
20250530_192006_035.jpg,20250530_192006,35,ENFORCAR,B,0.0,0.8251276016235352
20250530_192006_036.jpg,20250530_192006,36,ENFORCAR,B,0.0,0.8269070982933044
20250530_192006_037.jpg,20250530_192006,37,ENFORCAR,B,0.0,0.8213022351264954
20250530_192006_038.jpg,20250530_192006,38,ENFORCAR,B,0.0,0.81904536485672
20250530_192006_039.jpg,20250530_192006,39,ENFORCAR,B,0.0,0.8137840628623962
20250530_192006_040.jpg,20250530_192006,40,ENFORCAR,B,0.0,0.8106529116630554
20250530_192006_041.jpg,20250530_192006,41,ENFORCAR,B,0.0,0.7990298271179199
20250530_192006_042.jpg,20250530_192006,42,ENFORCAR,B,0.0,0.7977968454360962
20250530_192006_043.jpg,20250530_192006,43,ENFORCAR,B,0.0,0.8043490648269653
20250530_192006_044.jpg,20250530_192006,44,ENFORCAR,B,0.0,0.7986446619033813
20250530_192006_045.jpg,20250530_192006,45,ENFORCAR,B,0.0,0.7959253787994385
20250530_192006_046.jpg,20250530_192006,46,ENFORCAR,B,0.0,0.8042685389518738
20250530_192006_047.jpg,20250530_192006,47,ENFORCAR,B,0.0,0.8056931495666504
20250530_192006_048.jpg,20250530_192006,48,ENFORCAR,B,0.0,0.8084292411804199
20250530_192006_049.jpg,20250530_192006,49,ENFORCAR,B,0.0,0.8115284442901611
20250530_192006_050.jpg,20250530_192006,50,ENFORCAR,B,0.0,0.8100132346153259
20250530_192006_051.jpg,20250530_192006,51,ENFORCAR,B,0.0,0.8125325441360474
20250530_192006_052.jpg,20250530_192006,52,ENFORCAR,B,0.0,0.8091434836387634
20250530_192006_053.jpg,20250530_192006,53,ENFORCAR,B,0.0,0.8088491559028625
20250530_192006_054.jpg,20250530_192006,54,ENFORCAR,B,0.0,0.8227563500404358
20250530_192006_055.jpg,20250530_192006,55,ENFORCAR,B,0.0,0.8309133052825928
20250530_192006_056.jpg,20250530_192006,56,ENFORCAR,B,0.0,0.8257161378860474
20250530_192006_057.jpg,20250530_192006,57,ENFORCAR,B,0.0,0.8250024318695068
20250530_192006_058.jpg,20250530_192006,58,ENFORCAR,B,0.0,0.8319162726402283
20250530_192006_059.jpg,20250530_192006,59,ENFORCAR,B,0.0,0.834328293800354
20250530_192006_060.jpg,20250530_192006,60,ENFORCAR,B,0.0,0.8360317349433899
20250530_192006_061.jpg,20250530_192006,61,ENFORCAR,B,0.0,0.8297505378723145
20250530_192006_062.jpg,20250530_192006,62,ENFORCAR,B,0.0,0.8304650187492371
20250530_192006_063.jpg,20250530_192006,63,ENFORCAR,B,0.0,0.8374016880989075
20250530_192006_064.jpg,20250530_192006,64,ENFORCAR,B,0.0,0.8385583162307739
20250530_192006_065.jpg,20250530_192006,65,ENFORCAR,B,0.0,0.8376378417015076
20250530_192006_066.jpg,20250530_192006,66,ENFORCAR,B,0.0,0.8366142511367798
20250530_192006_067.jpg,20250530_192006,67,ENFORCAR,B,0.0,0.8220293521881104
20250530_192006_068.jpg,20250530_192006,68,ENFORCAR,B,0.0,0.8068565130233765
20250530_192006_069.jpg,20250530_192006,69,ENFORCAR,B,0.0,0.8109747171401978
20250530_192006_070.jpg,20250530_192006,70,ENFORCAR,B,0.0,0.8229589462280273
20250530_192006_071.jpg,20250530_192006,71,ENFORCAR,B,0.0,0.8160746693611145
20250530_192006_072.jpg,20250530_192006,72,ENFORCAR,B,0.0,0.8164688944816589
20250530_192006_073.jpg,20250530_192006,73,ENFORCAR,B,0.0,0.8015798330307007
20250530_192006_074.jpg,20250530_192006,74,ENFORCAR,B,0.0,0.8146403431892395
20250530_192006_075.jpg,20250530_192006,75,ENFORCAR,B,0.0,0.8332658410072327
20250530_192006_076.jpg,20250530_192006,76,ENFORCAR,B,0.0,0.833105206489563
20250530_192006_077.jpg,20250530_192006,77,ENFORCAR,B,0.0,0.8238409161567688
20250530_192006_078.jpg,20250530_192006,78,ENFORCAR,B,0.0,0.8193221092224121
20250530_192006_079.jpg,20250530_192006,79,ENFORCAR,B,0.0,0.814980149269104
20250530_192006_080.jpg,20250530_192006,80,ENFORCAR,B,0.0,0.8268294334411621
20250530_192006_081.jpg,20250530_192006,81,ENFORCAR,B,0.0,0.822055995464325
20250530_192006_082.jpg,20250530_192006,82,ENFORCAR,B,0.0,0.7916819453239441
20250530_192006_083.jpg,20250530_192006,83,ENFORCAR,B,0.0,0.7831526398658752
20250530_192006_084.jpg,20250530_192006,84,ENFORCAR,B,0.11009109765291214,0.7761266827583313
20250530_192006_085.jpg,20250530_192006,85,ENFORCAR,B,0.4262186884880066,0.7733434438705444
20250530_192006_086.jpg,20250530_192006,86,ENFORCAR,B,0.0,0.7687416672706604
20250530_192006_087.jpg,20250530_192006,87,ENFORCAR,B,0.0,0.7793997526168823
20250530_192006_088.jpg,20250530_192006,88,ENFORCAR,B,0.0,0.8010060787200928
20250530_192006_089.jpg,20250530_192006,89,ENFORCAR,B,0.0,0.8054937720298767
20250530_192006_090.jpg,20250530_192006,90,ENFORCAR,B,0.0,0.8007807731628418
20250530_192006_091.jpg,20250530_192006,91,ENFORCAR,B,0.0,0.8175366520881653
20250530_192006_092.jpg,20250530_192006,92,ENFORCAR,B,0.0,0.8205235004425049
20250530_192006_093.jpg,20250530_192006,93,ENFORCAR,B,0.0,0.8238087296485901
20250530_192006_094.jpg,20250530_192006,94,ENFORCAR,B,0.0,0.832233726978302
20250530_192006_095.jpg,20250530_192006,95,ENFORCAR,B,0.0,0.8376581072807312
20250530_192006_096.jpg,20250530_192006,96,ENFORCAR,B,0.0,0.8343068957328796
20250530_192006_097.jpg,20250530_192006,97,ENFORCAR,B,0.251283198595047,0.826580286026001
20250530_192006_098.jpg,20250530_192006,98,ENFORCAR,B,0.09024129807949066,0.8040772080421448
20250530_192006_099.jpg,20250530_192006,99,ENFORCAR,B,0.1402476280927658,0.7772693634033203
20250530_192006_100.jpg,20250530_192006,100,ENFORCAR,B,0.07129378616809845,0.7504677772521973
20250530_191049_001.jpg,20250530_191049,1,ENFORCAR,C,0.0,0.8472539782524109
20250530_191049_002.jpg,20250530_191049,2,ENFORCAR,C,0.0,0.8664265275001526
20250530_191049_003.jpg,20250530_191049,3,ENFORCAR,C,0.0,0.8441368341445923
20250530_191049_004.jpg,20250530_191049,4,ENFORCAR,C,0.0,0.8524898886680603
20250530_191049_005.jpg,20250530_191049,5,ENFORCAR,C,0.0,0.8493633270263672
20250530_191049_006.jpg,20250530_191049,6,ENFORCAR,C,0.0,0.8523433208465576
20250530_191049_007.jpg,20250530_191049,7,ENFORCAR,C,0.0,0.8631992340087891
20250530_191049_008.jpg,20250530_191049,8,ENFORCAR,C,0.0,0.8741050362586975
20250530_191049_009.jpg,20250530_191049,9,ENFORCAR,C,0.0,0.8700873851776123
20250530_191049_010.jpg,20250530_191049,10,ENFORCAR,C,0.0,0.8715429902076721
20250530_191049_011.jpg,20250530_191049,11,ENFORCAR,C,0.0,0.8809327483177185
20250530_191049_012.jpg,20250530_191049,12,ENFORCAR,C,0.0,0.888461172580719
20250530_191049_013.jpg,20250530_191049,13,ENFORCAR,C,0.0,0.8877032995223999
20250530_191049_014.jpg,20250530_191049,14,ENFORCAR,C,0.0,0.886888861656189
20250530_191049_015.jpg,20250530_191049,15,ENFORCAR,C,0.0,0.8883194923400879
20250530_191049_016.jpg,20250530_191049,16,ENFORCAR,C,0.0,0.8888371586799622
20250530_191049_017.jpg,20250530_191049,17,ENFORCAR,C,0.0,0.8932325839996338
20250530_191049_018.jpg,20250530_191049,18,ENFORCAR,C,0.0,0.894193708896637
20250530_191049_019.jpg,20250530_191049,19,ENFORCAR,C,0.0,0.891857922077179
20250530_191049_020.jpg,20250530_191049,20,ENFORCAR,C,0.0,0.8895139694213867
20250530_191049_021.jpg,20250530_191049,21,ENFORCAR,C,0.0,0.8909764289855957
20250530_191049_022.jpg,20250530_191049,22,ENFORCAR,C,0.0,0.8894595503807068
20250530_191049_023.jpg,20250530_191049,23,ENFORCAR,C,0.0,0.8951417803764343
20250530_191049_024.jpg,20250530_191049,24,ENFORCAR,C,0.0,0.8883728384971619
20250530_191049_025.jpg,20250530_191049,25,ENFORCAR,C,0.0,0.8865370154380798
20250530_191049_026.jpg,20250530_191049,26,ENFORCAR,C,0.0,0.8932753801345825
20250530_191049_027.jpg,20250530_191049,27,ENFORCAR,C,0.0,0.8888435959815979
20250530_191049_028.jpg,20250530_191049,28,ENFORCAR,C,0.0,0.888921320438385
20250530_191049_029.jpg,20250530_191049,29,ENFORCAR,C,0.0,0.9138996601104736
20250530_191049_030.jpg,20250530_191049,30,ENFORCAR,C,0.0,0.9127415418624878
20250530_191049_031.jpg,20250530_191049,31,ENFORCAR,C,0.0,0.9022752046585083
20250530_191049_032.jpg,20250530_191049,32,ENFORCAR,C,0.0,0.8928676843643188
20250530_191049_033.jpg,20250530_191049,33,ENFORCAR,C,0.0,0.8865013122558594
20250530_191049_034.jpg,20250530_191049,34,ENFORCAR,C,0.0,0.873066782951355
20250530_191049_035.jpg,20250530_191049,35,ENFORCAR,C,0.0,0.8718575835227966
20250530_191049_036.jpg,20250530_191049,36,ENFORCAR,C,0.0,0.8712853193283081
20250530_191049_037.jpg,20250530_191049,37,ENFORCAR,C,0.0,0.8793055415153503
20250530_191049_038.jpg,20250530_191049,38,ENFORCAR,C,0.0,0.8777206540107727
20250530_191049_039.jpg,20250530_191049,39,ENFORCAR,C,0.0,0.8834303021430969
20250530_191049_040.jpg,20250530_191049,40,ENFORCAR,C,0.0,0.8732026219367981
20250530_191049_041.jpg,20250530_191049,41,ENFORCAR,C,0.0,0.8830186128616333
20250530_191049_042.jpg,20250530_191049,42,ENFORCAR,C,0.0,0.8805608153343201
20250530_191049_043.jpg,20250530_191049,43,ENFORCAR,C,0.0,0.8871467709541321
20250530_191049_044.jpg,20250530_191049,44,ENFORCAR,C,0.0,0.9008706212043762
20250530_191049_045.jpg,20250530_191049,45,ENFORCAR,C,0.0,0.9002758264541626
20250530_191049_046.jpg,20250530_191049,46,ENFORCAR,C,0.0,0.8940941691398621
20250530_191049_047.jpg,20250530_191049,47,ENFORCAR,C,0.0,0.8928385972976685
20250530_191049_048.jpg,20250530_191049,48,ENFORCAR,C,0.0,0.8891154527664185
20250530_191049_049.jpg,20250530_191049,49,ENFORCAR,C,0.0,0.8932031989097595
20250530_191049_050.jpg,20250530_191049,50,ENFORCAR,C,0.0,0.8881356120109558
20250530_191049_051.jpg,20250530_191049,51,ENFORCAR,C,0.0,0.8567808270454407
20250530_191049_052.jpg,20250530_191049,52,ENFORCAR,C,0.0,0.789318859577179
20250530_191049_053.jpg,20250530_191049,53,ENFORCAR,C,0.0,0.742892324924469
20250530_191049_054.jpg,20250530_191049,54,ENFORCAR,C,0.0,0.6582510471343994
20250530_191049_055.jpg,20250530_191049,55,ENFORCAR,C,0.0,0.5609654784202576
20250530_191049_056.jpg,20250530_191049,56,ENFORCAR,C,0.0,0.5761582255363464
20250530_191049_057.jpg,20250530_191049,57,ENFORCAR,C,0.0,0.7362017631530762
20250530_191049_058.jpg,20250530_191049,58,ENFORCAR,C,0.0,0.758171558380127
20250530_191049_059.jpg,20250530_191049,59,ENFORCAR,C,0.0,0.8049129247665405
20250530_191049_060.jpg,20250530_191049,60,ENFORCAR,C,0.0,0.7752603888511658
20250530_191049_061.jpg,20250530_191049,61,ENFORCAR,C,0.0,0.7564526200294495
20250530_191049_062.jpg,20250530_191049,62,ENFORCAR,C,0.0,0.7770631313323975
20250530_191049_063.jpg,20250530_191049,63,ENFORCAR,C,0.0,0.7709513306617737
20250530_191049_064.jpg,20250530_191049,64,ENFORCAR,C,0.0,0.7533808946609497
20250530_191049_065.jpg,20250530_191049,65,ENFORCAR,C,0.0,0.7225887775421143
20250530_191049_066.jpg,20250530_191049,66,ENFORCAR,C,0.0,0.7817822694778442
20250530_191049_067.jpg,20250530_191049,67,ENFORCAR,C,0.0,0.7952997088432312
20250530_191049_068.jpg,20250530_191049,68,ENFORCAR,C,0.0,0.8788944482803345
20250530_191049_069.jpg,20250530_191049,69,ENFORCAR,C,0.0,0.8997406959533691
20250530_191049_070.jpg,20250530_191049,70,ENFORCAR,C,0.0,0.8942660093307495
20250530_191049_071.jpg,20250530_191049,71,ENFORCAR,C,0.0,0.9035518765449524
20250530_191049_072.jpg,20250530_191049,72,ENFORCAR,C,0.0,0.8956875205039978
20250530_191049_073.jpg,20250530_191049,73,ENFORCAR,C,0.0,0.8910242319107056
20250530_191049_074.jpg,20250530_191049,74,ENFORCAR,C,0.0,0.8874176144599915
20250530_191049_075.jpg,20250530_191049,75,ENFORCAR,C,0.0,0.8697582483291626
20250530_191049_076.jpg,20250530_191049,76,ENFORCAR,C,0.0,0.8799149990081787
20250530_191049_077.jpg,20250530_191049,77,ENFORCAR,C,0.0,0.8724386096000671
20250530_191049_078.jpg,20250530_191049,78,ENFORCAR,C,0.0,0.8736483454704285
20250530_191049_079.jpg,20250530_191049,79,ENFORCAR,C,0.0,0.8899962306022644
20250530_191049_080.jpg,20250530_191049,80,ENFORCAR,C,0.0,0.8942868113517761
20250530_191049_081.jpg,20250530_191049,81,ENFORCAR,C,0.0,0.8927341103553772
20250530_191049_082.jpg,20250530_191049,82,ENFORCAR,C,0.0,0.8749533295631409
20250530_191049_083.jpg,20250530_191049,83,ENFORCAR,C,0.0,0.8615798950195312
20250530_191049_084.jpg,20250530_191049,84,ENFORCAR,C,0.0,0.8504640460014343
20250530_191049_085.jpg,20250530_191049,85,ENFORCAR,C,0.0,0.8399622440338135
20250530_191049_086.jpg,20250530_191049,86,ENFORCAR,C,0.0,0.8427749872207642
20250530_191049_087.jpg,20250530_191049,87,ENFORCAR,C,0.0,0.8407084345817566
20250530_191049_088.jpg,20250530_191049,88,ENFORCAR,C,0.0,0.8468694686889648
20250530_191049_089.jpg,20250530_191049,89,ENFORCAR,C,0.0,0.8539221286773682
20250530_191049_090.jpg,20250530_191049,90,ENFORCAR,C,0.0,0.8557630777359009
20250530_191049_091.jpg,20250530_191049,91,ENFORCAR,C,0.0,0.859870970249176
20250530_191049_092.jpg,20250530_191049,92,ENFORCAR,C,0.0,0.862906813621521
20250530_191049_093.jpg,20250530_191049,93,ENFORCAR,C,0.0,0.8677658438682556
20250530_191049_094.jpg,20250530_191049,94,ENFORCAR,C,0.0,0.8433900475502014
20250530_191049_095.jpg,20250530_191049,95,ENFORCAR,C,0.0,0.8458031415939331
20250530_191049_096.jpg,20250530_191049,96,ENFORCAR,C,0.0,0.7826887965202332
20250530_191049_097.jpg,20250530_191049,97,ENFORCAR,C,0.0,0.5283195376396179
20250530_191049_098.jpg,20250530_191049,98,ENFORCAR,C,0.0,0.27057337760925293
20250530_191049_099.jpg,20250530_191049,99,ENFORCAR,C,0.0,0.0
20250530_191419_001.jpg,20250530_191419,1,normal,C,0.0,0.0
20250530_191419_002.jpg,20250530_191419,2,normal,C,0.0,0.0
20250530_191419_003.jpg,20250530_191419,3,normal,C,0.0,0.0
20250530_191419_004.jpg,20250530_191419,4,normal,C,0.0,0.0
20250530_191419_005.jpg,20250530_191419,5,normal,C,0.0,0.0
20250530_191419_006.jpg,20250530_191419,6,normal,C,0.0,0.0
20250530_191419_007.jpg,20250530_191419,7,normal,C,0.0,0.0
20250530_191419_008.jpg,20250530_191419,8,normal,C,0.0,0.0
20250530_191419_009.jpg,20250530_191419,9,normal,C,0.0,0.0
20250530_191419_010.jpg,20250530_191419,10,normal,C,0.0,0.0
20250530_191419_012.jpg,20250530_191419,12,normal,C,0.0,0.0
20250530_191419_013.jpg,20250530_191419,13,normal,C,0.0,0.0
20250530_191419_014.jpg,20250530_191419,14,normal,C,0.0,0.0
20250530_191419_015.jpg,20250530_191419,15,normal,C,0.0,0.0
20250530_191419_016.jpg,20250530_191419,16,normal,C,0.0,0.0
20250530_191419_017.jpg,20250530_191419,17,normal,C,0.0,0.0
20250530_191419_018.jpg,20250530_191419,18,normal,C,0.0,0.0
20250530_191419_019.jpg,20250530_191419,19,normal,C,0.0,0.0
20250530_191419_020.jpg,20250530_191419,20,normal,C,0.0,0.0
20250530_191419_022.jpg,20250530_191419,22,normal,C,0.0,0.0
20250530_191419_023.jpg,20250530_191419,23,normal,C,0.0,0.0
20250530_191419_024.jpg,20250530_191419,24,normal,C,0.0,0.0
20250530_191419_025.jpg,20250530_191419,25,normal,C,0.0,0.0
20250530_191419_026.jpg,20250530_191419,26,normal,C,0.0,0.0
20250530_191419_027.jpg,20250530_191419,27,normal,C,0.0,0.0
20250530_191419_029.jpg,20250530_191419,29,normal,C,0.0,0.0
20250530_191419_030.jpg,20250530_191419,30,normal,C,0.0,0.0
20250530_191419_031.jpg,20250530_191419,31,normal,C,0.0,0.0
20250530_191419_032.jpg,20250530_191419,32,normal,C,0.0,0.0
20250530_191419_033.jpg,20250530_191419,33,normal,C,0.0,0.0
20250530_191419_035.jpg,20250530_191419,35,normal,C,0.0,0.0
20250530_191419_036.jpg,20250530_191419,36,normal,C,0.0,0.0
20250530_191419_037.jpg,20250530_191419,37,normal,C,0.0,0.0
20250530_191419_038.jpg,20250530_191419,38,normal,C,0.0,0.0
20250530_191419_040.jpg,20250530_191419,40,normal,C,0.0,0.0
20250530_191419_041.jpg,20250530_191419,41,normal,C,0.0,0.0
20250530_191419_042.jpg,20250530_191419,42,normal,C,0.0,0.0
20250530_191419_044.jpg,20250530_191419,44,normal,C,0.0,0.0
20250530_191419_045.jpg,20250530_191419,45,normal,C,0.0,0.0
20250530_191419_046.jpg,20250530_191419,46,normal,C,0.0,0.0
20250530_191419_047.jpg,20250530_191419,47,normal,C,0.0,0.0
20250530_191419_048.jpg,20250530_191419,48,normal,C,0.0,0.0
20250530_191419_049.jpg,20250530_191419,49,normal,C,0.0,0.0
20250530_191419_050.jpg,20250530_191419,50,normal,C,0.0,0.0
20250530_191419_052.jpg,20250530_191419,52,normal,C,0.0,0.0
20250530_191419_053.jpg,20250530_191419,53,normal,C,0.0,0.0
20250530_191419_054.jpg,20250530_191419,54,normal,C,0.0,0.0
20250530_191419_055.jpg,20250530_191419,55,normal,C,0.0,0.0
20250530_191419_056.jpg,20250530_191419,56,normal,C,0.0,0.0
20250530_191419_057.jpg,20250530_191419,57,normal,C,0.0,0.0
20250530_191419_058.jpg,20250530_191419,58,normal,C,0.0,0.0
20250530_191419_059.jpg,20250530_191419,59,normal,C,0.0,0.0
20250530_191419_060.jpg,20250530_191419,60,normal,C,0.0,0.0
20250530_191419_061.jpg,20250530_191419,61,normal,C,0.0,0.0
20250530_191419_062.jpg,20250530_191419,62,normal,C,0.0,0.0
20250530_191419_063.jpg,20250530_191419,63,normal,C,0.0,0.0
20250530_191419_064.jpg,20250530_191419,64,normal,C,0.0,0.0
20250530_191419_066.jpg,20250530_191419,66,normal,C,0.0,0.0
20250530_191419_068.jpg,20250530_191419,68,normal,C,0.0,0.0
20250530_191419_069.jpg,20250530_191419,69,normal,C,0.0,0.0
20250530_191419_070.jpg,20250530_191419,70,normal,C,0.0,0.0
20250530_191419_071.jpg,20250530_191419,71,normal,C,0.0,0.0
20250530_191419_072.jpg,20250530_191419,72,normal,C,0.0,0.0
20250530_191419_073.jpg,20250530_191419,73,normal,C,0.0,0.0
20250530_191419_074.jpg,20250530_191419,74,normal,C,0.0,0.0
20250530_191419_075.jpg,20250530_191419,75,normal,C,0.0,0.0
20250530_191419_076.jpg,20250530_191419,76,normal,C,0.0,0.0
20250530_191419_077.jpg,20250530_191419,77,normal,C,0.0,0.0
20250530_191419_078.jpg,20250530_191419,78,normal,C,0.0,0.0
20250530_191419_079.jpg,20250530_191419,79,normal,C,0.0,0.0
20250530_191419_080.jpg,20250530_191419,80,normal,C,0.0,0.0
20250530_191419_081.jpg,20250530_191419,81,normal,C,0.0,0.0
20250530_191419_082.jpg,20250530_191419,82,normal,C,0.0,0.0
20250530_191419_083.jpg,20250530_191419,83,normal,C,0.0,0.0
20250530_191419_084.jpg,20250530_191419,84,normal,C,0.0,0.0
20250530_191419_085.jpg,20250530_191419,85,normal,C,0.0,0.0
20250530_191419_086.jpg,20250530_191419,86,normal,C,0.0,0.0
20250530_191419_087.jpg,20250530_191419,87,normal,C,0.0,0.0
20250530_191419_088.jpg,20250530_191419,88,normal,C,0.0,0.0
20250530_191419_089.jpg,20250530_191419,89,normal,C,0.0,0.0
20250530_191419_090.jpg,20250530_191419,90,normal,C,0.0,0.0
20250530_191419_091.jpg,20250530_191419,91,normal,C,0.0,0.0
20250530_191419_092.jpg,20250530_191419,92,normal,C,0.0,0.0
20250530_191419_093.jpg,20250530_191419,93,normal,C,0.0,0.0
20250530_191419_094.jpg,20250530_191419,94,normal,C,0.0,0.0
20250530_191419_095.jpg,20250530_191419,95,normal,C,0.0,0.0
20250530_191419_096.jpg,20250530_191419,96,normal,C,0.0,0.0
20250530_191419_097.jpg,20250530_191419,97,normal,C,0.0,0.0
20250530_191419_098.jpg,20250530_191419,98,normal,C,0.0,0.0
20250530_191419_099.jpg,20250530_191419,99,normal,C,0.0,0.0
20250530_191419_100.jpg,20250530_191419,100,normal,C,0.0,0.0
20250530_191459_002.jpg,20250530_191459,2,FACA,C,0.7731534838676453,0.0
20250530_191459_003.jpg,20250530_191459,3,FACA,C,0.7559373378753662,0.0
20250530_191459_004.jpg,20250530_191459,4,FACA,C,0.7488738894462585,0.0
20250530_191459_005.jpg,20250530_191459,5,FACA,C,0.7713263034820557,0.0
20250530_191459_006.jpg,20250530_191459,6,FACA,C,0.7733250856399536,0.0
20250530_191459_007.jpg,20250530_191459,7,FACA,C,0.733776330947876,0.0
20250530_191459_008.jpg,20250530_191459,8,FACA,C,0.7709735035896301,0.0
20250530_191459_009.jpg,20250530_191459,9,FACA,C,0.4534614086151123,0.0
20250530_191459_010.jpg,20250530_191459,10,FACA,C,0.3836093842983246,0.0
20250530_191459_011.jpg,20250530_191459,11,FACA,C,0.2156435251235962,0.0
20250530_191459_012.jpg,20250530_191459,12,FACA,C,0.09963259845972061,0.0
20250530_191459_013.jpg,20250530_191459,13,FACA,C,0.021644828841090202,0.0
20250530_191459_014.jpg,20250530_191459,14,FACA,C,0.12506282329559326,0.0
20250530_191459_015.jpg,20250530_191459,15,FACA,C,0.2654406428337097,0.0
20250530_191459_016.jpg,20250530_191459,16,FACA,C,0.49321049451828003,0.0
20250530_191459_017.jpg,20250530_191459,17,FACA,C,0.8211604952812195,0.0
20250530_191459_018.jpg,20250530_191459,18,FACA,C,0.8546432256698608,0.0
20250530_191459_019.jpg,20250530_191459,19,FACA,C,0.8264992833137512,0.0
20250530_191459_020.jpg,20250530_191459,20,FACA,C,0.8154972195625305,0.0
20250530_191459_021.jpg,20250530_191459,21,FACA,C,0.8600233793258667,0.0
20250530_191459_022.jpg,20250530_191459,22,FACA,C,0.8443671464920044,0.0
20250530_191459_023.jpg,20250530_191459,23,FACA,C,0.8375744819641113,0.0
20250530_191459_024.jpg,20250530_191459,24,FACA,C,0.8236533403396606,0.0
20250530_191459_025.jpg,20250530_191459,25,FACA,C,0.8971102833747864,0.0
20250530_191459_026.jpg,20250530_191459,26,FACA,C,0.9103899598121643,0.0
20250530_191459_027.jpg,20250530_191459,27,FACA,C,0.909363865852356,0.0
20250530_191459_028.jpg,20250530_191459,28,FACA,C,0.9128124713897705,0.0
20250530_191459_029.jpg,20250530_191459,29,FACA,C,0.9117881655693054,0.0
20250530_191459_030.jpg,20250530_191459,30,FACA,C,0.88348788022995,0.0
20250530_191459_031.jpg,20250530_191459,31,FACA,C,0.8793899416923523,0.0
20250530_191459_032.jpg,20250530_191459,32,FACA,C,0.8823699355125427,0.0
20250530_191459_033.jpg,20250530_191459,33,FACA,C,0.8690446615219116,0.0
20250530_191459_034.jpg,20250530_191459,34,FACA,C,0.8821970820426941,0.0
20250530_191459_035.jpg,20250530_191459,35,FACA,C,0.8781030774116516,0.0
20250530_191459_036.jpg,20250530_191459,36,FACA,C,0.9036192893981934,0.0
20250530_191459_037.jpg,20250530_191459,37,FACA,C,0.9114784002304077,0.0
20250530_191459_038.jpg,20250530_191459,38,FACA,C,0.9016114473342896,0.0
20250530_191459_039.jpg,20250530_191459,39,FACA,C,0.9108961820602417,0.0
20250530_191459_040.jpg,20250530_191459,40,FACA,C,0.9002578258514404,0.0
20250530_191459_041.jpg,20250530_191459,41,FACA,C,0.8948577046394348,0.0
20250530_191459_042.jpg,20250530_191459,42,FACA,C,0.9054777026176453,0.0
20250530_191459_043.jpg,20250530_191459,43,FACA,C,0.9165863990783691,0.0
20250530_191459_044.jpg,20250530_191459,44,FACA,C,0.9016398191452026,0.0
20250530_191459_045.jpg,20250530_191459,45,FACA,C,0.8923376202583313,0.0
20250530_191459_046.jpg,20250530_191459,46,FACA,C,0.8837894797325134,0.0
20250530_191459_047.jpg,20250530_191459,47,FACA,C,0.8896247744560242,0.0
20250530_191459_048.jpg,20250530_191459,48,FACA,C,0.8958681225776672,0.0
20250530_191459_049.jpg,20250530_191459,49,FACA,C,0.8881064057350159,0.0
20250530_191459_050.jpg,20250530_191459,50,FACA,C,0.8857662677764893,0.0
20250530_191459_051.jpg,20250530_191459,51,FACA,C,0.9059051871299744,0.0
20250530_191459_052.jpg,20250530_191459,52,FACA,C,0.8787521719932556,0.0
20250530_191459_053.jpg,20250530_191459,53,FACA,C,0.884427547454834,0.0
20250530_191459_054.jpg,20250530_191459,54,FACA,C,0.8674195408821106,0.0
20250530_191459_055.jpg,20250530_191459,55,FACA,C,0.8729139566421509,0.0
20250530_191459_056.jpg,20250530_191459,56,FACA,C,0.8374408483505249,0.0
20250530_191459_057.jpg,20250530_191459,57,FACA,C,0.8107030391693115,0.0
20250530_191459_058.jpg,20250530_191459,58,FACA,C,0.8049660325050354,0.0
20250530_191459_059.jpg,20250530_191459,59,FACA,C,0.7959847450256348,0.0
20250530_191459_060.jpg,20250530_191459,60,FACA,C,0.7764672040939331,0.0
20250530_191459_061.jpg,20250530_191459,61,FACA,C,0.8056517243385315,0.0
20250530_191459_062.jpg,20250530_191459,62,FACA,C,0.8246870636940002,0.0
20250530_191459_063.jpg,20250530_191459,63,FACA,C,0.7954839468002319,0.0
20250530_191459_064.jpg,20250530_191459,64,FACA,C,0.792013943195343,0.0
20250530_191459_065.jpg,20250530_191459,65,FACA,C,0.7725699543952942,0.0
20250530_191459_066.jpg,20250530_191459,66,FACA,C,0.7248142957687378,0.0
20250530_191459_067.jpg,20250530_191459,67,FACA,C,0.5973232388496399,0.0
20250530_191459_068.jpg,20250530_191459,68,FACA,C,0.5103819966316223,0.0
20250530_191459_069.jpg,20250530_191459,69,normal,C,0.6462315917015076,0.0
20250530_191459_070.jpg,20250530_191459,70,FACA,C,0.6278569102287292,0.0
20250530_191459_071.jpg,20250530_191459,71,FACA,C,0.49670252203941345,0.0
20250530_191459_072.jpg,20250530_191459,72,FACA,C,0.3491736650466919,0.0
20250530_191459_073.jpg,20250530_191459,73,FACA,C,0.1411488801240921,0.0
20250530_191459_074.jpg,20250530_191459,74,FACA,C,0.20744283497333527,0.0
20250530_191459_075.jpg,20250530_191459,75,FACA,C,0.40274670720100403,0.0
20250530_191459_076.jpg,20250530_191459,76,FACA,C,0.4106699526309967,0.0
20250530_191459_077.jpg,20250530_191459,77,FACA,C,0.07777324318885803,0.0
20250530_191459_078.jpg,20250530_191459,78,normal,C,0.11306849867105484,0.0
20250530_191459_079.jpg,20250530_191459,79,FACA,C,0.08975278586149216,0.0
20250530_191459_080.jpg,20250530_191459,80,FACA,C,0.06632141023874283,0.0
20250530_191459_081.jpg,20250530_191459,81,FACA,C,0.0765080526471138,0.0
20250530_191459_082.jpg,20250530_191459,82,FACA,C,0.04795634746551514,0.0
20250530_191459_083.jpg,20250530_191459,83,FACA,C,0.04150417447090149,0.0
20250530_191459_084.jpg,20250530_191459,84,FACA,C,0.061369989067316055,0.0
20250530_191459_085.jpg,20250530_191459,85,FACA,C,0.14626803994178772,0.0
20250530_191459_086.jpg,20250530_191459,86,FACA,C,0.07971417903900146,0.0
20250530_191459_087.jpg,20250530_191459,87,FACA,C,0.3384753465652466,0.0
20250530_191459_088.jpg,20250530_191459,88,FACA,C,0.5750879645347595,0.0
20250530_191459_089.jpg,20250530_191459,89,FACA,C,0.5922749638557434,0.0
20250530_191459_090.jpg,20250530_191459,90,FACA,C,0.7130782008171082,0.0
20250530_191459_091.jpg,20250530_191459,91,FACA,C,0.6883124113082886,0.0
20250530_191459_092.jpg,20250530_191459,92,FACA,C,0.6919581294059753,0.0
20250530_191459_093.jpg,20250530_191459,93,FACA,C,0.7379148602485657,0.0
20250530_191459_094.jpg,20250530_191459,94,FACA,C,0.7538894414901733,0.0
20250530_191459_095.jpg,20250530_191459,95,FACA,C,0.7669897079467773,0.0
20250530_191459_096.jpg,20250530_191459,96,FACA,C,0.7875654697418213,0.0
20250530_191459_097.jpg,20250530_191459,97,FACA,C,0.8023962378501892,0.0
20250530_191459_098.jpg,20250530_191459,98,FACA,C,0.838447093963623,0.0
20250530_191459_099.jpg,20250530_191459,99,FACA,C,0.8670774102210999,0.0
20250530_191459_100.jpg,20250530_191459,100,FACA,C,0.8904021978378296,0.0
20250530_191519_001.jpg,20250530_191519,1,FACA,C,0.8121393322944641,0.0
20250530_191519_002.jpg,20250530_191519,2,FACA,C,0.809450089931488,0.0
20250530_191519_003.jpg,20250530_191519,3,FACA,C,0.8514589667320251,0.0
20250530_191519_004.jpg,20250530_191519,4,FACA,C,0.8308131098747253,0.0
20250530_191519_005.jpg,20250530_191519,5,FACA,C,0.8375712037086487,0.0
20250530_191519_006.jpg,20250530_191519,6,FACA,C,0.8380314707756042,0.0
20250530_191519_007.jpg,20250530_191519,7,FACA,C,0.8567813038825989,0.0
20250530_191519_008.jpg,20250530_191519,8,FACA,C,0.8758630156517029,0.0
20250530_191519_009.jpg,20250530_191519,9,FACA,C,0.8886219263076782,0.0
20250530_191519_010.jpg,20250530_191519,10,FACA,C,0.8972617983818054,0.0
20250530_191519_011.jpg,20250530_191519,11,FACA,C,0.8533248901367188,0.0
20250530_191519_012.jpg,20250530_191519,12,FACA,C,0.8712777495384216,0.0
20250530_191519_013.jpg,20250530_191519,13,FACA,C,0.8884478211402893,0.0
20250530_191519_014.jpg,20250530_191519,14,FACA,C,0.8876585960388184,0.0
20250530_191519_015.jpg,20250530_191519,15,FACA,C,0.8749739527702332,0.0
20250530_191519_016.jpg,20250530_191519,16,FACA,C,0.8646795153617859,0.0
20250530_191519_017.jpg,20250530_191519,17,FACA,C,0.8630207180976868,0.0
20250530_191519_018.jpg,20250530_191519,18,FACA,C,0.8439655900001526,0.0
20250530_191519_019.jpg,20250530_191519,19,FACA,C,0.9107935428619385,0.0
20250530_191519_020.jpg,20250530_191519,20,FACA,C,0.8931694030761719,0.0
20250530_191519_021.jpg,20250530_191519,21,FACA,C,0.9072810411453247,0.0
20250530_191519_022.jpg,20250530_191519,22,FACA,C,0.9105146527290344,0.0
20250530_191519_023.jpg,20250530_191519,23,FACA,C,0.8844794034957886,0.0
20250530_191519_024.jpg,20250530_191519,24,FACA,C,0.8674708604812622,0.0
20250530_191519_025.jpg,20250530_191519,25,FACA,C,0.8581295013427734,0.0
20250530_191519_026.jpg,20250530_191519,26,FACA,C,0.8719232678413391,0.0
20250530_191519_027.jpg,20250530_191519,27,FACA,C,0.8618782162666321,0.0
20250530_191519_028.jpg,20250530_191519,28,FACA,C,0.8848185539245605,0.0
20250530_191519_029.jpg,20250530_191519,29,FACA,C,0.8987588286399841,0.0
20250530_191519_030.jpg,20250530_191519,30,FACA,C,0.9022707939147949,0.0
20250530_191519_031.jpg,20250530_191519,31,FACA,C,0.9142441749572754,0.0
20250530_191519_032.jpg,20250530_191519,32,FACA,C,0.8892856240272522,0.0
20250530_191519_033.jpg,20250530_191519,33,FACA,C,0.8732437491416931,0.0
20250530_191519_034.jpg,20250530_191519,34,FACA,C,0.8603652715682983,0.0
20250530_191519_035.jpg,20250530_191519,35,FACA,C,0.8470869660377502,0.0
20250530_191519_036.jpg,20250530_191519,36,FACA,C,0.8904316425323486,0.0
20250530_191519_037.jpg,20250530_191519,37,FACA,C,0.8816264867782593,0.0
20250530_191519_038.jpg,20250530_191519,38,FACA,C,0.8088998794555664,0.0
20250530_191519_039.jpg,20250530_191519,39,FACA,C,0.8015721440315247,0.0
20250530_191519_040.jpg,20250530_191519,40,FACA,C,0.8000483512878418,0.0
20250530_191519_041.jpg,20250530_191519,41,FACA,C,0.7895547747612,0.0
20250530_191519_042.jpg,20250530_191519,42,FACA,C,0.8743799328804016,0.0
20250530_191519_043.jpg,20250530_191519,43,FACA,C,0.8902280926704407,0.0
20250530_191519_044.jpg,20250530_191519,44,FACA,C,0.896201491355896,0.0
20250530_191519_045.jpg,20250530_191519,45,FACA,C,0.8833047151565552,0.0
20250530_191519_046.jpg,20250530_191519,46,FACA,C,0.9013476967811584,0.0
20250530_191519_047.jpg,20250530_191519,47,FACA,C,0.8994110226631165,0.0
20250530_191519_048.jpg,20250530_191519,48,FACA,C,0.9048045873641968,0.0
20250530_191519_049.jpg,20250530_191519,49,FACA,C,0.8978074193000793,0.0
20250530_191519_050.jpg,20250530_191519,50,FACA,C,0.8920989632606506,0.0
20250530_191519_051.jpg,20250530_191519,51,FACA,C,0.8847906589508057,0.0
20250530_191519_052.jpg,20250530_191519,52,FACA,C,0.8972667455673218,0.0
20250530_191519_053.jpg,20250530_191519,53,FACA,C,0.893318772315979,0.0
20250530_191519_054.jpg,20250530_191519,54,FACA,C,0.9074586629867554,0.0
20250530_191519_055.jpg,20250530_191519,55,FACA,C,0.9296166896820068,0.0
20250530_191519_056.jpg,20250530_191519,56,FACA,C,0.8953520655632019,0.0
20250530_191519_057.jpg,20250530_191519,57,FACA,C,0.892902672290802,0.0
20250530_191519_058.jpg,20250530_191519,58,FACA,C,0.8939642906188965,0.0
20250530_191519_059.jpg,20250530_191519,59,FACA,C,0.8433165550231934,0.0
20250530_191519_060.jpg,20250530_191519,60,FACA,C,0.8644106388092041,0.0
20250530_191519_061.jpg,20250530_191519,61,FACA,C,0.806522786617279,0.0
20250530_191519_062.jpg,20250530_191519,62,FACA,C,0.8908315300941467,0.0
20250530_191519_063.jpg,20250530_191519,63,FACA,C,0.9148678183555603,0.0
20250530_191519_064.jpg,20250530_191519,64,FACA,C,0.8862662315368652,0.0
20250530_191519_065.jpg,20250530_191519,65,FACA,C,0.8970782160758972,0.0
20250530_191519_066.jpg,20250530_191519,66,FACA,C,0.9098280072212219,0.0
20250530_191519_067.jpg,20250530_191519,67,FACA,C,0.8969828486442566,0.0
20250530_191519_068.jpg,20250530_191519,68,FACA,C,0.8926456570625305,0.0
20250530_191519_069.jpg,20250530_191519,69,FACA,C,0.8757614493370056,0.0
20250530_191519_070.jpg,20250530_191519,70,FACA,C,0.8606330752372742,0.0
20250530_191519_071.jpg,20250530_191519,71,FACA,C,0.8333690762519836,0.0
20250530_191519_072.jpg,20250530_191519,72,FACA,C,0.8461725115776062,0.017586255446076393
20250530_191519_073.jpg,20250530_191519,73,FACA,C,0.8176562190055847,0.06443996727466583
20250530_191519_074.jpg,20250530_191519,74,FACA,C,0.8427588939666748,0.015270446427166462
20250530_191519_075.jpg,20250530_191519,75,FACA,C,0.8817124962806702,0.0
20250530_191519_076.jpg,20250530_191519,76,FACA,C,0.8372447490692139,0.0
20250530_191519_077.jpg,20250530_191519,77,FACA,C,0.852580726146698,0.0
20250530_191519_078.jpg,20250530_191519,78,FACA,C,0.8358858227729797,0.016828471794724464
20250530_191519_079.jpg,20250530_191519,79,FACA,C,0.862368106842041,0.0
20250530_191519_080.jpg,20250530_191519,80,FACA,C,0.8844303488731384,0.0
20250530_191519_081.jpg,20250530_191519,81,FACA,C,0.8599228262901306,0.0
20250530_191519_082.jpg,20250530_191519,82,FACA,C,0.8583182096481323,0.0
20250530_191519_083.jpg,20250530_191519,83,FACA,C,0.8462141752243042,0.0
20250530_191519_084.jpg,20250530_191519,84,FACA,C,0.862409234046936,0.0
20250530_191519_085.jpg,20250530_191519,85,FACA,C,0.8743603825569153,0.0
20250530_191519_086.jpg,20250530_191519,86,FACA,C,0.87362140417099,0.0
20250530_191519_087.jpg,20250530_191519,87,FACA,C,0.879849910736084,0.0
20250530_191519_088.jpg,20250530_191519,88,FACA,C,0.8902044296264648,0.0
20250530_191519_089.jpg,20250530_191519,89,FACA,C,0.879016101360321,0.0
20250530_191519_090.jpg,20250530_191519,90,FACA,C,0.867456316947937,0.0
20250530_191519_091.jpg,20250530_191519,91,FACA,C,0.8809913992881775,0.0
20250530_191519_092.jpg,20250530_191519,92,FACA,C,0.9147977828979492,0.0
20250530_191519_093.jpg,20250530_191519,93,FACA,C,0.8903132677078247,0.0
20250530_191519_094.jpg,20250530_191519,94,FACA,C,0.8891136646270752,0.0
20250530_191519_095.jpg,20250530_191519,95,FACA,C,0.892580509185791,0.0
20250530_191519_096.jpg,20250530_191519,96,FACA,C,0.8861203193664551,0.0
20250530_191519_097.jpg,20250530_191519,97,FACA,C,0.8937060236930847,0.0
20250530_191519_098.jpg,20250530_191519,98,FACA,C,0.8969106674194336,0.0
20250530_191519_099.jpg,20250530_191519,99,FACA,C,0.9017082452774048,0.0
20250530_191519_100.jpg,20250530_191519,100,FACA,C,0.893346905708313,0.0
20250530_191555_100.jpg,20250530_191555,100,ENFORCAR,C,0.0,0.8760613203048706
20250530_192025_002.jpg,20250530_192025,2,ENFORCAR,C,0.0,0.1967010647058487
20250530_192025_003.jpg,20250530_192025,3,normal,C,0.0,0.2714535593986511
20250530_192025_004.jpg,20250530_192025,4,normal,C,0.0,0.20143450796604156
20250530_192025_005.jpg,20250530_192025,5,ENFORCAR,C,0.0,0.47175660729408264
20250530_192025_007.jpg,20250530_192025,7,ENFORCAR,C,0.0,0.8302223086357117
20250530_192025_008.jpg,20250530_192025,8,normal,C,0.0,0.8323813676834106
20250530_192025_009.jpg,20250530_192025,9,normal,C,0.0,0.833823025226593
20250530_192025_010.jpg,20250530_192025,10,ENFORCAR,C,0.0,0.8348398804664612
20250530_192025_011.jpg,20250530_192025,11,ENFORCAR,C,0.0,0.8450286388397217
20250530_192025_013.jpg,20250530_192025,13,ENFORCAR,C,0.0,0.8250024318695068
20250530_192025_014.jpg,20250530_192025,14,ENFORCAR,C,0.0,0.8150721192359924
20250530_192025_015.jpg,20250530_192025,15,ENFORCAR,C,0.0,0.7618964314460754
20250530_192025_016.jpg,20250530_192025,16,ENFORCAR,C,0.0,0.7327722311019897
20250530_192025_017.jpg,20250530_192025,17,ENFORCAR,C,0.0,0.763616681098938
20250530_192025_018.jpg,20250530_192025,18,ENFORCAR,C,0.0,0.7585845589637756
20250530_192025_019.jpg,20250530_192025,19,ENFORCAR,C,0.0,0.778501570224762
20250530_192025_020.jpg,20250530_192025,20,ENFORCAR,C,0.0,0.7628653049468994
20250530_192025_021.jpg,20250530_192025,21,ENFORCAR,C,0.0,0.7662612199783325
20250530_192025_022.jpg,20250530_192025,22,ENFORCAR,C,0.0,0.8089799284934998
20250530_192025_023.jpg,20250530_192025,23,ENFORCAR,C,0.0,0.7812796235084534
20250530_192025_024.jpg,20250530_192025,24,ENFORCAR,C,0.0,0.821511447429657
20250530_192025_025.jpg,20250530_192025,25,ENFORCAR,C,0.0,0.8050996661186218
20250530_192025_026.jpg,20250530_192025,26,ENFORCAR,C,0.0,0.7699119448661804
20250530_192025_027.jpg,20250530_192025,27,ENFORCAR,C,0.0,0.7759435772895813
20250530_192025_028.jpg,20250530_192025,28,ENFORCAR,C,0.0,0.8132038712501526
20250530_192025_029.jpg,20250530_192025,29,ENFORCAR,C,0.0,0.8313762545585632
20250530_192025_030.jpg,20250530_192025,30,ENFORCAR,C,0.0,0.8162831664085388
20250530_192025_031.jpg,20250530_192025,31,ENFORCAR,C,0.0,0.849114716053009
20250530_192025_032.jpg,20250530_192025,32,ENFORCAR,C,0.0,0.8173353672027588
20250530_192025_033.jpg,20250530_192025,33,ENFORCAR,C,0.0,0.7945255637168884
20250530_192025_034.jpg,20250530_192025,34,ENFORCAR,C,0.0,0.8114310503005981
20250530_192025_035.jpg,20250530_192025,35,ENFORCAR,C,0.0,0.8366214036941528
20250530_192025_036.jpg,20250530_192025,36,ENFORCAR,C,0.0,0.7934185266494751
20250530_192025_037.jpg,20250530_192025,37,ENFORCAR,C,0.0,0.7196020483970642
20250530_192025_038.jpg,20250530_192025,38,ENFORCAR,C,0.0,0.7105748653411865
20250530_192025_039.jpg,20250530_192025,39,ENFORCAR,C,0.0,0.6715412735939026
20250530_192025_040.jpg,20250530_192025,40,ENFORCAR,C,0.0,0.636250376701355
20250530_192025_041.jpg,20250530_192025,41,ENFORCAR,C,0.0,0.7250250577926636
20250530_192025_042.jpg,20250530_192025,42,ENFORCAR,C,0.0,0.7600021958351135
20250530_192025_043.jpg,20250530_192025,43,ENFORCAR,C,0.0,0.7584128975868225
20250530_192025_044.jpg,20250530_192025,44,ENFORCAR,C,0.0,0.7482119798660278
20250530_192025_045.jpg,20250530_192025,45,ENFORCAR,C,0.0,0.7444881200790405
20250530_192025_046.jpg,20250530_192025,46,normal,C,0.0,0.681829571723938
20250530_192025_047.jpg,20250530_192025,47,ENFORCAR,C,0.0,0.727296769618988
20250530_192025_048.jpg,20250530_192025,48,ENFORCAR,C,0.0,0.7904070019721985
20250530_192025_049.jpg,20250530_192025,49,ENFORCAR,C,0.0,0.7971792221069336
20250530_192025_050.jpg,20250530_192025,50,ENFORCAR,C,0.0,0.784966766834259
20250530_192025_051.jpg,20250530_192025,51,ENFORCAR,C,0.0,0.7659476399421692
20250530_192025_052.jpg,20250530_192025,52,ENFORCAR,C,0.0,0.7452583909034729
20250530_192025_053.jpg,20250530_192025,53,ENFORCAR,C,0.0,0.8085060715675354
20250530_192025_054.jpg,20250530_192025,54,ENFORCAR,C,0.0,0.7770135998725891
20250530_192025_055.jpg,20250530_192025,55,ENFORCAR,C,0.0,0.7900148034095764
20250530_192025_056.jpg,20250530_192025,56,ENFORCAR,C,0.0,0.8178325295448303
20250530_192025_057.jpg,20250530_192025,57,ENFORCAR,C,0.0,0.8538508415222168
20250530_192025_058.jpg,20250530_192025,58,ENFORCAR,C,0.0,0.8564738631248474
20250530_192025_059.jpg,20250530_192025,59,ENFORCAR,C,0.0,0.8619809150695801
20250530_192025_060.jpg,20250530_192025,60,ENFORCAR,C,0.0,0.850450336933136
20250530_192025_061.jpg,20250530_192025,61,ENFORCAR,C,0.0,0.8406936526298523
20250530_192025_062.jpg,20250530_192025,62,ENFORCAR,C,0.0,0.8418682217597961
20250530_192025_063.jpg,20250530_192025,63,ENFORCAR,C,0.0,0.8086211681365967
20250530_192025_064.jpg,20250530_192025,64,ENFORCAR,C,0.0,0.795025646686554
20250530_192025_065.jpg,20250530_192025,65,ENFORCAR,C,0.0,0.7893092036247253
20250530_192025_066.jpg,20250530_192025,66,ENFORCAR,C,0.0,0.7811441421508789
20250530_192025_067.jpg,20250530_192025,67,ENFORCAR,C,0.0,0.779183566570282
20250530_192025_068.jpg,20250530_192025,68,ENFORCAR,C,0.0,0.6688945889472961
20250530_192025_069.jpg,20250530_192025,69,ENFORCAR,C,0.0,0.6720818877220154
20250530_192025_070.jpg,20250530_192025,70,ENFORCAR,C,0.0,0.7401494383811951
20250530_192025_071.jpg,20250530_192025,71,ENFORCAR,C,0.0,0.6629603505134583
20250530_192025_072.jpg,20250530_192025,72,ENFORCAR,C,0.0,0.664310097694397
20250530_192025_073.jpg,20250530_192025,73,ENFORCAR,C,0.0,0.6563158631324768
20250530_192025_074.jpg,20250530_192025,74,ENFORCAR,C,0.0,0.7361946105957031
20250530_192025_075.jpg,20250530_192025,75,ENFORCAR,C,0.0,0.7166159749031067
20250530_192025_076.jpg,20250530_192025,76,ENFORCAR,C,0.0,0.7283986210823059
20250530_192025_077.jpg,20250530_192025,77,ENFORCAR,C,0.0,0.719517707824707
20250530_192025_078.jpg,20250530_192025,78,ENFORCAR,C,0.0,0.7102394700050354
20250530_192025_079.jpg,20250530_192025,79,ENFORCAR,C,0.0,0.6966118216514587
20250530_192025_080.jpg,20250530_192025,80,ENFORCAR,C,0.0,0.7259425520896912
20250530_192025_081.jpg,20250530_192025,81,ENFORCAR,C,0.0,0.6073977947235107
20250530_192025_082.jpg,20250530_192025,82,ENFORCAR,C,0.0,0.5546384453773499
20250530_192025_083.jpg,20250530_192025,83,ENFORCAR,C,0.0,0.4016960561275482
20250530_192025_084.jpg,20250530_192025,84,ENFORCAR,C,0.0,0.5377519130706787
20250530_192025_085.jpg,20250530_192025,85,ENFORCAR,C,0.0,0.5141182541847229
20250530_192025_086.jpg,20250530_192025,86,ENFORCAR,C,0.0,0.5738418102264404
20250530_192025_087.jpg,20250530_192025,87,ENFORCAR,C,0.0,0.5282564163208008
20250530_192025_088.jpg,20250530_192025,88,ENFORCAR,C,0.0,0.5799838304519653
20250530_192025_089.jpg,20250530_192025,89,ENFORCAR,C,0.0,0.5619432330131531
20250530_192025_090.jpg,20250530_192025,90,ENFORCAR,C,0.0,0.6040740013122559
20250530_192025_091.jpg,20250530_192025,91,ENFORCAR,C,0.0,0.6460748910903931
20250530_192025_092.jpg,20250530_192025,92,ENFORCAR,C,0.0,0.6963963508605957
20250530_192025_093.jpg,20250530_192025,93,ENFORCAR,C,0.0,0.7144667506217957
20250530_192025_094.jpg,20250530_192025,94,ENFORCAR,C,0.0,0.6781517267227173
20250530_192025_095.jpg,20250530_192025,95,ENFORCAR,C,0.0,0.6941644549369812
20250530_192025_096.jpg,20250530_192025,96,ENFORCAR,C,0.0,0.659421443939209
20250530_192025_097.jpg,20250530_192025,97,ENFORCAR,C,0.0,0.6772958040237427
20250530_192025_098.jpg,20250530_192025,98,ENFORCAR,C,0.0,0.6787973642349243
20250530_192025_099.jpg,20250530_192025,99,ENFORCAR,C,0.0,0.6811133623123169
20250530_192025_100.jpg,20250530_192025,100,ENFORCAR,C,0.0,0.6335964798927307
