arquivo,clipe,quadro,rotulo,split_roboflow,faca_n,faca_s,faca_m,pessoas_n,outro_n,proprio_n,pessoas_s,outro_s,proprio_s
20250530_190801_001.jpg,20250530_190801,1,normal,test,0.0,0.0,0.0,3,1.084946870803833,1.2789360284805298,3,1.0386983156204224,inf
20250530_190801_002.jpg,20250530_190801,2,normal,train,0.0,0.0,0.0,3,1.0857800245285034,1.2926766872406006,3,1.0418473482131958,1.4207695722579956
20250530_190801_003.jpg,20250530_190801,3,normal,train,0.0,0.0,0.0,3,1.0851120948791504,1.3002309799194336,3,1.0280811786651611,inf
20250530_190801_006.jpg,20250530_190801,6,normal,train,0.0,0.0,0.0,3,1.0423851013183594,1.2389228343963623,3,1.0575919151306152,inf
20250530_190801_007.jpg,20250530_190801,7,normal,train,0.0,0.0,0.0,3,inf,inf,3,1.0454332828521729,1.2984343767166138
20250530_190801_008.jpg,20250530_190801,8,normal,train,0.0,0.0,0.0,3,1.4600285291671753,1.1564501523971558,3,1.0580847263336182,1.3513962030410767
20250530_190801_009.jpg,20250530_190801,9,normal,train,0.0,0.0,0.0,3,1.0099878311157227,inf,3,1.0809659957885742,1.3140537738800049
20250530_190801_012.jpg,20250530_190801,12,normal,train,0.0,0.0,0.0,3,0.9729699492454529,inf,3,1.0368448495864868,1.3001627922058105
20250530_190801_013.jpg,20250530_190801,13,normal,valid,0.0,0.0,0.0,3,0.9648796319961548,inf,4,1.0151538848876953,1.316089391708374
20250530_190801_015.jpg,20250530_190801,15,normal,train,0.0,0.0,0.0,3,0.9991066455841064,inf,3,1.0028858184814453,1.3435388803482056
20250530_190801_016.jpg,20250530_190801,16,normal,valid,0.0,0.0,0.0,3,0.9331738948822021,inf,3,0.9794448018074036,1.3359776735305786
20250530_190801_017.jpg,20250530_190801,17,normal,train,0.0,0.0,0.0,3,0.9600957632064819,inf,3,0.9703819155693054,1.3641968965530396
20250530_190801_018.jpg,20250530_190801,18,normal,train,0.0,0.0,0.0,3,0.9828505516052246,inf,3,0.9570103883743286,1.345192790031433
20250530_190801_019.jpg,20250530_190801,19,normal,train,0.0,0.0,0.0,3,0.9564568400382996,inf,3,1.0123456716537476,1.3710962533950806
20250530_190801_021.jpg,20250530_190801,21,normal,train,0.0,0.0,0.0,3,0.669809103012085,1.1463797092437744,3,1.0212202072143555,1.3607946634292603
20250530_190801_022.jpg,20250530_190801,22,normal,valid,0.0,0.0,0.0,3,0.9812746644020081,inf,3,0.9878307580947876,1.3292362689971924
20250530_190801_023.jpg,20250530_190801,23,normal,train,0.0,0.022752029821276665,0.0,3,1.40751314163208,inf,3,1.0113378763198853,1.349242091178894
20250530_190801_024.jpg,20250530_190801,24,normal,valid,0.0,0.0,0.0,3,1.4541492462158203,inf,3,1.0263266563415527,1.309247374534607
20250530_190801_025.jpg,20250530_190801,25,normal,train,0.0,0.0,0.0,3,1.3708897829055786,inf,3,1.05596923828125,1.3377054929733276
20250530_190801_026.jpg,20250530_190801,26,normal,train,0.0,0.0,0.0,3,1.4671746492385864,inf,3,1.0356264114379883,1.3214187622070312
20250530_190801_027.jpg,20250530_190801,27,normal,train,0.0,0.0,0.0,3,1.474599003791809,inf,3,1.0251227617263794,1.3335726261138916
20250530_190801_028.jpg,20250530_190801,28,normal,train,0.0,0.0,0.0,3,1.3633925914764404,inf,3,0.9753246307373047,1.3559268712997437
20250530_190801_029.jpg,20250530_190801,29,normal,train,0.0,0.0,0.016872497275471687,3,1.376918077468872,inf,4,0.9873417615890503,1.3888585567474365
20250530_190801_030.jpg,20250530_190801,30,normal,valid,0.0,0.0,0.0,3,1.4846736192703247,inf,3,0.909520149230957,1.4252955913543701
20250530_190801_031.jpg,20250530_190801,31,normal,train,0.0,0.0,0.0,3,1.4745092391967773,inf,3,0.8587973117828369,1.415079951286316
20250530_190801_032.jpg,20250530_190801,32,normal,test,0.0,0.0,0.0,3,0.921861469745636,inf,3,0.8496776223182678,1.4043093919754028
20250530_190801_033.jpg,20250530_190801,33,normal,train,0.0,0.0,0.0,3,0.9434279799461365,inf,3,0.8447752594947815,1.4294806718826294
20250530_190801_034.jpg,20250530_190801,34,normal,train,0.0,0.0,0.010278872214257717,3,0.9368292689323425,inf,3,0.8821101784706116,1.4446300268173218
20250530_190801_035.jpg,20250530_190801,35,normal,train,0.0,0.0,0.0,3,0.9900140762329102,inf,3,0.8030295968055725,1.435447335243225
20250530_190801_036.jpg,20250530_190801,36,normal,train,0.0,0.0,0.012926160357892513,3,1.0827853679656982,inf,3,0.8089957237243652,1.4992504119873047
20250530_190801_037.jpg,20250530_190801,37,normal,train,0.0,0.0,0.0,3,1.2511441707611084,inf,3,0.8592168688774109,1.529671549797058
20250530_190801_038.jpg,20250530_190801,38,normal,train,0.0,0.0,0.0,3,1.3573544025421143,inf,3,0.9184712171554565,1.5656489133834839
20250530_190801_039.jpg,20250530_190801,39,normal,valid,0.0,0.0,0.0,3,1.1325401067733765,inf,3,1.0633723735809326,1.567640781402588
20250530_190801_040.jpg,20250530_190801,40,normal,train,0.0,0.0,0.0,3,1.179282307624817,inf,3,1.0042107105255127,1.592347502708435
20250530_190801_041.jpg,20250530_190801,41,normal,train,0.0,0.0,0.0,3,0.7659822702407837,1.53998601436615,3,1.1345856189727783,inf
20250530_190801_042.jpg,20250530_190801,42,normal,train,0.0,0.0,0.0,3,1.1248447895050049,inf,3,1.0818032026290894,inf
20250530_190801_043.jpg,20250530_190801,43,normal,test,0.0,0.0,0.0,3,1.1817448139190674,inf,3,1.057784914970398,inf
20250530_190801_044.jpg,20250530_190801,44,normal,train,0.0,0.0,0.0,3,1.1452525854110718,inf,3,1.0583285093307495,inf
20250530_190801_045.jpg,20250530_190801,45,normal,train,0.0,0.014147086068987846,0.013645356521010399,3,1.1397597789764404,inf,3,1.051718831062317,inf
20250530_190801_047.jpg,20250530_190801,47,normal,valid,0.0,0.0,0.0,3,1.628279209136963,inf,3,0.6168462038040161,1.4504904747009277
20250530_190801_048.jpg,20250530_190801,48,normal,train,0.0,0.0,0.011389927007257938,3,1.1468650102615356,inf,3,0.6234606504440308,1.4482831954956055
20250530_190801_050.jpg,20250530_190801,50,normal,train,0.0,0.0,0.0,3,1.0767253637313843,inf,3,0.6305943727493286,1.34280526638031
20250530_190801_052.jpg,20250530_190801,52,normal,train,0.0,0.0,0.0,3,1.0269936323165894,inf,3,0.9996685981750488,1.3104573488235474
20250530_190801_053.jpg,20250530_190801,53,normal,train,0.0,0.0,0.0,3,0.9681772589683533,inf,3,0.93426513671875,1.3237824440002441
20250530_190801_054.jpg,20250530_190801,54,normal,train,0.0,0.0,0.0,3,0.9897695183753967,inf,3,0.964989185333252,1.3079620599746704
20250530_190801_055.jpg,20250530_190801,55,normal,test,0.0,0.0,0.0,3,0.9744758605957031,inf,3,0.9078739881515503,1.2921079397201538
20250530_190801_056.jpg,20250530_190801,56,normal,test,0.0,0.0,0.0,3,0.9683201313018799,inf,3,0.8574161529541016,1.3045283555984497
20250530_190801_057.jpg,20250530_190801,57,normal,train,0.0,0.0,0.020932164043188095,3,0.9615522623062134,inf,3,0.8677622675895691,1.3177473545074463
20250530_190801_058.jpg,20250530_190801,58,normal,train,0.0,0.0,0.0,3,0.9681418538093567,inf,3,0.9892138242721558,1.2814154624938965
20250530_190801_059.jpg,20250530_190801,59,normal,train,0.0,0.0,0.02231558971107006,3,1.2186704874038696,inf,3,0.9457975625991821,1.2736523151397705
20250530_190801_060.jpg,20250530_190801,60,normal,train,0.0,0.0,0.011266758665442467,3,0.912071704864502,inf,3,0.874848484992981,1.3218106031417847
20250530_190801_061.jpg,20250530_190801,61,normal,train,0.0,0.015138731338083744,0.0,3,1.326768159866333,inf,3,0.8625161647796631,1.306109070777893
20250530_190801_062.jpg,20250530_190801,62,normal,train,0.0,0.0,0.0,3,1.3318872451782227,inf,3,0.8656800985336304,1.3191121816635132
20250530_190801_063.jpg,20250530_190801,63,normal,train,0.0,0.0,0.013271783478558064,3,inf,inf,3,0.8066566586494446,1.2859282493591309
20250530_190801_064.jpg,20250530_190801,64,normal,test,0.0,0.0,0.0,3,0.8975593447685242,inf,3,0.8895378112792969,1.309507131576538
20250530_190801_065.jpg,20250530_190801,65,normal,train,0.0,0.0,0.0,3,0.8841301202774048,inf,3,0.896209180355072,1.2779567241668701
20250530_190801_067.jpg,20250530_190801,67,normal,valid,0.0,0.0,0.055650223046541214,3,0.9338514804840088,inf,3,0.7945728898048401,1.2521626949310303
20250530_190801_069.jpg,20250530_190801,69,normal,valid,0.0,0.0,0.07375794649124146,3,0.9652989506721497,inf,3,0.8913052082061768,1.2572945356369019
20250530_190801_070.jpg,20250530_190801,70,normal,train,0.0,0.0,0.07065847516059875,3,0.9266687035560608,inf,3,0.8968518972396851,1.2531700134277344
20250530_190801_071.jpg,20250530_190801,71,normal,train,0.0,0.0,0.0,3,0.9101191163063049,inf,4,0.9178008437156677,1.2627424001693726
20250530_190801_072.jpg,20250530_190801,72,normal,train,0.0,0.0,0.0,3,0.888343870639801,inf,3,0.9457715749740601,1.293799877166748
20250530_190801_073.jpg,20250530_190801,73,normal,train,0.0,0.0,0.0,3,inf,inf,3,0.9325350522994995,1.280818223953247
20250530_190801_074.jpg,20250530_190801,74,normal,valid,0.0,0.0,0.0,3,inf,inf,3,0.9090425968170166,1.2179265022277832
20250530_190801_075.jpg,20250530_190801,75,normal,valid,0.0,0.0,0.0,3,1.3126182556152344,inf,3,0.9376058578491211,1.259924054145813
20250530_190801_076.jpg,20250530_190801,76,normal,train,0.0,0.0,0.0,3,0.8825620412826538,inf,3,0.9323488473892212,1.2244188785552979
20250530_190801_077.jpg,20250530_190801,77,normal,train,0.0,0.0,0.0,3,1.0859936475753784,inf,3,0.9646831154823303,1.2116649150848389
20250530_190801_078.jpg,20250530_190801,78,normal,train,0.0,0.0,0.0,3,0.9396995902061462,inf,3,0.9493711590766907,1.2206867933273315
20250530_190801_079.jpg,20250530_190801,79,normal,train,0.0,0.012582210823893547,0.0,3,0.9773290753364563,inf,3,0.9574220776557922,1.2239617109298706
20250530_190801_080.jpg,20250530_190801,80,normal,valid,0.0,0.0,0.0,3,0.9449209570884705,inf,3,0.971481204032898,1.1842999458312988
20250530_190801_081.jpg,20250530_190801,81,normal,test,0.0,0.012054353021085262,0.0,3,0.958056628704071,inf,3,0.9361763596534729,1.1981568336486816
20250530_190801_082.jpg,20250530_190801,82,normal,valid,0.0,0.0,0.0,3,1.0198965072631836,inf,3,0.9383143782615662,1.2146903276443481
20250530_190801_083.jpg,20250530_190801,83,normal,train,0.0,0.0,0.0,3,1.0044746398925781,inf,3,0.9480352401733398,1.2068296670913696
20250530_190801_084.jpg,20250530_190801,84,normal,train,0.0,0.0,0.0,3,1.0107282400131226,inf,3,0.9304324984550476,1.2142581939697266
20250530_190801_085.jpg,20250530_190801,85,normal,train,0.0,0.0,0.0,3,1.0538766384124756,inf,3,0.9253833889961243,1.2029098272323608
20250530_190801_086.jpg,20250530_190801,86,normal,train,0.0,0.0,0.0,3,1.1037403345108032,inf,3,0.9723113179206848,1.2338078022003174
20250530_190801_087.jpg,20250530_190801,87,normal,train,0.0,0.0,0.0,3,1.1100986003875732,inf,3,0.9521670937538147,1.241231083869934
20250530_190801_088.jpg,20250530_190801,88,normal,train,0.0,0.0,0.0,3,1.1476925611495972,inf,3,0.9894856214523315,1.2651456594467163
20250530_190801_089.jpg,20250530_190801,89,normal,train,0.0,0.0,0.0,3,1.1240742206573486,inf,3,1.0023391246795654,1.259700894355774
20250530_190801_090.jpg,20250530_190801,90,normal,train,0.0,0.03261967748403549,0.0,3,1.2139582633972168,inf,3,1.0122499465942383,1.2672566175460815
20250530_190801_091.jpg,20250530_190801,91,normal,train,0.0,0.0,0.0,3,1.2440576553344727,inf,3,0.9746228456497192,1.251186490058899
20250530_190801_092.jpg,20250530_190801,92,normal,train,0.0,0.0,0.0,3,1.1471318006515503,inf,3,1.0149160623550415,1.2663410902023315
20250530_190801_093.jpg,20250530_190801,93,normal,valid,0.0,0.010706513188779354,0.0,3,1.1324892044067383,inf,3,0.9699016213417053,1.2366831302642822
20250530_190801_094.jpg,20250530_190801,94,normal,train,0.0,0.011458712629973888,0.0,3,1.155521273612976,inf,3,0.9994246959686279,1.251307487487793
20250530_190801_096.jpg,20250530_190801,96,normal,train,0.0,0.02026841603219509,0.0,3,1.1195111274719238,inf,4,0.9101938605308533,1.2069035768508911
20250530_190801_097.jpg,20250530_190801,97,normal,valid,0.0,0.0,0.0,3,1.0071947574615479,inf,5,0.8834963440895081,1.2294607162475586
20250530_190801_098.jpg,20250530_190801,98,normal,train,0.0,0.0,0.0,3,1.0213855504989624,inf,5,0.9712663292884827,1.2538368701934814
20250530_190801_099.jpg,20250530_190801,99,normal,train,0.0,0.0,0.0,3,1.0571032762527466,inf,5,0.94449383020401,1.233641505241394
20250530_190801_100.jpg,20250530_190801,100,normal,train,0.0,0.044984713196754456,0.0,4,1.0093481540679932,inf,5,0.9726046919822693,1.2602522373199463
20250530_190936_001.jpg,20250530_190936,1,FACA,train,0.0,0.0,0.0,2,inf,inf,4,0.5721975564956665,1.2515413761138916
20250530_190936_002.jpg,20250530_190936,2,FACA,valid,0.0,0.0,0.0,3,1.9387617111206055,inf,5,0.584585964679718,1.2649272680282593
20250530_190936_003.jpg,20250530_190936,3,FACA,valid,0.0,0.0,0.0,4,1.217467188835144,inf,5,0.57933109998703,1.2579014301300049
20250530_190936_004.jpg,20250530_190936,4,FACA,train,0.0,0.0,0.01733759604394436,3,1.9416621923446655,inf,4,0.5881751775741577,1.2550415992736816
20250530_190936_005.jpg,20250530_190936,5,FACA,test,0.0,0.0,0.040185827761888504,3,1.7436778545379639,inf,5,1.1114721298217773,inf
20250530_190936_006.jpg,20250530_190936,6,FACA,train,0.0,0.0,0.0,2,inf,inf,5,0.5674064755439758,1.2662386894226074
20250530_190936_007.jpg,20250530_190936,7,FACA,valid,0.0,0.0,0.021657684817910194,2,inf,inf,4,0.5387713313102722,1.2446032762527466
20250530_190936_008.jpg,20250530_190936,8,FACA,train,0.0,0.0,0.04191121831536293,2,inf,inf,4,0.5758286118507385,1.2309561967849731
20250530_190936_009.jpg,20250530_190936,9,FACA,train,0.0,0.0,0.029205873608589172,3,1.0900630950927734,inf,6,0.561181366443634,1.2796565294265747
20250530_190936_010.jpg,20250530_190936,10,FACA,train,0.0,0.0,0.0,3,1.142094373703003,inf,5,0.5484073162078857,1.2707325220108032
20250530_190936_011.jpg,20250530_190936,11,FACA,valid,0.0,0.014480500482022762,0.037790585309267044,4,1.097403645515442,inf,6,0.5585947036743164,1.2561336755752563
20250530_190936_012.jpg,20250530_190936,12,FACA,train,0.0,0.0,0.0,3,1.5272345542907715,inf,5,0.5129858255386353,1.2589703798294067
20250530_190936_013.jpg,20250530_190936,13,FACA,valid,0.0,0.0,0.0,4,1.1332849264144897,inf,4,1.2068400382995605,inf
20250530_190936_014.jpg,20250530_190936,14,FACA,train,0.0,0.010723167099058628,0.0,4,1.1178537607192993,inf,4,1.1391756534576416,inf
20250530_190936_015.jpg,20250530_190936,15,FACA,valid,0.0,0.01967529207468033,0.0,2,inf,inf,4,0.5071662068367004,1.2138341665267944
20250530_190936_016.jpg,20250530_190936,16,FACA,valid,0.0,0.0,0.0,4,1.1252741813659668,inf,4,0.5102782845497131,1.197981357574463
20250530_190936_017.jpg,20250530_190936,17,FACA,train,0.0,0.0,0.0,4,1.5697014331817627,inf,4,0.533647894859314,1.1878092288970947
20250530_190936_018.jpg,20250530_190936,18,FACA,valid,0.0,0.0,0.0,3,1.2880910634994507,inf,5,0.4699866771697998,1.168846845626831
20250530_190936_019.jpg,20250530_190936,19,FACA,train,0.0,0.0,0.0,4,1.2452962398529053,inf,5,0.5247134566307068,1.166707158088684
20250530_190936_020.jpg,20250530_190936,20,FACA,valid,0.0,0.0,0.0,4,1.0622752904891968,inf,5,0.5417250990867615,1.0657719373703003
20250530_190936_021.jpg,20250530_190936,21,FACA,train,0.0,0.0,0.0,3,1.21983003616333,inf,5,0.56564861536026,0.9536611437797546
20250530_190936_022.jpg,20250530_190936,22,FACA,train,0.0,0.0,0.0,3,1.0789241790771484,inf,5,0.6054564714431763,0.9157266616821289
20250530_190936_023.jpg,20250530_190936,23,FACA,train,0.0,0.0,0.0,3,1.0425270795822144,inf,4,0.5693668723106384,0.8899698853492737
20250530_190936_024.jpg,20250530_190936,24,FACA,train,0.0,0.0,0.0,4,1.0304992198944092,inf,5,0.5633037090301514,0.8661614060401917
20250530_190936_025.jpg,20250530_190936,25,FACA,train,0.013787678442895412,0.0,0.0,3,1.0956342220306396,inf,6,0.5998079180717468,0.7473806142807007
20250530_190936_026.jpg,20250530_190936,26,FACA,train,0.019444061443209648,0.0,0.0,3,1.0660613775253296,inf,6,0.5876398682594299,0.8521851897239685
20250530_190936_027.jpg,20250530_190936,27,FACA,valid,0.018368788063526154,0.08649693429470062,0.41855838894844055,4,1.001990556716919,inf,5,0.5495201945304871,0.8389069437980652
20250530_190936_028.jpg,20250530_190936,28,FACA,valid,0.030100712552666664,0.0,0.07938244193792343,3,1.079423427581787,inf,5,0.5536903142929077,0.8346431851387024
20250530_190936_029.jpg,20250530_190936,29,FACA,train,0.0,0.014934908598661423,0.09945423901081085,3,1.0506408214569092,inf,5,0.5856676697731018,0.8428125977516174
20250530_190936_030.jpg,20250530_190936,30,FACA,train,0.0,0.0,0.013844364322721958,3,0.4974784851074219,0.7494640350341797,5,0.5715780258178711,0.8212352395057678
20250530_190936_031.jpg,20250530_190936,31,FACA,train,0.0,0.0,0.0,4,0.5723639130592346,0.7417749166488647,4,0.5846742987632751,0.7867180109024048
20250530_190936_032.jpg,20250530_190936,32,FACA,valid,0.01738753728568554,0.0,0.0,2,0.5474987626075745,0.718770444393158,3,0.5017081499099731,0.8204569220542908
20250530_190936_033.jpg,20250530_190936,33,FACA,test,0.0,0.0,0.0,4,0.9927816987037659,inf,4,0.40421682596206665,0.7909600734710693
20250530_190936_034.jpg,20250530_190936,34,FACA,train,0.0,0.0,0.0,3,0.676916241645813,0.8749090433120728,4,0.5055187940597534,0.748207151889801
20250530_190936_035.jpg,20250530_190936,35,FACA,valid,0.0,0.012782537378370762,0.07732712477445602,4,0.7325748205184937,0.8273146748542786,5,0.43102797865867615,0.7581601738929749
20250530_190936_036.jpg,20250530_190936,36,FACA,train,0.017982833087444305,0.027308188378810883,0.016074394807219505,4,0.6857830882072449,0.8902267217636108,3,0.4307851493358612,0.679358959197998
20250530_190936_037.jpg,20250530_190936,37,FACA,train,0.0,0.025739135220646858,0.0,3,0.6594892740249634,0.8484600782394409,4,0.4913982152938843,0.6395642161369324
20250530_190936_038.jpg,20250530_190936,38,FACA,train,0.0,0.0,0.0,3,0.5424724221229553,0.6845686435699463,3,0.46623748540878296,0.6326665282249451
20250530_190936_039.jpg,20250530_190936,39,FACA,train,0.0,0.0,0.0,3,0.5884926319122314,0.6679544448852539,5,0.4508231282234192,0.6715139150619507
20250530_190936_040.jpg,20250530_190936,40,FACA,train,0.0,0.0,0.0,3,0.4455309212207794,0.6507601737976074,4,0.5341892838478088,0.6074842214584351
20250530_190936_041.jpg,20250530_190936,41,FACA,train,0.0,0.018519485369324684,0.011776681989431381,2,0.41770219802856445,0.7081770896911621,4,0.4301849901676178,0.7069188952445984
20250530_190936_042.jpg,20250530_190936,42,FACA,valid,0.0,0.0,0.0,4,0.4452741742134094,0.6524314880371094,2,0.45809000730514526,0.6403732299804688
20250530_190936_043.jpg,20250530_190936,43,FACA,valid,0.0,0.0,0.01933998428285122,2,0.44982630014419556,0.6382144689559937,3,0.41721171140670776,0.7127497792243958
20250530_190936_044.jpg,20250530_190936,44,FACA,test,0.0,0.0,0.0,3,0.4525561034679413,0.6260309219360352,2,0.44163164496421814,0.6301242709159851
20250530_190936_045.jpg,20250530_190936,45,FACA,train,0.0,0.0,0.01171466801315546,3,0.4548672139644623,0.5925607681274414,3,0.45576128363609314,0.6132453083992004
20250530_190936_046.jpg,20250530_190936,46,FACA,valid,0.0,0.0,0.015508036129176617,2,0.47527268528938293,0.6073494553565979,5,0.4871944189071655,0.572619616985321
20250530_190936_047.jpg,20250530_190936,47,FACA,train,0.0,0.0,0.0397481694817543,2,0.44387564063072205,0.6361170411109924,5,0.43827658891677856,0.6235343813896179
20250530_190936_048.jpg,20250530_190936,48,FACA,train,0.0,0.0,0.016969043761491776,3,0.48195385932922363,0.5729081630706787,3,0.47384005784988403,0.5995237827301025
20250530_190936_049.jpg,20250530_190936,49,FACA,test,0.0,0.0,0.018947849050164223,3,0.46593597531318665,0.6071720123291016,5,0.4151252210140228,0.6475663781166077
20250530_190936_050.jpg,20250530_190936,50,FACA,test,0.0,0.0,0.0,3,1.4045032262802124,0.6582768559455872,5,0.44733357429504395,0.6393924951553345
20250530_190936_051.jpg,20250530_190936,51,FACA,train,0.0,0.013579064048826694,0.0,3,1.3970338106155396,0.6881178617477417,6,0.4522145390510559,0.6453040242195129
20250530_190936_052.jpg,20250530_190936,52,FACA,train,0.0,0.018975401297211647,0.012883367948234081,4,0.3998631238937378,0.8468248248100281,5,0.36281514167785645,0.835211992263794
20250530_190936_053.jpg,20250530_190936,53,FACA,train,0.011243908666074276,0.02220393903553486,0.013070520013570786,3,1.4263123273849487,inf,4,0.40236568450927734,0.7421138882637024
20250530_190936_054.jpg,20250530_190936,54,FACA,train,0.0,0.0,0.0,4,1.117844581604004,inf,4,0.4211020767688751,0.7108489871025085
20250530_190936_055.jpg,20250530_190936,55,FACA,train,0.0,0.0,0.0,3,inf,inf,5,0.55943763256073,0.7087303400039673
20250530_190936_056.jpg,20250530_190936,56,FACA,train,0.0,0.0,0.0,3,inf,inf,5,0.5722509622573853,0.782142162322998
20250530_190936_057.jpg,20250530_190936,57,FACA,train,0.0,0.0,0.0,4,1.0792936086654663,0.7491464614868164,4,0.5961157083511353,0.7964772582054138
20250530_190936_058.jpg,20250530_190936,58,FACA,valid,0.0,0.0,0.0,4,1.123073697090149,inf,5,1.237858533859253,inf
20250530_190936_059.jpg,20250530_190936,59,FACA,train,0.0,0.0,0.0,3,0.9807851314544678,inf,4,0.6221049427986145,0.5011412501335144
20250530_190936_060.jpg,20250530_190936,60,FACA,train,0.0,0.0,0.02723325602710247,4,1.3509730100631714,inf,4,0.6636223793029785,1.1112035512924194
20250530_190936_061.jpg,20250530_190936,61,FACA,train,0.0,0.0,0.0,3,1.3275045156478882,inf,4,1.2214452028274536,inf
20250530_190936_062.jpg,20250530_190936,62,FACA,valid,0.0,0.06676923483610153,0.032503608614206314,4,1.2463243007659912,inf,5,1.219155192375183,inf
20250530_190936_063.jpg,20250530_190936,63,FACA,train,0.0,0.0,0.0349702462553978,3,1.3203239440917969,inf,5,1.450933814048767,inf
20250530_190936_064.jpg,20250530_190936,64,FACA,train,0.0,0.0,0.03686535730957985,4,1.3017213344573975,inf,5,1.1556496620178223,inf
20250530_190936_065.jpg,20250530_190936,65,FACA,train,0.0,0.0,0.0,3,1.2401459217071533,inf,5,1.332830548286438,inf
20250530_190936_066.jpg,20250530_190936,66,FACA,train,0.0,0.0,0.0,5,inf,inf,5,0.48564305901527405,1.222204566001892
20250530_190936_067.jpg,20250530_190936,67,FACA,train,0.0,0.0,0.0,4,1.3617405891418457,inf,4,0.5359781980514526,1.2203576564788818
20250530_190936_068.jpg,20250530_190936,68,FACA,valid,0.0,0.0,0.0,4,1.3617891073226929,inf,5,0.5408572554588318,1.2334054708480835
20250530_190936_069.jpg,20250530_190936,69,FACA,valid,0.0,0.0,0.0,4,1.5376994609832764,inf,5,0.48959964513778687,1.264054298400879
20250530_190936_070.jpg,20250530_190936,70,FACA,train,0.0,0.0,0.0,4,1.3470053672790527,inf,5,0.4550454914569855,1.2547392845153809
20250530_190936_071.jpg,20250530_190936,71,FACA,valid,0.0,0.0,0.0,4,1.1379859447479248,inf,5,0.4833099842071533,1.2816548347473145
20250530_190936_072.jpg,20250530_190936,72,FACA,valid,0.0,0.0,0.0,3,1.0378637313842773,inf,5,0.5699984431266785,1.2462750673294067
20250530_190936_073.jpg,20250530_190936,73,FACA,train,0.0,0.01073015108704567,0.0,3,1.0208704471588135,inf,4,0.5502266883850098,1.3541059494018555
20250530_190936_074.jpg,20250530_190936,74,FACA,train,0.0,0.0,0.0,4,0.9457179307937622,inf,5,1.1261625289916992,inf
20250530_190936_075.jpg,20250530_190936,75,FACA,train,0.0,0.0,0.0,4,0.9700787663459778,inf,5,0.5433847904205322,1.232872724533081
20250530_190936_076.jpg,20250530_190936,76,FACA,train,0.0,0.0,0.0,3,0.9778843522071838,inf,5,0.5908073782920837,1.23106050491333
20250530_190936_077.jpg,20250530_190936,77,FACA,train,0.0,0.0,0.010168799199163914,4,0.9821469783782959,inf,6,1.026771903038025,inf
20250530_190936_078.jpg,20250530_190936,78,FACA,train,0.0,0.0,0.0,4,0.996286153793335,inf,5,0.579014778137207,1.2816821336746216
20250530_190936_079.jpg,20250530_190936,79,FACA,train,0.0,0.0,0.013238627463579178,4,1.011419653892517,inf,5,0.5601887106895447,1.237313985824585
20250530_190936_080.jpg,20250530_190936,80,FACA,test,0.0,0.0,0.011342218145728111,4,1.0581638813018799,inf,5,0.5865535736083984,1.2398842573165894
20250530_190936_081.jpg,20250530_190936,81,FACA,train,0.0,0.0,0.013169929385185242,3,1.0634959936141968,inf,5,0.6080052852630615,1.2157622575759888
20250530_190936_082.jpg,20250530_190936,82,FACA,train,0.0,0.0,0.0,4,1.1165544986724854,inf,5,0.5994361639022827,1.186065912246704
20250530_190936_083.jpg,20250530_190936,83,FACA,valid,0.0,0.0,0.0,4,1.1075232028961182,inf,5,0.5877442359924316,1.157076358795166
20250530_190936_084.jpg,20250530_190936,84,FACA,valid,0.0,0.0,0.0,3,0.7697880268096924,0.9702361226081848,5,0.5723153948783875,1.0592654943466187
20250530_190936_085.jpg,20250530_190936,85,FACA,valid,0.0,0.0,0.0,3,1.246498465538025,inf,5,0.5760101675987244,1.0525062084197998
20250530_190936_086.jpg,20250530_190936,86,FACA,train,0.0,0.0,0.0,3,1.2584367990493774,inf,4,0.5656238198280334,1.042475938796997
20250530_190936_087.jpg,20250530_190936,87,FACA,train,0.0,0.0,0.023748070001602173,3,0.9510276317596436,0.9426309466362,5,0.5286850929260254,1.0056421756744385
20250530_190936_088.jpg,20250530_190936,88,FACA,train,0.0,0.0,0.0,3,1.1958318948745728,inf,4,0.5218082070350647,0.9941951036453247
20250530_190936_089.jpg,20250530_190936,89,FACA,train,0.0,0.0,0.0,3,1.1938444375991821,inf,4,0.4701457619667053,0.9947564601898193
20250530_190936_090.jpg,20250530_190936,90,FACA,test,0.0,0.0,0.0,3,1.1800864934921265,inf,5,0.45625659823417664,0.9272388815879822
20250530_190936_091.jpg,20250530_190936,91,FACA,valid,0.0,0.0,0.0,3,1.1100412607192993,inf,5,0.465480238199234,0.9102936387062073
20250530_190936_092.jpg,20250530_190936,92,FACA,valid,0.0,0.0,0.0,3,1.0184597969055176,inf,5,1.1812489032745361,inf
20250530_190936_093.jpg,20250530_190936,93,FACA,test,0.0,0.0,0.01475204061716795,3,0.9970059990882874,inf,5,0.49216514825820923,0.8933435082435608
20250530_190936_094.jpg,20250530_190936,94,FACA,train,0.0,0.0,0.018968602642416954,3,0.974598228931427,inf,4,0.48045220971107483,0.979657769203186
20250530_190936_095.jpg,20250530_190936,95,FACA,train,0.0,0.0,0.0,3,0.8866196274757385,inf,4,0.9500916004180908,inf
20250530_190936_096.jpg,20250530_190936,96,FACA,train,0.0,0.0,0.03361167758703232,3,0.8386034369468689,inf,4,0.5775126218795776,0.9421255588531494
20250530_190936_097.jpg,20250530_190936,97,FACA,train,0.0,0.016714826226234436,0.0,3,0.8516749143600464,inf,4,0.9029352068901062,inf
20250530_190936_098.jpg,20250530_190936,98,FACA,train,0.0,0.0,0.0,3,0.8805677890777588,inf,4,0.9199272990226746,inf
20250530_190936_099.jpg,20250530_190936,99,FACA,train,0.0,0.0,0.0,4,0.8998216986656189,inf,3,0.9685885906219482,inf
20250530_190936_100.jpg,20250530_190936,100,FACA,test,0.0,0.0,0.0,4,0.9355120062828064,inf,5,0.9697853326797485,1.0145930051803589
20250530_191022_001.jpg,20250530_191022,1,ENFORCAR,train,0.0,0.0,0.0,4,0.813874363899231,inf,4,0.7684152722358704,inf
20250530_191022_002.jpg,20250530_191022,2,ENFORCAR,valid,0.0,0.0,0.0,3,0.7443205118179321,inf,3,0.7174066305160522,inf
20250530_191022_003.jpg,20250530_191022,3,ENFORCAR,test,0.0,0.0,0.0,3,0.7439795732498169,inf,3,0.6307313442230225,inf
20250530_191022_004.jpg,20250530_191022,4,ENFORCAR,train,0.0,0.0,0.0,3,0.6274803876876831,inf,3,0.6035023927688599,inf
20250530_191022_005.jpg,20250530_191022,5,ENFORCAR,train,0.0,0.0,0.0,3,0.5877485871315002,inf,4,0.5709218382835388,inf
20250530_191022_006.jpg,20250530_191022,6,ENFORCAR,test,0.0,0.0,0.01586468517780304,5,0.4727063477039337,inf,3,0.5078501105308533,inf
20250530_191022_007.jpg,20250530_191022,7,ENFORCAR,train,0.0,0.0,0.0,4,0.3468073010444641,0.6835299134254456,5,0.4691455364227295,inf
20250530_191022_008.jpg,20250530_191022,8,ENFORCAR,train,0.0,0.0,0.0,3,1.9863120317459106,inf,4,0.4563174843788147,inf
20250530_191022_009.jpg,20250530_191022,9,ENFORCAR,train,0.0,0.010672328993678093,0.0,4,1.5724133253097534,inf,4,0.41968750953674316,inf
20250530_191022_010.jpg,20250530_191022,10,ENFORCAR,valid,0.0,0.0,0.0,4,0.4638619124889374,inf,4,0.38078776001930237,inf
20250530_191022_011.jpg,20250530_191022,11,ENFORCAR,valid,0.0,0.0,0.0,4,1.5507404804229736,inf,4,0.3977956473827362,inf
20250530_191022_012.jpg,20250530_191022,12,ENFORCAR,train,0.0,0.0,0.0,4,1.5627795457839966,inf,4,0.37590456008911133,inf
20250530_191022_013.jpg,20250530_191022,13,ENFORCAR,valid,0.0,0.0,0.0,4,1.4655961990356445,inf,4,0.37411946058273315,inf
20250530_191022_014.jpg,20250530_191022,14,ENFORCAR,valid,0.0,0.0,0.0,4,1.2743958234786987,inf,3,0.3610599637031555,0.8866750001907349
20250530_191022_015.jpg,20250530_191022,15,ENFORCAR,train,0.0,0.0,0.0,4,1.189267873764038,inf,3,0.38635870814323425,inf
20250530_191022_016.jpg,20250530_191022,16,ENFORCAR,test,0.0,0.0,0.0,3,1.0699851512908936,inf,4,0.3298484683036804,0.8080720901489258
20250530_191022_017.jpg,20250530_191022,17,ENFORCAR,train,0.0,0.0,0.0,4,0.9520097970962524,inf,5,0.33866366744041443,inf
20250530_191022_018.jpg,20250530_191022,18,ENFORCAR,train,0.0,0.0,0.0,4,0.5530840754508972,inf,3,0.33616456389427185,inf
20250530_191022_019.jpg,20250530_191022,19,ENFORCAR,test,0.0,0.0,0.0,4,0.5504432916641235,inf,4,0.3391471207141876,inf
20250530_191022_020.jpg,20250530_191022,20,ENFORCAR,valid,0.0,0.0,0.0,3,0.9190875887870789,inf,4,0.3348190486431122,inf
20250530_191022_021.jpg,20250530_191022,21,ENFORCAR,train,0.0,0.02328484132885933,0.0,3,0.4142167270183563,inf,4,0.28221526741981506,inf
20250530_191022_022.jpg,20250530_191022,22,ENFORCAR,train,0.0,0.0,0.0,3,1.0889345407485962,inf,4,0.2958769202232361,inf
20250530_191022_023.jpg,20250530_191022,23,ENFORCAR,train,0.0,0.0,0.0,4,1.1133242845535278,inf,4,0.3013380169868469,inf
20250530_191022_024.jpg,20250530_191022,24,ENFORCAR,train,0.0,0.0,0.0,3,0.37146198749542236,inf,4,0.2871856391429901,inf
20250530_191022_025.jpg,20250530_191022,25,ENFORCAR,train,0.0,0.0,0.0,4,0.37700510025024414,inf,4,0.3025318384170532,inf
20250530_191022_026.jpg,20250530_191022,26,ENFORCAR,train,0.0,0.0,0.0,3,3.3983561992645264,inf,4,0.30168694257736206,inf
20250530_191022_027.jpg,20250530_191022,27,ENFORCAR,train,0.0,0.0,0.0,3,3.3275387287139893,inf,4,0.28932204842567444,inf
20250530_191022_028.jpg,20250530_191022,28,ENFORCAR,valid,0.0,0.0,0.0,3,3.6018941402435303,inf,4,0.2850728929042816,inf
20250530_191022_029.jpg,20250530_191022,29,ENFORCAR,train,0.0,0.0,0.0,4,1.422156810760498,inf,4,0.33650490641593933,inf
20250530_191022_030.jpg,20250530_191022,30,ENFORCAR,train,0.0,0.02724452316761017,0.0,2,inf,inf,4,0.40874502062797546,inf
20250530_191022_031.jpg,20250530_191022,31,ENFORCAR,train,0.0,0.013018326833844185,0.0,3,1.9549447298049927,inf,4,0.4405520260334015,inf
20250530_191022_032.jpg,20250530_191022,32,ENFORCAR,train,0.0,0.0,0.0,4,1.5079631805419922,inf,4,0.440218061208725,inf
20250530_191022_033.jpg,20250530_191022,33,ENFORCAR,train,0.0,0.0,0.0,4,1.5494401454925537,inf,4,0.48539796471595764,inf
20250530_191022_034.jpg,20250530_191022,34,ENFORCAR,train,0.0,0.0,0.0,4,1.5528992414474487,inf,5,0.5349227786064148,inf
20250530_191022_035.jpg,20250530_191022,35,ENFORCAR,valid,0.0,0.0,0.0,3,2.10992431640625,inf,4,0.5562191605567932,inf
20250530_191022_036.jpg,20250530_191022,36,ENFORCAR,train,0.0,0.0,0.0,4,0.5460346341133118,inf,4,0.5450047254562378,inf
20250530_191022_037.jpg,20250530_191022,37,ENFORCAR,train,0.0,0.0,0.0,4,0.6034914255142212,inf,4,0.5351067781448364,inf
20250530_191022_038.jpg,20250530_191022,38,ENFORCAR,train,0.0,0.0,0.0,4,0.6085689663887024,inf,5,0.5540568828582764,inf
20250530_191022_039.jpg,20250530_191022,39,ENFORCAR,valid,0.0,0.0,0.0,4,1.7128279209136963,inf,4,0.5740160346031189,inf
20250530_191022_040.jpg,20250530_191022,40,ENFORCAR,train,0.0,0.0,0.0,4,0.6126919984817505,inf,4,0.575707197189331,inf
20250530_191022_041.jpg,20250530_191022,41,ENFORCAR,train,0.0,0.0,0.0,4,0.604201078414917,inf,4,0.5731987953186035,inf
20250530_191022_042.jpg,20250530_191022,42,ENFORCAR,train,0.0,0.0,0.0,5,0.5944857597351074,inf,4,0.5684677362442017,inf
20250530_191022_043.jpg,20250530_191022,43,ENFORCAR,valid,0.0,0.0,0.0,4,0.6457725763320923,inf,3,1.5128159523010254,inf
20250530_191022_044.jpg,20250530_191022,44,ENFORCAR,train,0.0,0.0,0.0,4,0.6318442821502686,inf,3,1.4137250185012817,inf
20250530_191022_045.jpg,20250530_191022,45,ENFORCAR,test,0.0,0.0,0.0,4,0.6375365257263184,inf,4,0.6018590927124023,inf
20250530_191022_046.jpg,20250530_191022,46,ENFORCAR,train,0.0,0.0,0.0,4,2.115267276763916,inf,4,0.6170463562011719,inf
20250530_191022_047.jpg,20250530_191022,47,ENFORCAR,train,0.0,0.0,0.0,4,1.497066855430603,inf,4,0.6547092795372009,inf
20250530_191022_048.jpg,20250530_191022,48,ENFORCAR,train,0.0,0.0,0.0,4,1.4537273645401,inf,4,0.6796641945838928,inf
20250530_191022_049.jpg,20250530_191022,49,ENFORCAR,train,0.0,0.0,0.0,4,1.5486204624176025,inf,4,0.6911848783493042,inf
20250530_191022_050.jpg,20250530_191022,50,ENFORCAR,train,0.0,0.0,0.0,4,2.2963829040527344,inf,4,0.7371036410331726,inf
20250530_191022_051.jpg,20250530_191022,51,ENFORCAR,valid,0.0,0.0,0.0,4,2.250992774963379,inf,4,0.7442297339439392,inf
20250530_191022_052.jpg,20250530_191022,52,ENFORCAR,train,0.0,0.0,0.0,4,1.6099169254302979,inf,4,0.7134127616882324,inf
20250530_191022_053.jpg,20250530_191022,53,ENFORCAR,test,0.0,0.0,0.0,4,1.504426121711731,inf,4,0.6846646070480347,inf
20250530_191022_054.jpg,20250530_191022,54,ENFORCAR,train,0.0,0.0,0.0,4,1.586466908454895,inf,4,0.6518096923828125,inf
20250530_191022_055.jpg,20250530_191022,55,ENFORCAR,train,0.0,0.0,0.0,4,0.6865026354789734,inf,4,0.6612930297851562,inf
20250530_191022_056.jpg,20250530_191022,56,ENFORCAR,train,0.0,0.012750440277159214,0.017927374690771103,4,0.5981829166412354,inf,4,0.6389772295951843,inf
20250530_191022_057.jpg,20250530_191022,57,ENFORCAR,train,0.0,0.0,0.0,4,1.6154860258102417,inf,4,1.710075855255127,inf
20250530_191022_058.jpg,20250530_191022,58,ENFORCAR,train,0.0,0.0,0.0,5,1.5613704919815063,inf,4,1.688299298286438,inf
20250530_191022_059.jpg,20250530_191022,59,ENFORCAR,valid,0.0,0.0,0.0,4,1.6084729433059692,inf,4,0.6501878499984741,inf
20250530_191022_060.jpg,20250530_191022,60,ENFORCAR,train,0.0,0.043667834252119064,0.021602962166070938,4,0.6511777639389038,inf,4,0.4252949357032776,0.6063442230224609
20250530_191022_061.jpg,20250530_191022,61,ENFORCAR,train,0.0,0.0,0.0,4,0.6478069424629211,inf,4,0.670364260673523,inf
20250530_191022_062.jpg,20250530_191022,62,ENFORCAR,train,0.0,0.0,0.0,5,0.6612115502357483,inf,4,0.6884756088256836,inf
20250530_191022_063.jpg,20250530_191022,63,ENFORCAR,train,0.0,0.0,0.0,4,1.553114891052246,inf,4,0.6874569058418274,inf
20250530_191022_064.jpg,20250530_191022,64,ENFORCAR,train,0.0,0.044483330100774765,0.0,4,1.4695932865142822,inf,4,0.7191421985626221,inf
20250530_191022_065.jpg,20250530_191022,65,ENFORCAR,train,0.0,0.25247907638549805,0.011108532547950745,4,0.7339314222335815,inf,4,0.7623441815376282,inf
20250530_191022_066.jpg,20250530_191022,66,ENFORCAR,train,0.0,0.07054183632135391,0.0,4,1.1323310136795044,inf,5,0.7424342036247253,inf
20250530_191022_067.jpg,20250530_191022,67,ENFORCAR,train,0.0,0.020041106268763542,0.0,3,2.9122636318206787,inf,4,0.6441994905471802,inf
20250530_191022_068.jpg,20250530_191022,68,ENFORCAR,test,0.0,0.0,0.0,3,3.246061086654663,inf,4,0.5755557417869568,inf
20250530_191022_069.jpg,20250530_191022,69,ENFORCAR,test,0.0,0.0,0.0,4,1.18944251537323,inf,4,0.4807456433773041,inf
20250530_191022_070.jpg,20250530_191022,70,ENFORCAR,valid,0.0,0.0,0.0,4,1.1514277458190918,inf,4,0.4141491949558258,0.6544476747512817
20250530_191022_071.jpg,20250530_191022,71,ENFORCAR,train,0.0,0.03090144507586956,0.0,4,1.847899317741394,inf,4,0.4049326777458191,inf
20250530_191022_072.jpg,20250530_191022,72,ENFORCAR,train,0.0,0.0,0.0,3,3.479755401611328,inf,3,1.3835692405700684,inf
20250530_191022_073.jpg,20250530_191022,73,ENFORCAR,valid,0.0,0.014288869686424732,0.0,4,0.94869065284729,inf,3,3.36901593208313,inf
20250530_191022_074.jpg,20250530_191022,74,ENFORCAR,train,0.011106627061963081,0.025341344997286797,0.01224482711404562,3,8.310807228088379,inf,4,1.226138949394226,inf
20250530_191022_075.jpg,20250530_191022,75,ENFORCAR,train,0.0,0.03510652855038643,0.0,4,1.1000384092330933,inf,3,4.2660813331604,inf
20250530_191022_076.jpg,20250530_191022,76,ENFORCAR,train,0.0,0.0,0.0,2,inf,inf,4,0.3603980243206024,inf
20250530_191022_077.jpg,20250530_191022,77,ENFORCAR,train,0.0,0.06862323731184006,0.0,5,0.6032729744911194,inf,4,1.4336910247802734,inf
20250530_191022_078.jpg,20250530_191022,78,ENFORCAR,test,0.0,0.0,0.0,5,0.5984235405921936,inf,4,0.30647674202919006,0.822769284248352
20250530_191022_079.jpg,20250530_191022,79,ENFORCAR,train,0.0,0.0,0.014106495305895805,5,0.45840030908584595,inf,4,1.163718342781067,inf
20250530_191022_080.jpg,20250530_191022,80,ENFORCAR,train,0.0,0.15601897239685059,0.0,3,3.528820514678955,inf,3,1.3288005590438843,inf
20250530_191022_081.jpg,20250530_191022,81,ENFORCAR,train,0.0,0.0,0.0,4,2.462332248687744,inf,3,1.3554189205169678,inf
20250530_191022_082.jpg,20250530_191022,82,ENFORCAR,valid,0.0,0.0,0.0,4,2.1442649364471436,inf,3,4.324746608734131,inf
20250530_191022_083.jpg,20250530_191022,83,ENFORCAR,train,0.0,0.0,0.0,3,3.736172914505005,inf,3,1.3178095817565918,inf
20250530_191022_084.jpg,20250530_191022,84,ENFORCAR,train,0.0,0.0,0.0,3,1.6175909042358398,inf,3,1.3458112478256226,inf
20250530_191022_085.jpg,20250530_191022,85,ENFORCAR,train,0.0,0.0,0.0,3,3.733159065246582,inf,3,1.3511916399002075,inf
20250530_191022_086.jpg,20250530_191022,86,ENFORCAR,train,0.0,0.0,0.0,4,1.5708764791488647,inf,3,1.347121238708496,inf
20250530_191022_087.jpg,20250530_191022,87,ENFORCAR,train,0.0,0.0,0.0,3,1.5521728992462158,inf,4,0.3471015989780426,inf
20250530_191022_088.jpg,20250530_191022,88,ENFORCAR,valid,0.0,0.0,0.0,4,0.40086838603019714,inf,3,1.3682748079299927,inf
20250530_191022_089.jpg,20250530_191022,89,ENFORCAR,test,0.0,0.011752478778362274,0.0,3,0.43018868565559387,inf,3,1.3546109199523926,inf
20250530_191022_090.jpg,20250530_191022,90,ENFORCAR,train,0.0,0.0,0.0,4,0.42303261160850525,inf,3,1.3015953302383423,inf
20250530_191022_091.jpg,20250530_191022,91,ENFORCAR,train,0.0,0.0,0.0,4,0.7100781798362732,inf,3,1.2956774234771729,inf
20250530_191022_092.jpg,20250530_191022,92,ENFORCAR,test,0.0,0.0,0.0,3,0.7095210552215576,inf,4,0.3891061544418335,inf
20250530_191022_093.jpg,20250530_191022,93,ENFORCAR,valid,0.0,0.0,0.0,4,3.1058847904205322,inf,4,0.4567411541938782,inf
20250530_191022_094.jpg,20250530_191022,94,ENFORCAR,train,0.0,0.0,0.0,3,inf,inf,4,0.4243178963661194,inf
20250530_191022_095.jpg,20250530_191022,95,ENFORCAR,train,0.0,0.0,0.0,3,2.5489954948425293,inf,4,0.4784677028656006,inf
20250530_191022_096.jpg,20250530_191022,96,ENFORCAR,train,0.0,0.0,0.0,2,inf,inf,3,4.992919921875,inf
20250530_191022_097.jpg,20250530_191022,97,ENFORCAR,test,0.0,0.0,0.0,2,inf,inf,4,0.5084264278411865,inf
20250530_191022_098.jpg,20250530_191022,98,ENFORCAR,valid,0.0,0.0,0.0,4,1.7484920024871826,inf,4,0.49962833523750305,inf
20250530_191022_099.jpg,20250530_191022,99,ENFORCAR,train,0.0,0.0,0.0,4,1.7564582824707031,inf,4,0.4596613049507141,0.8226480484008789
20250530_191022_100.jpg,20250530_191022,100,ENFORCAR,train,0.0,0.0,0.046976689249277115,4,1.7462188005447388,inf,4,0.4794939458370209,0.9068009853363037
20250530_191037_001.jpg,20250530_191037,1,ENFORCAR,train,0.0,0.0,0.0,4,0.616028368473053,inf,4,0.5606611967086792,inf
20250530_191037_002.jpg,20250530_191037,2,ENFORCAR,train,0.0,0.0,0.0,3,0.5774059891700745,inf,4,0.555155336856842,inf
20250530_191037_003.jpg,20250530_191037,3,ENFORCAR,train,0.0,0.0,0.0,4,1.5410263538360596,inf,4,0.5497897267341614,inf
20250530_191037_004.jpg,20250530_191037,4,ENFORCAR,train,0.0,0.0,0.021995000541210175,4,0.5036957859992981,inf,4,0.5299925208091736,inf
20250530_191037_005.jpg,20250530_191037,5,ENFORCAR,train,0.0,0.0,0.0,4,0.4789530634880066,inf,5,0.5072622895240784,inf
20250530_191037_006.jpg,20250530_191037,6,ENFORCAR,train,0.0,0.0,0.0,4,0.489639550447464,inf,4,1.4667792320251465,inf
20250530_191037_007.jpg,20250530_191037,7,ENFORCAR,valid,0.0,0.013027257286012173,0.0,4,0.4622059464454651,inf,4,0.4714807868003845,inf
20250530_191037_008.jpg,20250530_191037,8,ENFORCAR,test,0.0,0.016412444412708282,0.0,4,1.4533722400665283,inf,4,0.4481905996799469,inf
20250530_191037_009.jpg,20250530_191037,9,ENFORCAR,train,0.0,0.020117251202464104,0.0,4,1.5417059659957886,inf,4,0.45522505044937134,inf
20250530_191037_010.jpg,20250530_191037,10,ENFORCAR,train,0.0,0.03320768103003502,0.0,4,2.3584702014923096,inf,4,0.45781105756759644,inf
20250530_191037_011.jpg,20250530_191037,11,ENFORCAR,train,0.0,0.10756273567676544,0.0,4,1.60232412815094,inf,5,0.44665971398353577,inf
20250530_191037_012.jpg,20250530_191037,12,ENFORCAR,train,0.0,0.01178467646241188,0.0,4,1.5666282176971436,inf,4,0.46718931198120117,inf
20250530_191037_013.jpg,20250530_191037,13,ENFORCAR,train,0.0,0.029343385249376297,0.0,4,1.588383436203003,inf,4,0.45368561148643494,inf
20250530_191037_014.jpg,20250530_191037,14,ENFORCAR,train,0.0,0.02513633295893669,0.0,4,1.5998544692993164,inf,4,0.4459051489830017,inf
20250530_191037_015.jpg,20250530_191037,15,ENFORCAR,valid,0.0,0.03316071629524231,0.0,4,1.5519378185272217,inf,4,0.4392099976539612,inf
20250530_191037_016.jpg,20250530_191037,16,ENFORCAR,train,0.0,0.06039443984627724,0.0,4,0.5037053227424622,inf,4,0.4531422257423401,inf
20250530_191037_017.jpg,20250530_191037,17,ENFORCAR,train,0.0,0.0,0.0,4,0.5310021638870239,inf,4,0.45749208331108093,inf
20250530_191037_018.jpg,20250530_191037,18,ENFORCAR,train,0.0,0.02117966115474701,0.0,4,2.16719913482666,inf,4,0.45424631237983704,inf
20250530_191037_019.jpg,20250530_191037,19,ENFORCAR,train,0.0,0.01442364789545536,0.0,4,2.162466526031494,inf,4,0.42633941769599915,inf
20250530_191037_020.jpg,20250530_191037,20,ENFORCAR,train,0.0,0.04407432675361633,0.0,4,1.4136334657669067,inf,4,0.4189603328704834,inf
20250530_191037_021.jpg,20250530_191037,21,ENFORCAR,test,0.0,0.03150450065732002,0.0,4,1.7990010976791382,inf,4,0.35330095887184143,inf
20250530_191037_022.jpg,20250530_191037,22,ENFORCAR,valid,0.0,0.016147024929523468,0.06444612145423889,2,inf,inf,4,0.3510192632675171,inf
20250530_191037_023.jpg,20250530_191037,23,ENFORCAR,train,0.0,0.0,0.020486880093812943,3,3.0429558753967285,inf,4,0.39963585138320923,inf
20250530_191037_024.jpg,20250530_191037,24,ENFORCAR,train,0.0,0.0,0.0,3,3.260612964630127,inf,4,0.37241339683532715,inf
20250530_191037_025.jpg,20250530_191037,25,ENFORCAR,train,0.0,0.0,0.0,5,0.8894418478012085,inf,4,0.400811105966568,inf
20250530_191037_026.jpg,20250530_191037,26,ENFORCAR,test,0.0,0.0,0.0,4,0.9309433102607727,inf,4,0.3853127062320709,inf
20250530_191037_027.jpg,20250530_191037,27,ENFORCAR,train,0.0,0.011707675643265247,0.0,4,0.7031956315040588,inf,4,0.3962607979774475,inf
20250530_191037_028.jpg,20250530_191037,28,ENFORCAR,valid,0.0,0.0,0.0,3,0.8168771862983704,inf,4,0.3957653343677521,inf
20250530_191037_029.jpg,20250530_191037,29,ENFORCAR,train,0.0,0.0,0.0,3,0.5526444911956787,inf,4,0.448593407869339,inf
20250530_191037_030.jpg,20250530_191037,30,ENFORCAR,train,0.0,0.0,0.0,5,0.5201432704925537,inf,4,0.4382084310054779,inf
20250530_191037_031.jpg,20250530_191037,31,ENFORCAR,valid,0.0,0.0,0.0,3,0.8780341744422913,inf,4,0.4284127652645111,inf
20250530_191037_032.jpg,20250530_191037,32,ENFORCAR,valid,0.0,0.012270236387848854,0.0,5,0.45199790596961975,inf,5,0.428087055683136,inf
20250530_191037_033.jpg,20250530_191037,33,ENFORCAR,train,0.0,0.04247806593775749,0.0,5,0.42954373359680176,inf,4,0.39927324652671814,inf
20250530_191037_034.jpg,20250530_191037,34,ENFORCAR,valid,0.0,0.026554586365818977,0.0,5,0.4662923812866211,inf,4,0.3803398311138153,inf
20250530_191037_035.jpg,20250530_191037,35,ENFORCAR,train,0.0,0.0,0.0,4,0.4337861239910126,inf,4,0.43975138664245605,inf
20250530_191037_036.jpg,20250530_191037,36,ENFORCAR,train,0.0,0.0,0.0,4,0.4461241066455841,inf,5,0.4665631651878357,inf
20250530_191037_037.jpg,20250530_191037,37,ENFORCAR,train,0.0,0.0,0.015393284149467945,4,0.4557599127292633,inf,4,0.527263879776001,0.6724482774734497
20250530_191037_038.jpg,20250530_191037,38,ENFORCAR,train,0.0,0.0,0.0,3,0.555379331111908,inf,4,0.5379366278648376,inf
20250530_191037_039.jpg,20250530_191037,39,ENFORCAR,train,0.0,0.016471296548843384,0.0,3,1.0127143859863281,inf,5,0.6003407835960388,inf
20250530_191037_040.jpg,20250530_191037,40,ENFORCAR,train,0.0,0.010475440882146358,0.0,4,0.5230118036270142,inf,5,0.6025747656822205,inf
20250530_191037_041.jpg,20250530_191037,41,ENFORCAR,train,0.0,0.07573458552360535,0.0,3,1.2940127849578857,inf,5,0.5934175252914429,inf
20250530_191037_042.jpg,20250530_191037,42,ENFORCAR,train,0.0,0.0,0.0,4,1.3697962760925293,inf,3,1.3670097589492798,inf
20250530_191037_043.jpg,20250530_191037,43,ENFORCAR,valid,0.0,0.0,0.0,3,1.8284536600112915,inf,3,0.06450510770082474,1.0602596998214722
20250530_191037_044.jpg,20250530_191037,44,ENFORCAR,train,0.0,0.015668539330363274,0.0,4,1.729298710823059,inf,3,3.328016757965088,inf
20250530_191037_045.jpg,20250530_191037,45,ENFORCAR,train,0.04295606538653374,0.019509216770529747,0.0,4,1.9225096702575684,inf,3,3.298574447631836,inf
20250530_191037_046.jpg,20250530_191037,46,ENFORCAR,test,0.0,0.04997880384325981,0.0,4,1.8797155618667603,inf,4,3.543731927871704,inf
20250530_191037_047.jpg,20250530_191037,47,ENFORCAR,train,0.0,0.0,0.02021992765367031,4,1.7522588968276978,inf,4,1.6235499382019043,0.6874400973320007
20250530_191037_048.jpg,20250530_191037,48,ENFORCAR,train,0.0,0.0241561196744442,0.022772682830691338,5,1.5981754064559937,inf,4,0.5563843846321106,inf
20250530_191037_049.jpg,20250530_191037,49,ENFORCAR,train,0.0,0.0,0.012454320676624775,5,1.6376861333847046,inf,4,0.45446333289146423,0.6052678823471069
20250530_191037_050.jpg,20250530_191037,50,ENFORCAR,test,0.0,0.0,0.0,5,1.739396572113037,inf,4,0.4038136899471283,0.6189643740653992
20250530_191037_051.jpg,20250530_191037,51,ENFORCAR,test,0.0,0.0,0.0,4,1.9021433591842651,inf,4,0.3703325092792511,0.6318448185920715
20250530_191037_052.jpg,20250530_191037,52,ENFORCAR,train,0.0,0.0,0.019547123461961746,4,1.9020229578018188,0.6624037027359009,4,0.343384712934494,0.6924545168876648
20250530_191037_053.jpg,20250530_191037,53,ENFORCAR,train,0.0,0.0,0.0,4,1.8362771272659302,0.616710901260376,4,0.3034166693687439,0.7151020765304565
20250530_191037_054.jpg,20250530_191037,54,ENFORCAR,train,0.0,0.0,0.0,4,1.8143872022628784,0.6157345175743103,4,0.45910438895225525,0.5310634970664978
20250530_191037_055.jpg,20250530_191037,55,ENFORCAR,train,0.0,0.0,0.0,5,1.7862217426300049,0.5534983277320862,4,0.4569149613380432,0.586662232875824
20250530_191037_056.jpg,20250530_191037,56,ENFORCAR,train,0.0,0.0,0.0,5,1.4443219900131226,0.5297614336013794,4,0.5452199578285217,0.4765881896018982
20250530_191037_057.jpg,20250530_191037,57,ENFORCAR,train,0.0,0.0,0.0,4,0.481056272983551,0.56633460521698,4,0.5816750526428223,0.4372808635234833
20250530_191037_058.jpg,20250530_191037,58,ENFORCAR,valid,0.0,0.0,0.0,4,0.42876169085502625,0.6218322515487671,4,0.5553227066993713,inf
20250530_191037_059.jpg,20250530_191037,59,ENFORCAR,test,0.0,0.0,0.0,4,1.7617650032043457,inf,4,0.6066575050354004,inf
20250530_191037_060.jpg,20250530_191037,60,ENFORCAR,valid,0.0,0.0,0.0,4,0.6282852292060852,inf,4,0.5893710851669312,inf
20250530_191037_061.jpg,20250530_191037,61,ENFORCAR,valid,0.0,0.0,0.0,4,0.570048451423645,inf,4,0.5863825082778931,inf
20250530_191037_062.jpg,20250530_191037,62,ENFORCAR,train,0.0,0.0,0.0,2,inf,inf,4,0.5145481824874878,inf
20250530_191037_063.jpg,20250530_191037,63,ENFORCAR,valid,0.0,0.0,0.0,3,0.4575364887714386,inf,4,0.4813157021999359,inf
20250530_191037_064.jpg,20250530_191037,64,ENFORCAR,train,0.0,0.0,0.0,4,0.4303804039955139,inf,4,0.4572392702102661,inf
20250530_191037_065.jpg,20250530_191037,65,ENFORCAR,train,0.0,0.0,0.0,4,1.5348416566848755,inf,4,0.3693867027759552,inf
20250530_191037_066.jpg,20250530_191037,66,ENFORCAR,train,0.0,0.0,0.0,4,1.63533616065979,inf,5,0.35390496253967285,inf
20250530_191037_067.jpg,20250530_191037,67,ENFORCAR,train,0.0,0.0,0.0,3,inf,inf,4,0.43642041087150574,inf
20250530_191037_068.jpg,20250530_191037,68,ENFORCAR,train,0.0,0.0,0.0,4,1.5712443590164185,inf,4,0.42185041308403015,inf
20250530_191037_069.jpg,20250530_191037,69,ENFORCAR,train,0.0,0.0,0.0,4,1.6183803081512451,inf,4,0.43296176195144653,inf
20250530_191037_070.jpg,20250530_191037,70,ENFORCAR,valid,0.0,0.0,0.0,3,2.079289436340332,inf,3,3.6224966049194336,inf
20250530_191037_071.jpg,20250530_191037,71,ENFORCAR,train,0.0,0.0,0.0,3,1.9930663108825684,inf,4,0.4266272485256195,inf
20250530_191037_072.jpg,20250530_191037,72,ENFORCAR,train,0.0,0.0,0.012033093720674515,3,1.9636362791061401,inf,4,0.4597606658935547,inf
20250530_191037_073.jpg,20250530_191037,73,ENFORCAR,train,0.0,0.01208082027733326,0.0,4,2.702328681945801,0.6202487349510193,4,0.2915957570075989,0.815190851688385
20250530_191037_074.jpg,20250530_191037,74,ENFORCAR,train,0.0,0.0,0.02274741791188717,3,inf,inf,4,0.4558563232421875,inf
20250530_191037_075.jpg,20250530_191037,75,ENFORCAR,train,0.0,0.0,0.02421925775706768,3,0.4764762818813324,inf,4,0.4448033273220062,inf
20250530_191037_076.jpg,20250530_191037,76,ENFORCAR,train,0.0,0.0,0.0,3,1.3926615715026855,inf,4,0.3325362503528595,0.8235554099082947
20250530_191037_077.jpg,20250530_191037,77,ENFORCAR,valid,0.0,0.0,0.0,4,0.5130341053009033,inf,4,0.4234066307544708,0.8420247435569763
20250530_191037_078.jpg,20250530_191037,78,ENFORCAR,valid,0.0,0.0,0.0,4,0.5718755722045898,inf,4,0.4280107319355011,inf
20250530_191037_079.jpg,20250530_191037,79,ENFORCAR,train,0.0,0.0,0.0,5,0.4948729872703552,inf,4,0.4455725848674774,inf
20250530_191037_080.jpg,20250530_191037,80,ENFORCAR,valid,0.0,0.0,0.0,4,0.5316824913024902,inf,4,0.47901466488838196,inf
20250530_191037_081.jpg,20250530_191037,81,ENFORCAR,train,0.0,0.0,0.0,4,0.5475360751152039,inf,4,0.49084505438804626,inf
20250530_191037_082.jpg,20250530_191037,82,ENFORCAR,train,0.0,0.0,0.0,4,1.140656590461731,inf,5,0.4838222861289978,inf
20250530_191037_083.jpg,20250530_191037,83,ENFORCAR,valid,0.0,0.0,0.0,3,1.0985580682754517,inf,4,0.5136962532997131,inf
20250530_191037_084.jpg,20250530_191037,84,ENFORCAR,train,0.0,0.016035262495279312,0.012443481013178825,4,1.1355054378509521,inf,4,0.515102744102478,inf
20250530_191037_085.jpg,20250530_191037,85,ENFORCAR,train,0.0,0.0,0.013773751445114613,5,1.2649880647659302,inf,4,0.49712711572647095,inf
20250530_191037_086.jpg,20250530_191037,86,ENFORCAR,valid,0.0,0.016669081524014473,0.0,4,1.4419018030166626,inf,4,0.48625683784484863,inf
20250530_191037_087.jpg,20250530_191037,87,ENFORCAR,valid,0.0,0.01423534657806158,0.0,3,1.4776592254638672,inf,4,0.46088624000549316,inf
20250530_191037_088.jpg,20250530_191037,88,ENFORCAR,test,0.0,0.012779445387423038,0.0,3,1.489341378211975,inf,4,0.44987839460372925,inf
20250530_191037_089.jpg,20250530_191037,89,ENFORCAR,test,0.0,0.0,0.0,3,3.6199467182159424,inf,3,3.181016683578491,inf
20250530_191037_090.jpg,20250530_191037,90,ENFORCAR,train,0.012654525227844715,0.0,0.07819294929504395,3,1.386967658996582,inf,3,1.4891949892044067,inf
20250530_191037_091.jpg,20250530_191037,91,ENFORCAR,train,0.0,0.019782589748501778,0.0,4,0.45457911491394043,inf,2,inf,inf
20250530_191037_092.jpg,20250530_191037,92,ENFORCAR,train,0.0,0.06359948962926865,0.0,4,1.6271730661392212,inf,3,3.9130630493164062,inf
20250530_191037_093.jpg,20250530_191037,93,ENFORCAR,train,0.0,0.03450828418135643,0.3288688659667969,4,1.6263635158538818,inf,4,0.5001925230026245,inf
20250530_191037_094.jpg,20250530_191037,94,ENFORCAR,train,0.0,0.0,0.05565473809838295,4,1.7677254676818848,inf,4,0.455416738986969,inf
20250530_191037_095.jpg,20250530_191037,95,ENFORCAR,train,0.0,0.0,0.06754369288682938,3,2.288727045059204,inf,4,0.4528885781764984,inf
20250530_191037_096.jpg,20250530_191037,96,ENFORCAR,train,0.0,0.0,0.08784089982509613,3,0.6005215644836426,inf,4,0.4566531181335449,inf
20250530_191037_097.jpg,20250530_191037,97,ENFORCAR,train,0.0,0.01038837805390358,0.01538422517478466,3,2.036550283432007,inf,4,0.47001925110816956,inf
20250530_191037_098.jpg,20250530_191037,98,ENFORCAR,train,0.0,0.0,0.0,3,2.1171066761016846,0.9571558833122253,4,0.4673696756362915,inf
20250530_191037_099.jpg,20250530_191037,99,ENFORCAR,valid,0.0,0.0,0.0,3,0.22581905126571655,0.9419108033180237,4,0.46738675236701965,inf
20250530_191037_100.jpg,20250530_191037,100,ENFORCAR,valid,0.0,0.01245186384767294,0.0,3,inf,0.890204668045044,4,0.44150546193122864,inf
20250530_191049_001.jpg,20250530_191049,1,ENFORCAR,train,0.0,0.0,0.027510274201631546,5,0.5927281975746155,0.7017998695373535,4,0.3844691216945648,0.6226344108581543
20250530_191049_002.jpg,20250530_191049,2,ENFORCAR,train,0.0,0.0,0.013469117693603039,4,0.42811641097068787,0.6447622776031494,4,0.7396234273910522,inf
20250530_191049_003.jpg,20250530_191049,3,ENFORCAR,train,0.0,0.0,0.0,3,0.7247621417045593,inf,3,0.7063801884651184,inf
20250530_191049_004.jpg,20250530_191049,4,ENFORCAR,train,0.0,0.0,0.0,4,0.728991687297821,inf,4,0.67314213514328,inf
20250530_191049_005.jpg,20250530_191049,5,ENFORCAR,train,0.0,0.0,0.0,4,0.6990085244178772,inf,4,0.6459624767303467,inf
20250530_191049_006.jpg,20250530_191049,6,ENFORCAR,valid,0.0,0.0,0.0,3,2.5193629264831543,inf,4,0.59489506483078,inf
20250530_191049_007.jpg,20250530_191049,7,ENFORCAR,train,0.0,0.0,0.012162188068032265,3,0.6109130382537842,inf,4,0.5297014117240906,inf
20250530_191049_008.jpg,20250530_191049,8,ENFORCAR,train,0.0,0.0,0.011319601908326149,4,1.7276086807250977,0.756708025932312,4,0.4946143627166748,inf
20250530_191049_009.jpg,20250530_191049,9,ENFORCAR,train,0.0,0.0,0.0,4,1.756170630455017,0.9006263017654419,4,0.4663439989089966,inf
20250530_191049_010.jpg,20250530_191049,10,ENFORCAR,valid,0.0,0.0,0.0,4,1.6512563228607178,0.8712867498397827,4,0.4275743365287781,inf
20250530_191049_011.jpg,20250530_191049,11,ENFORCAR,test,0.0,0.014974252320826054,0.0,3,2.2483203411102295,0.8541804552078247,4,0.468810498714447,inf
20250530_191049_012.jpg,20250530_191049,12,ENFORCAR,train,0.0,0.017705868929624557,0.0,4,1.477571964263916,inf,4,0.4275560677051544,inf
20250530_191049_013.jpg,20250530_191049,13,ENFORCAR,test,0.0,0.0,0.010031881742179394,5,0.29272782802581787,0.8202961087226868,4,0.44538867473602295,inf
20250530_191049_014.jpg,20250530_191049,14,ENFORCAR,train,0.0,0.0,0.0,4,3.009831428527832,inf,5,0.44030287861824036,inf
20250530_191049_015.jpg,20250530_191049,15,ENFORCAR,train,0.0,0.0,0.0,2,inf,inf,4,0.4440324604511261,inf
20250530_191049_016.jpg,20250530_191049,16,ENFORCAR,train,0.0,0.01666686125099659,0.0,5,0.2869477868080139,0.8386638164520264,4,0.4149153232574463,inf
20250530_191049_017.jpg,20250530_191049,17,ENFORCAR,train,0.0,0.012205717153847218,0.0,3,0.26783981919288635,0.8339532017707825,4,0.40114662051200867,inf
20250530_191049_018.jpg,20250530_191049,18,ENFORCAR,train,0.0,0.020460745319724083,0.0,5,1.748915433883667,0.8943852186203003,4,0.43022793531417847,inf
20250530_191049_019.jpg,20250530_191049,19,ENFORCAR,train,0.0,0.02257421240210533,0.0,4,3.2378733158111572,0.8771854639053345,4,0.4069567620754242,inf
20250530_191049_020.jpg,20250530_191049,20,ENFORCAR,valid,0.0,0.0,0.0,4,3.0234975814819336,0.8524378538131714,4,0.42615142464637756,inf
20250530_191049_021.jpg,20250530_191049,21,ENFORCAR,test,0.0,0.01884506456553936,0.0,4,0.26057693362236023,0.8674010634422302,4,0.3942354917526245,inf
20250530_191049_022.jpg,20250530_191049,22,ENFORCAR,test,0.0,0.011696708388626575,0.0,3,0.4220365881919861,inf,4,0.4176212251186371,inf
20250530_191049_023.jpg,20250530_191049,23,ENFORCAR,train,0.0,0.014486080966889858,0.0,4,0.24294829368591309,0.8534227609634399,4,0.41883039474487305,inf
20250530_191049_024.jpg,20250530_191049,24,ENFORCAR,valid,0.0,0.0,0.0,3,0.24765151739120483,0.8392585515975952,4,0.43014657497406006,inf
20250530_191049_025.jpg,20250530_191049,25,ENFORCAR,train,0.0,0.0,0.0,4,2.285942316055298,inf,4,0.44064468145370483,inf
20250530_191049_026.jpg,20250530_191049,26,ENFORCAR,train,0.0,0.014275411143898964,0.0,3,1.8792107105255127,inf,4,0.42707353830337524,inf
20250530_191049_027.jpg,20250530_191049,27,ENFORCAR,train,0.0,0.027210675179958344,0.0,4,1.7231858968734741,0.5581278204917908,4,0.4460725784301758,inf
20250530_191049_028.jpg,20250530_191049,28,ENFORCAR,valid,0.0,0.0,0.0,3,3.5961475372314453,inf,3,4.099283218383789,inf
20250530_191049_029.jpg,20250530_191049,29,ENFORCAR,valid,0.0,0.16771793365478516,0.0,2,inf,inf,4,0.3995749056339264,inf
20250530_191049_030.jpg,20250530_191049,30,ENFORCAR,train,0.0,0.0,0.0,3,3.293959617614746,inf,4,0.41586068272590637,inf
20250530_191049_031.jpg,20250530_191049,31,ENFORCAR,train,0.0,0.0,0.0,3,0.4876788854598999,inf,4,0.4071342647075653,inf
20250530_191049_032.jpg,20250530_191049,32,ENFORCAR,train,0.0,0.0,0.0,5,0.4526645243167877,inf,4,0.3805905282497406,inf
20250530_191049_033.jpg,20250530_191049,33,ENFORCAR,valid,0.0,0.0,0.0,2,inf,inf,4,0.4288058876991272,inf
20250530_191049_034.jpg,20250530_191049,34,ENFORCAR,train,0.0,0.0,0.0,4,0.5447879433631897,inf,4,0.43233516812324524,inf
20250530_191049_035.jpg,20250530_191049,35,ENFORCAR,valid,0.0,0.08821013569831848,0.0,4,0.7623422145843506,inf,4,0.2725718319416046,1.2234336137771606
20250530_191049_036.jpg,20250530_191049,36,ENFORCAR,train,0.0,0.016299618408083916,0.0,3,0.6014429330825806,inf,4,0.4844055473804474,inf
20250530_191049_037.jpg,20250530_191049,37,ENFORCAR,train,0.0,0.0,0.0,4,0.5714806914329529,inf,4,0.47465530037879944,inf
20250530_191049_038.jpg,20250530_191049,38,ENFORCAR,train,0.0,0.03607185557484627,0.0,5,0.4896887242794037,inf,4,0.4681559205055237,inf
20250530_191049_039.jpg,20250530_191049,39,ENFORCAR,train,0.0,0.020601894706487656,0.0,4,0.606647253036499,inf,4,0.4491271674633026,inf
20250530_191049_040.jpg,20250530_191049,40,ENFORCAR,train,0.0,0.0,0.0,4,0.5713734030723572,inf,4,0.41568198800086975,inf
20250530_191049_041.jpg,20250530_191049,41,ENFORCAR,train,0.0,0.0,0.0,3,3.134594678878784,inf,4,0.41752514243125916,inf
20250530_191049_042.jpg,20250530_191049,42,ENFORCAR,valid,0.0,0.0,0.0,4,0.4855307936668396,inf,4,0.37555229663848877,inf
20250530_191049_043.jpg,20250530_191049,43,ENFORCAR,train,0.010223356075584888,0.0,0.0,4,0.4802579879760742,inf,4,0.35955408215522766,inf
20250530_191049_044.jpg,20250530_191049,44,ENFORCAR,valid,0.0,0.0,0.0,4,0.4240413010120392,inf,4,0.37488484382629395,inf
20250530_191049_045.jpg,20250530_191049,45,ENFORCAR,train,0.0,0.046145807951688766,0.0,4,0.3692338168621063,inf,5,0.3726634383201599,inf
20250530_191049_046.jpg,20250530_191049,46,ENFORCAR,train,0.0,0.010315507650375366,0.0,4,0.36815983057022095,inf,4,0.36239132285118103,inf
20250530_191049_047.jpg,20250530_191049,47,ENFORCAR,train,0.0,0.0,0.0,4,0.4257625937461853,inf,4,0.394369512796402,inf
20250530_191049_048.jpg,20250530_191049,48,ENFORCAR,train,0.0,0.0,0.0,4,0.43251410126686096,inf,4,0.40748700499534607,inf
20250530_191049_049.jpg,20250530_191049,49,ENFORCAR,test,0.0,0.013381374068558216,0.0,4,0.4417025148868561,inf,4,0.4001162648200989,inf
20250530_191049_050.jpg,20250530_191049,50,ENFORCAR,train,0.0,0.0,0.0,3,0.4571429193019867,inf,4,0.37906205654144287,inf
20250530_191049_051.jpg,20250530_191049,51,ENFORCAR,test,0.0,0.0,0.0,4,0.40097352862358093,inf,4,0.4138101637363434,inf
20250530_191049_052.jpg,20250530_191049,52,ENFORCAR,train,0.0,0.0,0.0,3,0.3671223223209381,inf,4,0.4004775583744049,inf
20250530_191049_053.jpg,20250530_191049,53,ENFORCAR,valid,0.0,0.0,0.0,4,0.3915015757083893,inf,4,0.3565722405910492,inf
20250530_191049_054.jpg,20250530_191049,54,ENFORCAR,train,0.0,0.0,0.0,4,0.3988264203071594,inf,4,0.3499554991722107,inf
20250530_191049_055.jpg,20250530_191049,55,ENFORCAR,valid,0.0,0.0,0.0,4,0.38662612438201904,inf,4,0.3526318669319153,inf
20250530_191049_056.jpg,20250530_191049,56,ENFORCAR,train,0.0,0.0,0.0,4,0.3969055414199829,inf,4,0.3793140947818756,inf
20250530_191049_057.jpg,20250530_191049,57,ENFORCAR,train,0.0,0.0,0.0,3,0.39020341634750366,inf,4,0.3519003391265869,inf
20250530_191049_058.jpg,20250530_191049,58,ENFORCAR,train,0.0,0.0,0.0,3,0.3931160271167755,inf,4,0.3439840078353882,inf
20250530_191049_059.jpg,20250530_191049,59,ENFORCAR,train,0.0,0.0,0.0,3,0.3972424268722534,inf,4,0.32580065727233887,inf
20250530_191049_060.jpg,20250530_191049,60,ENFORCAR,valid,0.0,0.0,0.0,3,0.3866825997829437,inf,4,0.3393382430076599,inf
20250530_191049_061.jpg,20250530_191049,61,ENFORCAR,train,0.0,0.0,0.0,4,0.34712308645248413,inf,4,0.33400478959083557,inf
20250530_191049_062.jpg,20250530_191049,62,ENFORCAR,train,0.0,0.021252548322081566,0.0,4,0.3494836390018463,inf,4,0.34678906202316284,inf
20250530_191049_063.jpg,20250530_191049,63,ENFORCAR,train,0.0,0.011995064094662666,0.0,4,0.35539481043815613,inf,4,0.3583658039569855,inf
20250530_191049_064.jpg,20250530_191049,64,ENFORCAR,valid,0.0,0.0,0.0,4,0.3393682539463043,inf,4,0.3482550084590912,inf
20250530_191049_065.jpg,20250530_191049,65,ENFORCAR,train,0.0,0.010006175376474857,0.0,4,0.3859889507293701,inf,4,0.33185118436813354,inf
20250530_191049_066.jpg,20250530_191049,66,ENFORCAR,valid,0.0,0.01052840519696474,0.0,4,0.32868075370788574,inf,4,0.32634463906288147,inf
20250530_191049_067.jpg,20250530_191049,67,ENFORCAR,train,0.0,0.02739090286195278,0.0,4,0.383684903383255,inf,4,0.3627922832965851,inf
20250530_191049_068.jpg,20250530_191049,68,ENFORCAR,valid,0.0,0.0202330332249403,0.0,4,0.35441169142723083,inf,4,0.37183842062950134,inf
20250530_191049_069.jpg,20250530_191049,69,ENFORCAR,train,0.0,0.03330513834953308,0.0,2,inf,inf,4,0.36294227838516235,inf
20250530_191049_070.jpg,20250530_191049,70,ENFORCAR,train,0.0,0.0,0.0,3,3.586674451828003,inf,4,0.35101330280303955,inf
20250530_191049_071.jpg,20250530_191049,71,ENFORCAR,train,0.0,0.028355242684483528,0.014124704524874687,4,1.4900270700454712,inf,4,0.3556283116340637,inf
20250530_191049_072.jpg,20250530_191049,72,ENFORCAR,test,0.0,0.047128621488809586,0.0,4,1.7286357879638672,inf,3,1.9081833362579346,inf
20250530_191049_073.jpg,20250530_191049,73,ENFORCAR,train,0.0,0.018253225833177567,0.03320472687482834,5,0.36138999462127686,0.5572603940963745,4,0.3028874099254608,inf
20250530_191049_074.jpg,20250530_191049,74,ENFORCAR,train,0.0,0.02241247147321701,0.0,5,0.37251657247543335,inf,3,0.40348020195961,0.9937071204185486
20250530_191049_075.jpg,20250530_191049,75,ENFORCAR,train,0.0,0.12384352833032608,0.0,5,0.42560410499572754,inf,4,0.36606159806251526,inf
20250530_191049_076.jpg,20250530_191049,76,ENFORCAR,train,0.0,0.1224537044763565,0.0,5,1.3700307607650757,inf,4,0.3713914752006531,inf
20250530_191049_077.jpg,20250530_191049,77,ENFORCAR,valid,0.0,0.0,0.0,4,0.4001278877258301,inf,4,0.3969131112098694,inf
20250530_191049_078.jpg,20250530_191049,78,ENFORCAR,valid,0.0,0.011289936490356922,0.0,4,0.5278351902961731,0.8647779822349548,4,0.4685308039188385,inf
20250530_191049_079.jpg,20250530_191049,79,ENFORCAR,train,0.011666231788694859,0.0,0.0,4,0.5736109018325806,inf,4,0.5137560963630676,inf
20250530_191049_080.jpg,20250530_191049,80,ENFORCAR,valid,0.0,0.010418073274195194,0.0,4,0.558840274810791,inf,4,0.5604584813117981,inf
20250530_191049_081.jpg,20250530_191049,81,ENFORCAR,train,0.0,0.027725160121917725,0.0,4,0.590725302696228,inf,4,0.5631687641143799,inf
20250530_191049_082.jpg,20250530_191049,82,ENFORCAR,test,0.0,0.11672713607549667,0.0,4,0.5907191634178162,inf,4,0.5862040519714355,inf
20250530_191049_083.jpg,20250530_191049,83,ENFORCAR,valid,0.0,0.0,0.0,4,0.5402833223342896,inf,4,0.5789562463760376,inf
20250530_191049_084.jpg,20250530_191049,84,ENFORCAR,test,0.0,0.0,0.0,5,0.5839049220085144,inf,4,0.5940924882888794,inf
20250530_191049_085.jpg,20250530_191049,85,ENFORCAR,train,0.0,0.0,0.0,4,1.583798885345459,inf,4,0.601810097694397,inf
20250530_191049_086.jpg,20250530_191049,86,ENFORCAR,train,0.0,0.05795072019100189,0.028666513040661812,4,1.9309030771255493,inf,4,0.6094620227813721,inf
20250530_191049_087.jpg,20250530_191049,87,ENFORCAR,train,0.0,0.20627053081989288,0.09807543456554413,4,2.073430061340332,inf,4,0.580035924911499,inf
20250530_191049_088.jpg,20250530_191049,88,ENFORCAR,valid,0.0,0.2265705019235611,0.03629985451698303,4,2.1922240257263184,inf,4,0.5919057726860046,inf
20250530_191049_089.jpg,20250530_191049,89,ENFORCAR,test,0.0,0.0,0.014702584594488144,4,2.217438220977783,inf,5,0.5941728353500366,inf
20250530_191049_090.jpg,20250530_191049,90,ENFORCAR,test,0.0,0.025967704132199287,0.02562922239303589,5,0.5881844162940979,inf,4,0.5822867751121521,inf
20250530_191049_091.jpg,20250530_191049,91,ENFORCAR,valid,0.0,0.0,0.03791528940200806,5,1.703076958656311,inf,4,0.6092841029167175,inf
20250530_191049_092.jpg,20250530_191049,92,ENFORCAR,valid,0.0,0.011737124994397163,0.10224009305238724,5,1.848648190498352,inf,5,0.592433512210846,inf
20250530_191049_093.jpg,20250530_191049,93,ENFORCAR,train,0.0,0.0,0.05731669440865517,5,1.8173500299453735,inf,5,0.6219167709350586,inf
20250530_191049_094.jpg,20250530_191049,94,ENFORCAR,train,0.0,0.036661647260189056,0.0,5,1.7379472255706787,inf,5,0.5960045456886292,inf
20250530_191049_095.jpg,20250530_191049,95,ENFORCAR,test,0.0,0.014828674495220184,0.0,5,3.043299674987793,inf,4,0.6325389742851257,inf
20250530_191049_096.jpg,20250530_191049,96,ENFORCAR,train,0.0,0.0,0.0,4,3.2743067741394043,inf,4,0.6966709494590759,inf
20250530_191049_097.jpg,20250530_191049,97,ENFORCAR,train,0.0,0.0,0.0,5,1.9528224468231201,inf,4,0.787656307220459,inf
20250530_191049_098.jpg,20250530_191049,98,ENFORCAR,test,0.0,0.01217529084533453,0.0,4,1.8670626878738403,inf,5,0.9104195833206177,inf
20250530_191049_099.jpg,20250530_191049,99,ENFORCAR,train,0.0,0.0,0.0,4,2.0418765544891357,inf,4,0.8528697490692139,inf
20250530_191124_100.jpg,20250530_191124,100,ENFORCAR,train,0.0,0.0,0.0,3,1.509393572807312,inf,4,0.276737242937088,inf
20250530_191404_001.jpg,20250530_191404,1,normal,test,0.0,0.0,0.0,3,1.1736772060394287,inf,3,1.288295865058899,inf
20250530_191404_002.jpg,20250530_191404,2,normal,train,0.0,0.0,0.01908878982067108,1,inf,inf,4,1.319975733757019,inf
20250530_191404_003.jpg,20250530_191404,3,normal,valid,0.0,0.0,0.0,2,1.167839527130127,inf,4,1.1606910228729248,inf
20250530_191404_004.jpg,20250530_191404,4,normal,train,0.0,0.0,0.013971769250929356,2,1.1927857398986816,inf,3,1.3074513673782349,inf
20250530_191404_005.jpg,20250530_191404,5,normal,train,0.0,0.0,0.026623118668794632,3,1.1706335544586182,inf,3,1.3118191957473755,inf
20250530_191404_006.jpg,20250530_191404,6,normal,train,0.0,0.0,0.0,2,1.2156583070755005,inf,2,inf,inf
20250530_191404_007.jpg,20250530_191404,7,normal,train,0.0,0.0,0.15106777846813202,2,1.313520073890686,inf,3,1.2580831050872803,inf
20250530_191404_008.jpg,20250530_191404,8,normal,train,0.0,0.0,0.0,2,1.2778068780899048,inf,2,1.1064348220825195,inf
20250530_191404_009.jpg,20250530_191404,9,normal,train,0.0,0.0,0.0,3,1.3442143201828003,inf,3,1.1950430870056152,inf
20250530_191404_010.jpg,20250530_191404,10,normal,valid,0.0,0.0,0.0,1,inf,inf,3,1.26869535446167,inf
20250530_191404_013.jpg,20250530_191404,13,normal,train,0.0,0.0,0.0,3,1.2842453718185425,0.5907936692237854,3,1.278393030166626,inf
20250530_191404_014.jpg,20250530_191404,14,normal,train,0.0,0.0,0.0,2,inf,inf,4,1.1138001680374146,inf
20250530_191404_015.jpg,20250530_191404,15,normal,train,0.0,0.0,0.0,2,inf,inf,3,1.3073251247406006,inf
20250530_191404_016.jpg,20250530_191404,16,normal,valid,0.0,0.0,0.020915430039167404,3,1.1924777030944824,inf,2,1.215330958366394,inf
20250530_191404_017.jpg,20250530_191404,17,normal,train,0.0,0.0,0.0,3,1.2881202697753906,inf,3,1.2906094789505005,inf
20250530_191404_018.jpg,20250530_191404,18,normal,test,0.0,0.0,0.0,3,1.2671235799789429,0.9394595623016357,3,1.3644301891326904,0.756186842918396
20250530_191404_019.jpg,20250530_191404,19,normal,train,0.0,0.0,0.0,2,inf,0.8567301630973816,3,1.3209046125411987,inf
20250530_191404_020.jpg,20250530_191404,20,normal,train,0.02442873828113079,0.0,0.0,3,1.3175287246704102,0.7383593320846558,3,1.2350050210952759,inf
20250530_191404_021.jpg,20250530_191404,21,normal,train,0.034953322261571884,0.0,0.0,3,1.271071434020996,0.8662844896316528,3,1.3596235513687134,inf
20250530_191404_022.jpg,20250530_191404,22,normal,valid,0.0,0.0,0.0,3,1.260072946548462,inf,3,1.2678728103637695,inf
20250530_191404_023.jpg,20250530_191404,23,normal,train,0.0,0.0,0.0,3,1.2019643783569336,inf,3,1.4218789339065552,inf
20250530_191404_024.jpg,20250530_191404,24,normal,train,0.0,0.0,0.0,3,3.220515489578247,inf,3,1.2717033624649048,inf
20250530_191404_025.jpg,20250530_191404,25,normal,train,0.0,0.0,0.0,3,3.260263681411743,inf,3,1.409661054611206,1.1495869159698486
20250530_191404_026.jpg,20250530_191404,26,normal,train,0.022722477093338966,0.0,0.0,3,1.3676207065582275,0.935754656791687,3,1.5052835941314697,1.094323754310608
20250530_191404_027.jpg,20250530_191404,27,normal,train,0.012271598912775517,0.018751325085759163,0.0,3,inf,0.6246929168701172,2,1.2695176601409912,inf
20250530_191404_028.jpg,20250530_191404,28,normal,test,0.03506312146782875,0.07365500181913376,0.01248360238969326,2,1.3170849084854126,0.6746562719345093,3,1.2654976844787598,inf
20250530_191404_029.jpg,20250530_191404,29,normal,test,0.023605424910783768,0.05103980749845505,0.0,2,1.2896889448165894,0.7628861665725708,2,1.2510566711425781,0.7734513878822327
20250530_191404_030.jpg,20250530_191404,30,normal,train,0.04368121922016144,0.016802117228507996,0.0,3,1.3861093521118164,0.8657589554786682,2,1.3203349113464355,0.9414965510368347
20250530_191404_031.jpg,20250530_191404,31,normal,train,0.0,0.0,0.0,3,1.3230787515640259,0.7882159352302551,2,1.3221157789230347,0.8370869755744934
20250530_191404_032.jpg,20250530_191404,32,normal,valid,0.018145225942134857,0.017002493143081665,0.0,2,1.4432541131973267,0.6894436478614807,3,1.2996913194656372,0.830109179019928
20250530_191404_033.jpg,20250530_191404,33,normal,train,0.016940122470259666,0.0,0.0,3,1.3438109159469604,0.7594689130783081,3,1.2853970527648926,0.8825649619102478
20250530_191404_034.jpg,20250530_191404,34,normal,train,0.017422759905457497,0.0,0.0,2,1.4544787406921387,0.7785851955413818,3,1.3537986278533936,0.8659644722938538
20250530_191404_035.jpg,20250530_191404,35,normal,train,0.025145893916487694,0.0,0.0,2,1.3972153663635254,0.7026954293251038,2,inf,0.8525731563568115
20250530_191404_036.jpg,20250530_191404,36,normal,train,0.03692566230893135,0.016526052728295326,0.0,2,1.3626962900161743,0.7063661813735962,3,1.3228739500045776,0.8525676727294922
20250530_191404_037.jpg,20250530_191404,37,normal,train,0.03835706412792206,0.0,0.0,2,1.484122633934021,1.0865007638931274,3,inf,inf
20250530_191404_038.jpg,20250530_191404,38,normal,train,0.025447027757763863,0.0,0.0,2,1.536730408668518,inf,2,1.4675252437591553,1.1459752321243286
20250530_191404_041.jpg,20250530_191404,41,normal,test,0.0,0.0,0.0,3,1.3054475784301758,1.0477831363677979,2,1.319819688796997,0.6973152160644531
20250530_191404_043.jpg,20250530_191404,43,normal,train,0.0168791264295578,0.0,0.0,2,1.2196755409240723,1.017777681350708,2,1.280648112297058,0.9162170886993408
20250530_191404_044.jpg,20250530_191404,44,normal,train,0.01236979104578495,0.0,0.0,2,1.2387385368347168,1.0559310913085938,2,1.3026386499404907,0.8351013660430908
20250530_191404_045.jpg,20250530_191404,45,normal,train,0.01406294759362936,0.022623609751462936,0.0,2,1.257078766822815,1.1032954454421997,2,1.3087621927261353,0.900588870048523
20250530_191404_046.jpg,20250530_191404,46,normal,train,0.0,0.0,0.0,2,1.2030205726623535,1.0247694253921509,2,1.2006261348724365,0.7623567581176758
20250530_191404_047.jpg,20250530_191404,47,normal,train,0.0,0.0,0.0,2,inf,0.7970625758171082,3,1.2171751260757446,0.7190585732460022
20250530_191404_048.jpg,20250530_191404,48,normal,train,0.0,0.0,0.0,2,1.2084009647369385,0.8820769786834717,3,1.1422582864761353,0.6441395282745361
20250530_191404_049.jpg,20250530_191404,49,normal,valid,0.0,0.0,0.0,2,1.0941338539123535,0.7616778016090393,3,1.2116085290908813,inf
20250530_191404_050.jpg,20250530_191404,50,normal,valid,0.0,0.0,0.0,3,1.2121665477752686,1.059776782989502,4,1.2297416925430298,0.9947342872619629
20250530_191404_051.jpg,20250530_191404,51,normal,valid,0.02469087950885296,0.0,0.0,3,inf,0.4830538332462311,3,1.2149864435195923,inf
20250530_191404_052.jpg,20250530_191404,52,normal,train,0.0,0.0,0.0,3,1.0600310564041138,0.5793626308441162,3,1.2723180055618286,0.9845731854438782
20250530_191404_054.jpg,20250530_191404,54,normal,test,0.03238146752119064,0.0,0.0,3,1.0176260471343994,0.40877628326416016,3,1.2264593839645386,inf
20250530_191404_055.jpg,20250530_191404,55,normal,train,0.0179738849401474,0.0,0.0,3,1.0727238655090332,0.4159538745880127,3,1.2080321311950684,inf
20250530_191404_057.jpg,20250530_191404,57,normal,train,0.0,0.0,0.0,3,1.1585267782211304,0.7686281800270081,4,1.185200810432434,inf
20250530_191404_058.jpg,20250530_191404,58,normal,train,0.0,0.012285425327718258,0.0,3,1.206592321395874,inf,4,1.222948431968689,inf
20250530_191404_059.jpg,20250530_191404,59,normal,test,0.0,0.0,0.0,3,1.2383458614349365,0.9470270276069641,3,1.2480612993240356,inf
20250530_191404_060.jpg,20250530_191404,60,normal,train,0.0,0.0,0.0,3,1.1838743686676025,0.8314043283462524,4,1.2511705160140991,inf
20250530_191404_061.jpg,20250530_191404,61,normal,valid,0.0,0.010899567045271397,0.0,3,1.138442873954773,inf,4,1.2093168497085571,inf
20250530_191404_062.jpg,20250530_191404,62,normal,train,0.029861032962799072,0.0,0.0,3,1.1893200874328613,0.8065097332000732,4,1.3236135244369507,0.7963757514953613
20250530_191404_063.jpg,20250530_191404,63,normal,train,0.0,0.0,0.0,3,1.1570746898651123,0.5260648727416992,3,1.2401708364486694,inf
20250530_191404_066.jpg,20250530_191404,66,normal,train,0.03561760112643242,0.0,0.0,2,1.1424633264541626,0.7251858115196228,3,1.246408224105835,inf
20250530_191404_067.jpg,20250530_191404,67,normal,train,0.0,0.0,0.0,2,1.0956534147262573,1.5168545246124268,4,1.243857979774475,inf
20250530_191404_068.jpg,20250530_191404,68,normal,train,0.0,0.0,0.0,2,1.0772491693496704,0.6520434021949768,4,1.1854630708694458,1.0284430980682373
20250530_191404_069.jpg,20250530_191404,69,normal,train,0.0,0.0,0.0,3,1.0831804275512695,inf,4,1.1545788049697876,0.9188294410705566
20250530_191404_070.jpg,20250530_191404,70,normal,train,0.0,0.0,0.0,2,1.0719529390335083,0.4678143858909607,2,1.1763792037963867,0.7946234345436096
20250530_191404_071.jpg,20250530_191404,71,normal,train,0.0,0.0,0.0,2,1.0745357275009155,0.44420602917671204,3,1.1659557819366455,0.7600648999214172
20250530_191404_072.jpg,20250530_191404,72,normal,train,0.0,0.0,0.0,2,1.0405551195144653,0.4376252293586731,3,1.1342310905456543,0.5086392760276794
20250530_191404_074.jpg,20250530_191404,74,normal,train,0.0,0.0,0.0,2,1.0086019039154053,0.43388763070106506,2,1.132055640220642,0.8029042482376099
20250530_191404_075.jpg,20250530_191404,75,normal,train,0.0,0.0,0.0,2,0.989734411239624,0.5500568151473999,2,1.2049773931503296,0.8490616083145142
20250530_191404_077.jpg,20250530_191404,77,normal,valid,0.0,0.0,0.0,2,0.8856656551361084,0.42812368273735046,2,1.1474418640136719,0.8678242564201355
20250530_191404_078.jpg,20250530_191404,78,normal,train,0.0,0.011139001697301865,0.0,2,0.9420403242111206,0.41208672523498535,2,1.0651007890701294,0.9156603813171387
20250530_191404_079.jpg,20250530_191404,79,normal,valid,0.0,0.0,0.0,2,0.9692506790161133,0.4414604604244232,2,1.1374320983886719,0.8387792706489563
20250530_191404_080.jpg,20250530_191404,80,normal,train,0.0,0.0,0.0,2,0.9929814338684082,0.4111528992652893,2,1.0958718061447144,0.8098295331001282
20250530_191404_081.jpg,20250530_191404,81,normal,train,0.0,0.0,0.0,2,0.9724245667457581,0.5018092393875122,2,1.167204737663269,0.9423373937606812
20250530_191404_082.jpg,20250530_191404,82,normal,valid,0.0,0.0,0.0,2,1.0286805629730225,0.45065122842788696,2,1.1737629175186157,0.8428450226783752
20250530_191404_083.jpg,20250530_191404,83,normal,train,0.0,0.0,0.0,1,inf,0.46820253133773804,2,1.1074186563491821,0.7605268359184265
20250530_191404_084.jpg,20250530_191404,84,normal,valid,0.0,0.0,0.0,2,1.116493821144104,0.6390900015830994,3,1.1542986631393433,0.8355358242988586
20250530_191404_085.jpg,20250530_191404,85,normal,test,0.0,0.0,0.0,1,inf,0.5375272631645203,3,1.2088816165924072,inf
20250530_191404_086.jpg,20250530_191404,86,normal,valid,0.0,0.0,0.0,1,inf,0.6465359926223755,3,1.2877275943756104,inf
20250530_191404_087.jpg,20250530_191404,87,normal,valid,0.0,0.0,0.0,1,inf,inf,3,1.2742273807525635,inf
20250530_191404_088.jpg,20250530_191404,88,normal,valid,0.0,0.0,0.0,1,inf,0.6596799492835999,3,1.3317376375198364,inf
20250530_191404_089.jpg,20250530_191404,89,normal,valid,0.0,0.0,0.0,1,inf,inf,3,1.197617769241333,inf
20250530_191404_090.jpg,20250530_191404,90,normal,train,0.0,0.0,0.0,1,inf,0.5904023051261902,1,inf,inf
20250530_191404_091.jpg,20250530_191404,91,normal,train,0.0,0.0,0.0,1,inf,inf,3,1.1035916805267334,inf
20250530_191404_092.jpg,20250530_191404,92,normal,train,0.0,0.0,0.0,1,inf,inf,3,1.104737401008606,inf
20250530_191404_093.jpg,20250530_191404,93,normal,train,0.0,0.0,0.0,1,inf,inf,3,1.0205475091934204,inf
20250530_191404_094.jpg,20250530_191404,94,normal,valid,0.0,0.0,0.0,1,inf,inf,2,1.130849003791809,inf
20250530_191404_095.jpg,20250530_191404,95,normal,train,0.0,0.0,0.0,1,inf,inf,2,1.0190623998641968,inf
20250530_191404_096.jpg,20250530_191404,96,normal,train,0.0,0.0,0.0,1,inf,inf,2,1.0983480215072632,inf
20250530_191404_097.jpg,20250530_191404,97,normal,train,0.0,0.0,0.0,1,inf,inf,3,1.076310396194458,inf
20250530_191404_098.jpg,20250530_191404,98,normal,train,0.0,0.0,0.0,2,1.4298382997512817,inf,3,1.1269209384918213,inf
20250530_191404_100.jpg,20250530_191404,100,normal,train,0.0,0.0,0.0,1,inf,inf,2,0.9745268225669861,inf
20250530_191419_001.jpg,20250530_191419,1,normal,train,0.0,0.0,0.0,3,1.2937356233596802,1.3009922504425049,3,1.374364972114563,inf
20250530_191419_002.jpg,20250530_191419,2,normal,train,0.0,0.0,0.0,3,1.1160296201705933,inf,3,1.19022536277771,inf
20250530_191419_003.jpg,20250530_191419,3,normal,train,0.0,0.0,0.0,3,1.1278012990951538,inf,3,1.0815836191177368,inf
20250530_191419_004.jpg,20250530_191419,4,normal,train,0.0,0.0,0.0,2,1.228929877281189,1.262553095817566,2,1.236070156097412,inf
20250530_191419_005.jpg,20250530_191419,5,normal,valid,0.0,0.0,0.0,3,1.137007474899292,1.211647629737854,4,0.9147573709487915,inf
20250530_191419_006.jpg,20250530_191419,6,normal,valid,0.0,0.0,0.0,3,1.0106333494186401,inf,4,0.9791436791419983,inf
20250530_191419_007.jpg,20250530_191419,7,normal,train,0.01367387268692255,0.0,0.0,2,1.3377740383148193,inf,4,1.0872989892959595,inf
20250530_191419_008.jpg,20250530_191419,8,normal,train,0.065472312271595,0.017801787704229355,0.0,3,1.3227920532226562,0.5369113087654114,4,1.0384900569915771,inf
20250530_191419_009.jpg,20250530_191419,9,normal,train,0.019300205633044243,0.014707786962389946,0.010111585259437561,3,1.241012692451477,0.5790132284164429,4,1.1141496896743774,inf
20250530_191419_010.jpg,20250530_191419,10,normal,train,0.01242036372423172,0.013309520669281483,0.0,3,1.3600951433181763,0.5839287638664246,4,1.1135932207107544,inf
20250530_191419_012.jpg,20250530_191419,12,normal,train,0.01317563932389021,0.0,0.0,4,0.830787718296051,0.5703902244567871,4,1.0929327011108398,inf
20250530_191419_013.jpg,20250530_191419,13,normal,train,0.0,0.0,0.0,4,1.3346213102340698,0.5726577043533325,4,1.0939738750457764,inf
20250530_191419_014.jpg,20250530_191419,14,normal,train,0.03360062092542648,0.01954328641295433,0.012267166748642921,4,0.7627748250961304,0.5653108954429626,4,1.1590427160263062,inf
20250530_191419_015.jpg,20250530_191419,15,normal,train,0.013262463733553886,0.0,0.0225338377058506,4,1.3281995058059692,0.5417219400405884,4,1.140089511871338,inf
20250530_191419_016.jpg,20250530_191419,16,normal,train,0.01825867034494877,0.0,0.024387555196881294,4,0.7271503806114197,0.5390117764472961,4,1.1422231197357178,inf
20250530_191419_017.jpg,20250530_191419,17,normal,valid,0.0,0.0,0.0,3,1.3633136749267578,0.570888340473175,4,1.1357276439666748,inf
20250530_191419_018.jpg,20250530_191419,18,normal,train,0.014669311232864857,0.0,0.029869943857192993,3,2.9061429500579834,0.6741312742233276,4,1.1616894006729126,inf
20250530_191419_019.jpg,20250530_191419,19,normal,train,0.015390567481517792,0.08773496747016907,0.033311910927295685,3,1.3659605979919434,0.5672194361686707,4,1.0778658390045166,inf
20250530_191419_020.jpg,20250530_191419,20,normal,train,0.011364370584487915,0.0,0.02961581200361252,3,1.2037560939788818,0.5550675988197327,4,0.9584945440292358,inf
20250530_191419_022.jpg,20250530_191419,22,normal,train,0.0,0.0,0.0,4,0.6610291004180908,inf,4,0.8521865010261536,inf
20250530_191419_023.jpg,20250530_191419,23,normal,valid,0.0,0.0,0.0,3,1.2166160345077515,inf,4,0.810356855392456,inf
20250530_191419_024.jpg,20250530_191419,24,normal,train,0.0,0.0,0.0,4,0.6507053375244141,inf,4,0.8391298055648804,inf
20250530_191419_025.jpg,20250530_191419,25,normal,train,0.0,0.0,0.0,4,0.9942072033882141,inf,4,0.9206052422523499,inf
20250530_191419_026.jpg,20250530_191419,26,normal,train,0.0,0.0,0.0,2,1.1594276428222656,1.3372747898101807,3,0.8648720383644104,inf
20250530_191419_027.jpg,20250530_191419,27,normal,train,0.0,0.0,0.0,3,0.7161062955856323,inf,4,0.8104715943336487,inf
20250530_191419_029.jpg,20250530_191419,29,normal,train,0.014278457500040531,0.0,0.0,3,1.0694376230239868,inf,3,0.7380094528198242,inf
20250530_191419_030.jpg,20250530_191419,30,normal,train,0.0,0.0,0.0,3,0.9682965874671936,inf,3,0.6912873387336731,0.8560916185379028
20250530_191419_031.jpg,20250530_191419,31,normal,train,0.0,0.0,0.0,3,0.9232763051986694,inf,3,0.6758270263671875,inf
20250530_191419_032.jpg,20250530_191419,32,normal,train,0.0,0.0,0.0,2,0.9225049614906311,1.3263276815414429,3,0.6372678875923157,inf
20250530_191419_033.jpg,20250530_191419,33,normal,train,0.0,0.0,0.0,2,0.9021563529968262,1.209052562713623,4,1.0270594358444214,inf
20250530_191419_035.jpg,20250530_191419,35,normal,train,0.0,0.0,0.0,2,0.8528838753700256,1.1851509809494019,3,0.9808422327041626,inf
20250530_191419_036.jpg,20250530_191419,36,normal,train,0.0,0.0,0.0,2,0.8545008897781372,1.1920552253723145,3,0.9534206390380859,0.6759097576141357
20250530_191419_037.jpg,20250530_191419,37,normal,train,0.0,0.0,0.010754645802080631,2,0.8283872008323669,1.1885148286819458,3,0.9635912179946899,inf
20250530_191419_038.jpg,20250530_191419,38,normal,valid,0.0,0.0,0.0,3,0.8475326299667358,inf,2,0.949589192867279,inf
20250530_191419_040.jpg,20250530_191419,40,normal,train,0.0,0.0,0.0,3,0.847976803779602,inf,3,1.047184705734253,1.325911283493042
20250530_191419_041.jpg,20250530_191419,41,normal,test,0.0,0.0,0.0,2,0.8034160733222961,1.1700948476791382,3,1.0118408203125,inf
20250530_191419_042.jpg,20250530_191419,42,normal,train,0.0,0.0,0.014093066565692425,3,0.8081622123718262,1.1830995082855225,4,1.0489312410354614,1.3384124040603638
20250530_191419_044.jpg,20250530_191419,44,normal,train,0.0,0.0,0.0,3,0.9097638726234436,inf,3,1.057836890220642,inf
20250530_191419_045.jpg,20250530_191419,45,normal,test,0.0,0.0,0.0,3,0.9746820330619812,inf,3,1.081888198852539,1.409553050994873
20250530_191419_046.jpg,20250530_191419,46,normal,train,0.0,0.0,0.0,2,1.0846201181411743,inf,3,1.1104249954223633,inf
20250530_191419_047.jpg,20250530_191419,47,normal,train,0.0,0.0,0.0,4,1.0817179679870605,inf,3,1.1377103328704834,inf
20250530_191419_048.jpg,20250530_191419,48,normal,train,0.0,0.0,0.0,4,1.1123985052108765,1.240523338317871,4,1.1715121269226074,inf
20250530_191419_049.jpg,20250530_191419,49,normal,test,0.0,0.0,0.0,2,1.2140233516693115,1.1547199487686157,3,1.1327911615371704,1.3796660900115967
20250530_191419_050.jpg,20250530_191419,50,normal,train,0.0,0.0,0.0,3,1.1795321702957153,inf,3,1.1416501998901367,inf
20250530_191419_052.jpg,20250530_191419,52,normal,valid,0.0,0.0,0.0,3,1.1390125751495361,0.3910652995109558,3,0.9794236421585083,0.43934521079063416
20250530_191419_053.jpg,20250530_191419,53,normal,train,0.0,0.0,0.0,2,1.1402186155319214,1.246122121810913,3,1.0905956029891968,inf
20250530_191419_054.jpg,20250530_191419,54,normal,train,0.0,0.0,0.0,3,1.152703881263733,1.2217485904693604,2,1.2200220823287964,inf
20250530_191419_055.jpg,20250530_191419,55,normal,train,0.018834486603736877,0.0,0.010961903259158134,3,1.161099910736084,inf,3,1.0556086301803589,inf
20250530_191419_056.jpg,20250530_191419,56,normal,train,0.0,0.0,0.0127255292609334,2,1.223401665687561,0.46592050790786743,3,1.0913008451461792,inf
20250530_191419_057.jpg,20250530_191419,57,normal,valid,0.0,0.0,0.0,4,1.1953644752502441,inf,4,0.9944645762443542,inf
20250530_191419_058.jpg,20250530_191419,58,normal,train,0.0,0.0,0.0,4,1.2307360172271729,0.5618940591812134,4,1.1076902151107788,inf
20250530_191419_059.jpg,20250530_191419,59,normal,train,0.0,0.0,0.0,2,1.327242136001587,inf,3,0.8213508725166321,inf
20250530_191419_060.jpg,20250530_191419,60,normal,train,0.0,0.0,0.0,2,1.3867683410644531,inf,3,1.0368711948394775,inf
20250530_191419_061.jpg,20250530_191419,61,normal,valid,0.011873512528836727,0.0,0.0,3,1.4314326047897339,inf,4,1.1195557117462158,inf
20250530_191419_062.jpg,20250530_191419,62,normal,valid,0.0,0.0,0.0,2,1.4243276119232178,inf,3,1.032684326171875,inf
20250530_191419_063.jpg,20250530_191419,63,normal,valid,0.0,0.0,0.0,2,1.406831979751587,inf,3,0.9826564788818359,inf
20250530_191419_064.jpg,20250530_191419,64,normal,train,0.0,0.0,0.0,3,1.3051332235336304,0.5509428381919861,4,1.082647442817688,inf
20250530_191419_066.jpg,20250530_191419,66,normal,train,0.0,0.0,0.0,4,1.2976477146148682,0.6524857878684998,2,1.0213346481323242,inf
20250530_191419_068.jpg,20250530_191419,68,normal,valid,0.0,0.0,0.0,4,1.0547832250595093,0.7154107093811035,3,0.9673325419425964,inf
20250530_191419_069.jpg,20250530_191419,69,normal,train,0.0,0.0,0.0,3,1.0471346378326416,inf,3,0.9834585189819336,inf
20250530_191419_070.jpg,20250530_191419,70,normal,train,0.0,0.0,0.0,3,1.2612155675888062,0.7857814431190491,3,0.9646586179733276,inf
20250530_191419_071.jpg,20250530_191419,71,normal,train,0.0,0.0,0.0,4,0.6207733154296875,0.6774473786354065,4,0.6024221181869507,inf
20250530_191419_072.jpg,20250530_191419,72,normal,train,0.0,0.0,0.0,4,1.0643389225006104,inf,3,0.6139410138130188,inf
20250530_191419_073.jpg,20250530_191419,73,normal,test,0.0,0.0,0.0,3,1.1173560619354248,inf,4,0.7367477416992188,inf
20250530_191419_074.jpg,20250530_191419,74,normal,valid,0.0,0.0,0.0,3,1.1194438934326172,0.7292518019676208,4,1.14302659034729,inf
20250530_191419_075.jpg,20250530_191419,75,normal,train,0.0,0.0,0.0,4,1.1320115327835083,0.714381217956543,4,1.2793718576431274,inf
20250530_191419_076.jpg,20250530_191419,76,normal,train,0.0,0.0,0.0,4,1.1159547567367554,0.7672000527381897,4,1.2932902574539185,inf
20250530_191419_077.jpg,20250530_191419,77,normal,train,0.0,0.0,0.0,3,1.1435041427612305,inf,4,1.2078545093536377,inf
20250530_191419_078.jpg,20250530_191419,78,normal,train,0.0,0.0,0.0,4,1.1044634580612183,inf,4,1.168893814086914,inf
20250530_191419_079.jpg,20250530_191419,79,normal,train,0.0,0.0,0.0,4,1.0107306241989136,1.0221753120422363,4,1.0685169696807861,inf
20250530_191419_080.jpg,20250530_191419,80,normal,train,0.0,0.0,0.03393039479851723,4,1.022521734237671,1.016222357749939,4,1.1616339683532715,inf
20250530_191419_081.jpg,20250530_191419,81,normal,train,0.0,0.0,0.02183912880718708,4,1.210991382598877,inf,4,1.1664934158325195,inf
20250530_191419_082.jpg,20250530_191419,82,normal,valid,0.0,0.0,0.0,4,1.1039552688598633,inf,5,1.1286182403564453,inf
20250530_191419_083.jpg,20250530_191419,83,normal,test,0.0,0.0,0.0,4,1.1598035097122192,1.2428420782089233,4,1.0336450338363647,inf
20250530_191419_084.jpg,20250530_191419,84,normal,train,0.0,0.0,0.0,3,1.0873607397079468,1.2544039487838745,4,0.6969066262245178,0.9354227185249329
20250530_191419_085.jpg,20250530_191419,85,normal,train,0.0,0.0,0.0,4,1.0910093784332275,1.2722004652023315,4,0.7731807827949524,inf
20250530_191419_086.jpg,20250530_191419,86,normal,train,0.014494101516902447,0.0,0.0,3,1.0866162776947021,1.2326232194900513,3,0.7518905997276306,1.1254384517669678
20250530_191419_087.jpg,20250530_191419,87,normal,train,0.0,0.0,0.011044126003980637,5,0.8155078291893005,1.2119345664978027,3,0.7247657179832458,inf
20250530_191419_088.jpg,20250530_191419,88,normal,train,0.0,0.0,0.0,5,1.1946687698364258,1.1047837734222412,4,0.7609419822692871,inf
20250530_191419_089.jpg,20250530_191419,89,normal,train,0.0,0.0,0.0,4,1.1800892353057861,1.303514838218689,3,0.7157819867134094,1.0469624996185303
20250530_191419_090.jpg,20250530_191419,90,normal,valid,0.0,0.0,0.0,4,1.1868788003921509,1.2937427759170532,3,1.197248101234436,inf
20250530_191419_091.jpg,20250530_191419,91,normal,train,0.0,0.0,0.0,5,1.1568384170532227,1.2435919046401978,3,0.698749303817749,inf
20250530_191419_092.jpg,20250530_191419,92,normal,valid,0.0,0.0,0.0,4,0.8561882972717285,0.9390265941619873,4,0.7200166583061218,1.1406995058059692
20250530_191419_093.jpg,20250530_191419,93,normal,train,0.0,0.0,0.0,4,0.7674825191497803,1.2184628248214722,4,0.6917853951454163,inf
20250530_191419_094.jpg,20250530_191419,94,normal,train,0.0,0.0,0.0,4,1.141839861869812,1.2239147424697876,3,0.6916764974594116,1.113862156867981
20250530_191419_095.jpg,20250530_191419,95,normal,valid,0.0,0.0,0.0,3,1.1569064855575562,1.263666033744812,3,0.7193502187728882,1.083544373512268
20250530_191419_096.jpg,20250530_191419,96,normal,train,0.0,0.0,0.0,3,1.0970383882522583,inf,4,0.7015277743339539,1.0800927877426147
20250530_191419_097.jpg,20250530_191419,97,normal,train,0.0,0.0,0.0,3,0.7965474724769592,0.9760876893997192,4,0.755578339099884,inf
20250530_191419_098.jpg,20250530_191419,98,normal,train,0.0,0.0,0.0,3,0.7670047283172607,0.9019896984100342,4,1.1676274538040161,inf
20250530_191419_099.jpg,20250530_191419,99,normal,train,0.0,0.0,0.0,4,1.1239978075027466,1.2153284549713135,4,0.6809046864509583,inf
20250530_191419_100.jpg,20250530_191419,100,normal,train,0.0,0.0,0.0,4,0.79054856300354,1.3047226667404175,4,0.691825807094574,inf
20250530_191448_001.jpg,20250530_191448,1,FACA,train,0.019824981689453125,0.0,0.510183572769165,4,1.0481820106506348,inf,3,0.9767851829528809,inf
20250530_191448_002.jpg,20250530_191448,2,FACA,train,0.026486482471227646,0.0,0.3420242965221405,4,1.019044280052185,inf,4,1.0067130327224731,inf
20250530_191448_003.jpg,20250530_191448,3,FACA,train,0.018434392288327217,0.032651498913764954,0.5971068739891052,3,1.020735502243042,inf,4,1.037172794342041,inf
20250530_191448_004.jpg,20250530_191448,4,FACA,test,0.02043953910470009,0.05009183660149574,0.5035075545310974,4,1.0083976984024048,inf,4,0.9992934465408325,inf
20250530_191448_005.jpg,20250530_191448,5,FACA,train,0.02066730707883835,0.07310531288385391,0.5152983665466309,4,1.029240369796753,inf,5,1.0360265970230103,inf
20250530_191448_006.jpg,20250530_191448,6,FACA,train,0.021510444581508636,0.030610334128141403,0.40430760383605957,3,1.0625262260437012,inf,4,1.0144199132919312,inf
20250530_191448_007.jpg,20250530_191448,7,FACA,train,0.011548097245395184,0.04602265730500221,0.4299580156803131,3,0.9505578279495239,inf,4,1.0732938051223755,0.6906827688217163
20250530_191448_008.jpg,20250530_191448,8,FACA,train,0.01182603556662798,0.04183337464928627,0.3817618787288666,2,1.0339075326919556,inf,4,1.0492043495178223,inf
20250530_191448_009.jpg,20250530_191448,9,normal,test,0.0137229198589921,0.061090197414159775,0.23210440576076508,4,1.0378841161727905,inf,3,1.0099525451660156,inf
20250530_191448_010.jpg,20250530_191448,10,FACA,valid,0.014255106449127197,0.05074653774499893,0.24304470419883728,3,1.0372544527053833,inf,4,1.015641450881958,inf
20250530_191448_011.jpg,20250530_191448,11,FACA,train,0.020194560289382935,0.0740085244178772,0.3128925859928131,3,1.0313262939453125,inf,4,1.009500503540039,inf
20250530_191448_012.jpg,20250530_191448,12,FACA,valid,0.012852925807237625,0.11263411492109299,0.19394032657146454,4,0.9684261679649353,inf,4,1.0332763195037842,inf
20250530_191448_013.jpg,20250530_191448,13,FACA,valid,0.01286041084676981,0.12650848925113678,0.26124054193496704,4,0.9836105704307556,inf,4,0.9660561680793762,inf
20250530_191448_014.jpg,20250530_191448,14,FACA,train,0.01329650916159153,0.1496344953775406,0.3376504182815552,4,0.9839438199996948,inf,4,0.9550168514251709,inf
20250530_191448_015.jpg,20250530_191448,15,FACA,valid,0.015315800905227661,0.1016240045428276,0.5167493224143982,4,0.9360817074775696,inf,5,0.9388090372085571,inf
20250530_191448_016.jpg,20250530_191448,16,FACA,train,0.013864247128367424,0.12944462895393372,0.34409165382385254,4,1.0207568407058716,inf,4,0.9577342867851257,inf
20250530_191448_017.jpg,20250530_191448,17,FACA,train,0.020495695993304253,0.07856446504592896,0.2577636241912842,4,1.0019010305404663,inf,4,0.8990126848220825,inf
20250530_191448_018.jpg,20250530_191448,18,FACA,valid,0.0,0.09135106950998306,0.3854478597640991,4,0.9799663424491882,inf,4,0.853405237197876,inf
20250530_191448_019.jpg,20250530_191448,19,FACA,train,0.011678916402161121,0.08461720496416092,0.3720490038394928,4,1.0096960067749023,inf,4,0.9516987204551697,inf
20250530_191448_020.jpg,20250530_191448,20,FACA,train,0.08496089279651642,0.06851929426193237,0.28475815057754517,4,1.0036835670471191,inf,5,1.0122747421264648,inf
20250530_191448_021.jpg,20250530_191448,21,FACA,train,0.011503349058330059,0.12303163856267929,0.2830336093902588,3,1.024526596069336,inf,4,1.0065383911132812,inf
20250530_191448_022.jpg,20250530_191448,22,FACA,train,0.0,0.021713843569159508,0.24045239388942719,4,1.0395848751068115,0.81256103515625,3,1.008166790008545,inf
20250530_191448_023.jpg,20250530_191448,23,FACA,train,0.027066776528954506,0.018268879503011703,0.38153746724128723,4,1.0502889156341553,0.7641162276268005,4,1.0202049016952515,inf
20250530_191448_024.jpg,20250530_191448,24,FACA,train,0.015424423851072788,0.0,0.3407028019428253,4,1.0546629428863525,0.7946500778198242,4,1.0422555208206177,inf
20250530_191448_025.jpg,20250530_191448,25,FACA,valid,0.014184722676873207,0.0,0.33080360293388367,4,0.9125844240188599,inf,3,0.9873965978622437,inf
20250530_191448_026.jpg,20250530_191448,26,FACA,train,0.01076381653547287,0.0,0.2996625006198883,4,0.9416937828063965,inf,4,1.0173697471618652,inf
20250530_191448_027.jpg,20250530_191448,27,FACA,train,0.0,0.0,0.017278527840971947,3,0.8319668173789978,0.8661718964576721,3,0.9761025309562683,inf
20250530_191448_028.jpg,20250530_191448,28,FACA,valid,0.017774095758795738,0.0,0.0,3,1.038291335105896,0.8126775026321411,3,1.0013427734375,inf
20250530_191448_029.jpg,20250530_191448,29,FACA,train,0.0,0.0,0.037752196192741394,3,1.0595206022262573,0.8026423454284668,3,1.0655914545059204,0.6841847896575928
20250530_191448_030.jpg,20250530_191448,30,FACA,test,0.0,0.0,0.0,3,1.067207932472229,0.8338648080825806,4,1.0662959814071655,inf
20250530_191448_031.jpg,20250530_191448,31,FACA,train,0.0,0.0,0.0,4,1.094711184501648,0.7858585119247437,4,1.108845591545105,inf
20250530_191448_032.jpg,20250530_191448,32,FACA,train,0.0,0.0,0.012391829863190651,3,0.994051992893219,0.8121472001075745,3,1.0763933658599854,inf
20250530_191448_033.jpg,20250530_191448,33,FACA,train,0.0,0.0,0.0,4,0.9346358180046082,1.250611424446106,3,1.0604770183563232,inf
20250530_191448_034.jpg,20250530_191448,34,FACA,valid,0.0,0.0,0.0,4,1.0177620649337769,0.9081214070320129,3,0.9422445297241211,inf
20250530_191448_035.jpg,20250530_191448,35,FACA,valid,0.0,0.0,0.0,3,1.0590393543243408,0.9092119336128235,3,0.8269189596176147,inf
20250530_191448_036.jpg,20250530_191448,36,FACA,test,0.0,0.0,0.0,4,0.8354220390319824,0.9263238906860352,4,0.7674235701560974,inf
20250530_191448_037.jpg,20250530_191448,37,FACA,train,0.02125868946313858,0.0,0.0,3,1.0760581493377686,0.9247066378593445,3,0.7729467749595642,0.8867536187171936
20250530_191448_038.jpg,20250530_191448,38,FACA,train,0.0,0.0,0.1337226927280426,5,0.7283757925033569,0.7950561046600342,4,0.7517266869544983,0.7703400254249573
20250530_191448_039.jpg,20250530_191448,39,FACA,train,0.0,0.0,0.0,2,1.1157927513122559,0.7473061084747314,4,0.6558804512023926,0.7116079330444336
20250530_191448_040.jpg,20250530_191448,40,FACA,train,0.0,0.025757210329174995,0.02652563527226448,2,1.1615431308746338,0.5754525661468506,4,0.6538150310516357,0.6861200928688049
20250530_191448_041.jpg,20250530_191448,41,FACA,valid,0.0,0.017460161820054054,0.019528498873114586,2,1.1789562702178955,0.6518875956535339,4,0.6126626133918762,0.7563233971595764
20250530_191448_042.jpg,20250530_191448,42,FACA,train,0.013265121728181839,0.08032117784023285,0.03217419609427452,3,0.9005787372589111,0.7404173016548157,3,1.0928404331207275,0.826711893081665
20250530_191448_043.jpg,20250530_191448,43,FACA,train,0.02076716348528862,0.09717164188623428,0.0,2,1.1420015096664429,0.6876751780509949,4,0.8527288436889648,0.9757701754570007
20250530_191448_044.jpg,20250530_191448,44,FACA,train,0.02621660940349102,0.15039318799972534,0.02311515621840954,2,1.1895785331726074,0.8796778917312622,4,0.7051783800125122,0.8171778321266174
20250530_191448_045.jpg,20250530_191448,45,FACA,valid,0.0,0.0,0.04167483374476433,2,1.2021254301071167,0.805788516998291,4,0.6822529435157776,0.8639386892318726
20250530_191448_046.jpg,20250530_191448,46,FACA,train,0.0,0.01409363653510809,0.022687509655952454,3,1.0959298610687256,1.0607231855392456,4,0.9014055728912354,0.8803476691246033
20250530_191448_047.jpg,20250530_191448,47,FACA,train,0.0,0.01926984079182148,0.0,3,0.9978134632110596,1.0394808053970337,4,0.7490230798721313,0.844905436038971
20250530_191448_048.jpg,20250530_191448,48,FACA,train,0.0,0.01996496133506298,0.0,2,1.2023768424987793,0.8004412651062012,4,0.9310060143470764,0.8947298526763916
20250530_191448_049.jpg,20250530_191448,49,FACA,train,0.031705521047115326,0.03007737547159195,0.012245121411979198,2,1.1450629234313965,1.0762273073196411,4,0.8856891989707947,0.9064045548439026
20250530_191448_050.jpg,20250530_191448,50,FACA,valid,0.0,0.028533760458230972,0.022780928760766983,3,1.105394959449768,1.0299208164215088,5,0.9124476313591003,0.8682913184165955
20250530_191448_051.jpg,20250530_191448,51,FACA,test,0.0,0.01790049485862255,0.0,3,1.0222235918045044,1.0400800704956055,5,0.9369730353355408,1.1608614921569824
20250530_191448_052.jpg,20250530_191448,52,FACA,train,0.0,0.01282509509474039,0.026492904871702194,3,0.9007183313369751,0.7950238585472107,3,0.8609598875045776,0.8324916362762451
20250530_191448_053.jpg,20250530_191448,53,FACA,test,0.0,0.0,0.0,3,1.1046993732452393,0.7568832635879517,3,0.8986343145370483,0.8405867218971252
20250530_191448_054.jpg,20250530_191448,54,FACA,train,0.015646351501345634,0.019915767014026642,0.05321509391069412,3,0.8899765014648438,1.0019161701202393,3,0.903351902961731,0.8935615420341492
20250530_191448_055.jpg,20250530_191448,55,FACA,test,0.0,0.0,0.02498190477490425,3,0.9003663063049316,1.036853551864624,2,inf,0.8919535875320435
20250530_191448_056.jpg,20250530_191448,56,FACA,train,0.0,0.0,0.010073168203234673,3,1.1389423608779907,1.048161506652832,3,0.9525513052940369,0.9335718154907227
20250530_191448_057.jpg,20250530_191448,57,FACA,valid,0.0,0.0,0.015815727412700653,3,0.9633214473724365,1.109045386314392,3,0.9236956834793091,0.9666213393211365
20250530_191448_058.jpg,20250530_191448,58,FACA,train,0.0,0.0,0.0,3,1.0257128477096558,0.7720222473144531,3,1.011823296546936,0.9484388828277588
20250530_191448_059.jpg,20250530_191448,59,FACA,test,0.017561467364430428,0.0,0.0,4,0.8657411932945251,0.9056097865104675,4,0.8820743560791016,0.9199191331863403
20250530_191448_060.jpg,20250530_191448,60,FACA,test,0.0,0.0,0.0,3,0.9315080046653748,0.9600083827972412,5,0.8781389594078064,1.1437814235687256
20250530_191448_061.jpg,20250530_191448,61,FACA,train,0.0,0.0,0.0,3,1.0491231679916382,0.8299931287765503,3,0.5340558886528015,inf
20250530_191448_062.jpg,20250530_191448,62,FACA,train,0.0,0.0,0.0,5,1.0571731328964233,inf,3,1.0720205307006836,inf
20250530_191448_063.jpg,20250530_191448,63,FACA,train,0.0,0.0,0.0,4,1.105530858039856,inf,4,1.0708184242248535,inf
20250530_191448_064.jpg,20250530_191448,64,FACA,valid,0.0,0.0,0.0,4,0.9608197808265686,inf,4,1.133549690246582,inf
20250530_191448_065.jpg,20250530_191448,65,FACA,train,0.0,0.0,0.0,4,0.9943029284477234,inf,4,1.1226800680160522,inf
20250530_191448_066.jpg,20250530_191448,66,FACA,train,0.0,0.0,0.0,4,0.938514232635498,inf,4,1.1333564519882202,inf
20250530_191448_067.jpg,20250530_191448,67,FACA,train,0.0,0.0,0.0,3,1.0160658359527588,inf,3,1.1392271518707275,inf
20250530_191448_068.jpg,20250530_191448,68,FACA,train,0.0,0.018479010090231895,0.0,3,0.9301570057868958,inf,3,1.135852336883545,inf
20250530_191448_069.jpg,20250530_191448,69,FACA,valid,0.014652869664132595,0.0,0.0,3,0.8967254757881165,inf,3,0.906068742275238,inf
20250530_191448_070.jpg,20250530_191448,70,FACA,train,0.0,0.0,0.0,3,0.8453673124313354,inf,4,0.8885383009910583,inf
20250530_191448_071.jpg,20250530_191448,71,FACA,train,0.0,0.23425094783306122,0.0,2,1.0396462678909302,inf,3,1.083206057548523,inf
20250530_191448_072.jpg,20250530_191448,72,FACA,train,0.01073446311056614,0.10537341237068176,0.0,2,1.027313470840454,0.8981703519821167,4,1.038148045539856,inf
20250530_191448_073.jpg,20250530_191448,73,FACA,train,0.0,0.10595830529928207,0.0,3,0.9248862266540527,0.9363089799880981,4,1.073601245880127,inf
20250530_191448_074.jpg,20250530_191448,74,FACA,train,0.014970313757658005,0.27139970660209656,0.0,3,1.044397234916687,0.927669882774353,4,0.9369024038314819,inf
20250530_191448_075.jpg,20250530_191448,75,FACA,train,0.0,0.23762135207653046,0.0,4,1.0676831007003784,0.9403257966041565,4,0.968241810798645,inf
20250530_191448_076.jpg,20250530_191448,76,FACA,test,0.0,0.11098247021436691,0.0,3,0.805741548538208,0.9214789271354675,4,1.0560824871063232,inf
20250530_191448_077.jpg,20250530_191448,77,FACA,train,0.04023948684334755,0.2460498809814453,0.0,3,0.8072198033332825,0.9272980093955994,4,1.0171318054199219,inf
20250530_191448_078.jpg,20250530_191448,78,FACA,train,0.0,0.32384100556373596,0.0,4,0.8291395306587219,0.9328145980834961,3,1.0082323551177979,0.9173523783683777
20250530_191448_079.jpg,20250530_191448,79,FACA,train,0.0,0.43361273407936096,0.0,3,0.6610936522483826,inf,4,1.0080413818359375,inf
20250530_191448_080.jpg,20250530_191448,80,FACA,train,0.0,0.39917126297950745,0.0,4,0.6903824210166931,0.9177741408348083,4,0.9999836087226868,0.9370484948158264
20250530_191448_081.jpg,20250530_191448,81,FACA,train,0.019468896090984344,0.2162918746471405,0.0,3,1.0592213869094849,0.93351149559021,4,1.0542628765106201,inf
20250530_191448_082.jpg,20250530_191448,82,FACA,valid,0.08473000675439835,0.17506709694862366,0.0414590910077095,3,0.8011559247970581,0.9526113867759705,3,1.01827871799469,inf
20250530_191448_083.jpg,20250530_191448,83,FACA,train,0.15642715990543365,0.16749149560928345,0.19376759231090546,3,0.7406623959541321,inf,3,1.1115678548812866,inf
20250530_191448_084.jpg,20250530_191448,84,FACA,train,0.06569931656122208,0.2818358540534973,0.14247861504554749,4,0.7769479155540466,inf,3,1.058759331703186,inf
20250530_191448_085.jpg,20250530_191448,85,FACA,valid,0.0,0.0412256196141243,0.0,3,0.6868865489959717,0.9682262539863586,3,0.7835989594459534,0.919856607913971
20250530_191448_086.jpg,20250530_191448,86,FACA,train,0.0,0.024662956595420837,0.01829194836318493,3,0.8836873769760132,inf,3,0.9884659647941589,inf
20250530_191448_087.jpg,20250530_191448,87,FACA,train,0.014409039169549942,0.029774609953165054,0.0,3,1.0173420906066895,0.9576247334480286,4,1.0698935985565186,0.9602664709091187
20250530_191448_088.jpg,20250530_191448,88,FACA,train,0.0,0.022714411839842796,0.0,4,0.8565502166748047,0.9717206358909607,5,0.9876147508621216,0.9461413621902466
20250530_191448_089.jpg,20250530_191448,89,FACA,valid,0.014168302528560162,0.0,0.0,2,0.7916168570518494,0.8964065313339233,4,1.0306251049041748,0.9487740993499756
20250530_191448_090.jpg,20250530_191448,90,FACA,train,0.023907504975795746,0.0,0.0,3,0.7134814858436584,0.7680746912956238,3,0.7470045685768127,0.8405579924583435
20250530_191448_091.jpg,20250530_191448,91,FACA,train,0.010324185714125633,0.0,0.0,3,0.9227668642997742,0.7003811001777649,5,0.690544605255127,0.8240019083023071
20250530_191448_092.jpg,20250530_191448,92,FACA,train,0.016735481098294258,0.07489635050296783,0.02477874979376793,3,1.0407437086105347,0.7959946393966675,3,0.6686328053474426,0.8467258810997009
20250530_191448_093.jpg,20250530_191448,93,FACA,train,0.013772859238088131,0.026902416720986366,0.06321747601032257,2,2.1020946502685547,1.0078909397125244,4,1.0081250667572021,1.1119037866592407
20250530_191448_094.jpg,20250530_191448,94,FACA,valid,0.03448522463440895,0.027181750163435936,0.4359995126724243,2,1.9640475511550903,1.1116300821304321,3,2.1624722480773926,1.139792561531067
20250530_191448_095.jpg,20250530_191448,95,FACA,train,0.033397357910871506,0.06096947193145752,0.42612355947494507,2,0.9769664406776428,1.1093991994857788,3,1.0508865118026733,1.226721167564392
20250530_191448_096.jpg,20250530_191448,96,FACA,train,0.026598947122693062,0.044784948229789734,0.41624850034713745,3,0.982111930847168,1.147615909576416,2,0.9697337746620178,1.103029489517212
20250530_191448_097.jpg,20250530_191448,97,FACA,train,0.03168841451406479,0.02715517207980156,0.5404611229896545,2,0.9754307866096497,1.145729422569275,2,1.0065691471099854,1.1707473993301392
20250530_191448_098.jpg,20250530_191448,98,FACA,train,0.047820888459682465,0.050874561071395874,0.17348571121692657,2,0.9460388422012329,1.1049326658248901,2,0.9802231788635254,1.1836210489273071
20250530_191448_099.jpg,20250530_191448,99,FACA,valid,0.07870715111494064,0.03736352175474167,0.2478480041027069,2,0.9207509160041809,1.0684058666229248,2,0.9952341914176941,1.1784745454788208
20250530_191448_100.jpg,20250530_191448,100,FACA,valid,0.11686248332262039,0.06943192332983017,0.18584731221199036,2,0.9112016558647156,1.0473371744155884,2,0.9537448287010193,1.1950387954711914
20250530_191459_002.jpg,20250530_191459,2,FACA,train,0.0,0.0,0.0,3,0.8057605624198914,1.064418911933899,4,0.7610664367675781,0.938766360282898
20250530_191459_003.jpg,20250530_191459,3,FACA,train,0.0,0.0,0.0,4,0.9027190208435059,0.9779837131500244,4,0.9133954048156738,0.8654406070709229
20250530_191459_004.jpg,20250530_191459,4,FACA,train,0.036807551980018616,0.0,0.0,3,0.8792086243629456,0.6929880380630493,3,0.9189589619636536,0.7670912742614746
20250530_191459_005.jpg,20250530_191459,5,FACA,train,0.0,0.0,0.0,1,inf,0.9956520199775696,3,0.919783890247345,0.9310786724090576
20250530_191459_006.jpg,20250530_191459,6,FACA,train,0.03288901597261429,0.0,0.0,2,1.0597076416015625,1.0366525650024414,3,0.9017321467399597,1.0493669509887695
20250530_191459_007.jpg,20250530_191459,7,FACA,train,0.01919984631240368,0.043680980801582336,0.40821337699890137,2,0.9734160304069519,0.9063008427619934,3,0.912347137928009,1.0085728168487549
20250530_191459_008.jpg,20250530_191459,8,FACA,train,0.021559998393058777,0.0,0.40811800956726074,3,0.9321486353874207,0.9948531985282898,3,0.8617135286331177,1.0272833108901978
20250530_191459_009.jpg,20250530_191459,9,FACA,train,0.020762460306286812,0.018704742193222046,0.12965121865272522,3,0.9661039710044861,0.9628260135650635,2,0.8419796228408813,0.9658142924308777
20250530_191459_010.jpg,20250530_191459,10,FACA,train,0.05976307392120361,0.020263615995645523,0.12112424522638321,2,1.0497546195983887,0.9914485216140747,2,0.6651852130889893,1.0095990896224976
20250530_191459_011.jpg,20250530_191459,11,FACA,train,0.08016358315944672,0.0,0.08318399637937546,2,1.029665470123291,1.0074841976165771,3,0.9744850397109985,0.934392511844635
20250530_191459_012.jpg,20250530_191459,12,FACA,valid,0.0463649220764637,0.0,0.04626172035932541,2,1.1002624034881592,1.0090973377227783,2,1.1105616092681885,0.9114174842834473
20250530_191459_013.jpg,20250530_191459,13,FACA,train,0.03288432955741882,0.0,0.08724312484264374,2,1.0746809244155884,0.9296894073486328,2,1.0581181049346924,0.8525013327598572
20250530_191459_014.jpg,20250530_191459,14,FACA,train,0.04983638599514961,0.0,0.15560603141784668,2,1.113376259803772,0.8612736463546753,2,1.061973214149475,inf
20250530_191459_015.jpg,20250530_191459,15,FACA,valid,0.037296708673238754,0.0404207780957222,0.3096320927143097,1,inf,0.845980167388916,2,1.0561254024505615,inf
20250530_191459_016.jpg,20250530_191459,16,FACA,valid,0.01252113189548254,0.0,0.03939102590084076,2,0.9591000080108643,0.898147463798523,2,1.0311229228973389,inf
20250530_191459_017.jpg,20250530_191459,17,FACA,valid,0.014600446447730064,0.0,0.2127240151166916,2,0.958421528339386,0.84355628490448,2,1.0042630434036255,0.9361514449119568
20250530_191459_018.jpg,20250530_191459,18,FACA,train,0.0,0.0,0.08097431808710098,2,0.9885791540145874,0.7903773784637451,3,0.7086000442504883,1.3146486282348633
20250530_191459_019.jpg,20250530_191459,19,FACA,train,0.014254389330744743,0.0,0.0,3,0.9113268852233887,0.8847143054008484,2,0.9533089399337769,0.8592334389686584
20250530_191459_020.jpg,20250530_191459,20,FACA,train,0.022979319095611572,0.0,0.0,2,1.7924567461013794,0.8599486351013184,2,1.6854979991912842,0.8856394290924072
20250530_191459_021.jpg,20250530_191459,21,FACA,valid,0.0320265032351017,0.04509507492184639,0.04598139226436615,1,inf,0.9456656575202942,3,0.9914183020591736,0.9331585764884949
20250530_191459_022.jpg,20250530_191459,22,FACA,train,0.01610882766544819,0.35302141308784485,0.23113305866718292,2,1.1230684518814087,0.9352925419807434,3,0.9571390151977539,0.9734644889831543
20250530_191459_023.jpg,20250530_191459,23,FACA,train,0.024822376668453217,0.07228066027164459,0.32423102855682373,4,0.8969040513038635,0.9454116821289062,3,0.9525693655014038,0.8847776651382446
20250530_191459_024.jpg,20250530_191459,24,FACA,valid,0.02510298229753971,0.056590430438518524,0.013644271530210972,4,0.8779499530792236,0.9573318958282471,2,1.280718445777893,0.9187684655189514
20250530_191459_025.jpg,20250530_191459,25,FACA,valid,0.010847250930964947,0.01710563711822033,0.12785783410072327,3,0.895474374294281,0.9455981850624084,4,0.9197974801063538,0.9335598349571228
20250530_191459_026.jpg,20250530_191459,26,FACA,train,0.016385992988944054,0.02078021876513958,0.1980019211769104,4,0.9734863042831421,0.965277910232544,3,0.9649425148963928,0.9983886480331421
20250530_191459_027.jpg,20250530_191459,27,FACA,train,0.024623805657029152,0.2048509567975998,0.5400662422180176,4,0.9425861835479736,0.9509936571121216,5,0.9467185735702515,0.9545285105705261
20250530_191459_028.jpg,20250530_191459,28,FACA,valid,0.010183346457779408,0.026506297290325165,0.509456217288971,4,0.923237144947052,0.9282637238502502,5,0.9928483963012695,0.9650817513465881
20250530_191459_029.jpg,20250530_191459,29,FACA,test,0.020084086805582047,0.0,0.0,3,0.9494802951812744,0.9250808358192444,5,1.0103493928909302,0.964968740940094
20250530_191459_030.jpg,20250530_191459,30,FACA,train,0.04677906259894371,0.2644577920436859,0.1317407339811325,3,0.9826896786689758,0.9687082767486572,4,0.9716935753822327,0.9427541494369507
20250530_191459_031.jpg,20250530_191459,31,FACA,train,0.07468768209218979,0.4724445939064026,0.4847518801689148,4,0.9360957741737366,0.9455469250679016,4,0.9813616871833801,0.9498343467712402
20250530_191459_032.jpg,20250530_191459,32,FACA,train,0.06914238631725311,0.24025094509124756,0.2139703631401062,4,0.8977096080780029,0.9018644094467163,4,0.9730520248413086,0.9582192897796631
20250530_191459_033.jpg,20250530_191459,33,FACA,train,0.022367527708411217,0.0,0.047396477311849594,4,0.8822847008705139,0.9211044907569885,5,0.9423190355300903,0.9350454211235046
20250530_191459_034.jpg,20250530_191459,34,FACA,train,0.059993162751197815,0.037436600774526596,0.3755165934562683,4,0.9129233956336975,0.9188636541366577,4,0.9285982251167297,0.9494643211364746
20250530_191459_035.jpg,20250530_191459,35,FACA,train,0.053625598549842834,0.04870219528675079,0.4179286062717438,4,1.2451269626617432,1.0076390504837036,4,0.9574790596961975,0.9294686317443848
20250530_191459_036.jpg,20250530_191459,36,FACA,train,0.03552986681461334,0.04928905889391899,0.3858385384082794,4,0.9018418788909912,0.9244917631149292,4,0.9560099244117737,0.9309023022651672
20250530_191459_037.jpg,20250530_191459,37,FACA,train,0.027031663805246353,0.024900801479816437,0.5219868421554565,3,inf,0.9784340262413025,4,1.0204901695251465,inf
20250530_191459_038.jpg,20250530_191459,38,FACA,train,0.03913562744855881,0.021789483726024628,0.5091778039932251,4,0.9001176953315735,inf,4,1.0290762186050415,0.9296644330024719
20250530_191459_039.jpg,20250530_191459,39,FACA,train,0.0,0.01046078559011221,0.05501941591501236,4,1.0655635595321655,inf,3,1.1362987756729126,0.9480049014091492
20250530_191459_040.jpg,20250530_191459,40,FACA,valid,0.033844344317913055,0.0,0.021776629611849785,4,0.877621591091156,0.9735689759254456,4,0.7897195219993591,0.9498748183250427
20250530_191459_041.jpg,20250530_191459,41,FACA,valid,0.018206484615802765,0.029049651697278023,0.0,2,1.0613144636154175,0.9931238293647766,3,0.9695378541946411,0.9334282875061035
20250530_191459_042.jpg,20250530_191459,42,FACA,train,0.01320691592991352,0.0,0.0,2,1.1229370832443237,0.9881649613380432,2,1.0985076427459717,inf
20250530_191459_043.jpg,20250530_191459,43,FACA,train,0.012537557631731033,0.0,0.0332861989736557,2,1.10110604763031,1.0275979042053223,2,1.0986264944076538,0.9527061581611633
20250530_191459_044.jpg,20250530_191459,44,FACA,train,0.022257309406995773,0.0,0.0,2,1.0729353427886963,1.0119282007217407,3,1.1361148357391357,0.9813686013221741
20250530_191459_045.jpg,20250530_191459,45,FACA,valid,0.028928076848387718,0.0,0.0,3,1.0563862323760986,1.023992896080017,4,1.0769448280334473,0.9504532217979431
20250530_191459_046.jpg,20250530_191459,46,FACA,train,0.026249326765537262,0.0,0.0,3,1.0090206861495972,1.0469568967819214,3,1.070703148841858,0.9254167675971985
20250530_191459_047.jpg,20250530_191459,47,FACA,train,0.0,0.062156546860933304,0.08320625871419907,4,1.1307390928268433,1.0324373245239258,3,1.0616788864135742,0.9494803547859192
20250530_191459_048.jpg,20250530_191459,48,FACA,train,0.013773377053439617,0.03774717450141907,0.10853228718042374,3,1.0765101909637451,1.0223891735076904,3,1.0505880117416382,0.9416190385818481
20250530_191459_049.jpg,20250530_191459,49,FACA,train,0.015109353698790073,0.04091943800449371,0.19117042422294617,4,1.0828649997711182,1.0360630750656128,3,1.0317293405532837,0.9228598475456238
20250530_191459_050.jpg,20250530_191459,50,FACA,train,0.0,0.0,0.0,2,0.9784389734268188,inf,4,1.0129142999649048,0.9228975772857666
20250530_191459_051.jpg,20250530_191459,51,FACA,train,0.011548766866326332,0.0,0.0,3,1.0029102563858032,0.9453054070472717,3,1.0554980039596558,0.9390814304351807
20250530_191459_052.jpg,20250530_191459,52,FACA,train,0.0,0.0,0.11381465196609497,3,1.0013021230697632,inf,4,1.01039457321167,inf
20250530_191459_053.jpg,20250530_191459,53,FACA,train,0.0,0.0,0.0,2,1.008560299873352,0.8761476874351501,4,1.0088388919830322,inf
20250530_191459_054.jpg,20250530_191459,54,FACA,valid,0.0,0.0,0.0,3,0.9947221279144287,inf,3,0.9477266669273376,inf
20250530_191459_055.jpg,20250530_191459,55,FACA,train,0.0,0.010296748951077461,0.0,4,0.9738535284996033,inf,4,0.9967198371887207,inf
20250530_191459_056.jpg,20250530_191459,56,FACA,train,0.0,0.0,0.0,2,2.0656449794769287,inf,4,1.0754053592681885,inf
20250530_191459_057.jpg,20250530_191459,57,FACA,train,0.0,0.0,0.0,1,inf,1.024648904800415,2,1.1520189046859741,inf
20250530_191459_058.jpg,20250530_191459,58,FACA,test,0.0,0.0,0.0,1,inf,1.0042924880981445,3,0.8151768445968628,inf
20250530_191459_059.jpg,20250530_191459,59,FACA,train,0.01098204217851162,0.0,0.0,1,inf,0.9700159430503845,2,0.9132776260375977,1.0819820165634155
20250530_191459_060.jpg,20250530_191459,60,FACA,train,0.04829027131199837,0.0,0.010497750714421272,2,1.0506645441055298,0.41561079025268555,3,0.8067143559455872,0.9847862720489502
20250530_191459_061.jpg,20250530_191459,61,FACA,train,0.0,0.0,0.0,1,inf,0.5880371332168579,2,1.1430552005767822,inf
20250530_191459_062.jpg,20250530_191459,62,FACA,train,0.0,0.0,0.0,1,inf,0.6132077574729919,2,inf,0.7765896916389465
20250530_191459_063.jpg,20250530_191459,63,FACA,train,0.0,0.0,0.0,3,0.6949161887168884,0.6957764625549316,3,0.6237630844116211,0.6973572969436646
20250530_191459_064.jpg,20250530_191459,64,FACA,train,0.0,0.10427173972129822,0.01967756263911724,4,0.721265971660614,0.6455294489860535,4,0.6826691031455994,inf
20250530_191459_065.jpg,20250530_191459,65,FACA,train,0.0,0.010392418131232262,0.0,3,0.6750227212905884,0.7692567706108093,4,0.7541367411613464,0.939458429813385
20250530_191459_066.jpg,20250530_191459,66,FACA,train,0.0,0.0,0.0,4,0.6285290122032166,0.7927244901657104,4,0.3083650767803192,0.8156135678291321
20250530_191459_067.jpg,20250530_191459,67,FACA,train,0.0,0.047270193696022034,0.0,3,1.0398426055908203,inf,3,0.8704676032066345,inf
20250530_191459_068.jpg,20250530_191459,68,FACA,valid,0.0,0.038833700120449066,0.0,3,0.9539216756820679,0.7197152376174927,4,0.869908332824707,0.7452414035797119
20250530_191459_069.jpg,20250530_191459,69,normal,train,0.2145901471376419,0.05656920000910759,0.0,3,0.9842079281806946,0.7368924617767334,3,0.8565223813056946,inf
20250530_191459_070.jpg,20250530_191459,70,FACA,train,0.2233792245388031,0.05879998579621315,0.04261256009340286,3,0.8941631317138672,inf,3,0.9684866070747375,0.8938842415809631
20250530_191459_071.jpg,20250530_191459,71,FACA,train,0.050062939524650574,0.10331561416387558,0.02939438447356224,3,0.9141943454742432,inf,3,0.8103347420692444,0.8465586304664612
20250530_191459_072.jpg,20250530_191459,72,FACA,valid,0.0152132548391819,0.06106714531779289,0.03946559876203537,2,0.9491671323776245,inf,3,0.861579418182373,0.8451593518257141
20250530_191459_073.jpg,20250530_191459,73,FACA,train,0.022059259936213493,0.021833371371030807,0.04778137058019638,2,0.6572268009185791,1.190640926361084,4,0.8795011043548584,0.7924173474311829
20250530_191459_074.jpg,20250530_191459,74,FACA,train,0.03708275407552719,0.04220748692750931,0.03905544802546501,2,0.6950504183769226,0.7315850853919983,3,0.899189293384552,0.9308188557624817
20250530_191459_075.jpg,20250530_191459,75,FACA,valid,0.04079694673418999,0.036971189081668854,0.04153889790177345,2,0.646515429019928,0.7279218435287476,3,0.887713611125946,0.8085900545120239
20250530_191459_076.jpg,20250530_191459,76,FACA,train,0.16726914048194885,0.05546078085899353,0.01600799895823002,2,0.41910216212272644,0.7778058052062988,3,0.878039538860321,0.7645220756530762
20250530_191459_077.jpg,20250530_191459,77,FACA,train,0.08733712136745453,0.09519113600254059,0.024876277893781662,4,0.14307019114494324,0.7188448309898376,2,0.899958610534668,0.7701371312141418
20250530_191459_078.jpg,20250530_191459,78,normal,test,0.03761826828122139,0.06431107223033905,0.04437930881977081,2,0.9474054574966431,0.7602187395095825,2,0.9369773864746094,0.7657451033592224
20250530_191459_079.jpg,20250530_191459,79,FACA,train,0.0562208890914917,0.030099807307124138,0.03696106746792793,4,0.9420741200447083,0.773351788520813,3,0.9598608016967773,0.9342960119247437
20250530_191459_080.jpg,20250530_191459,80,FACA,test,0.015207212418317795,0.02384820021688938,0.030988486483693123,4,0.6138103008270264,0.8065521717071533,2,0.9465125799179077,0.8373127579689026
20250530_191459_081.jpg,20250530_191459,81,FACA,train,0.0,0.015184862539172173,0.023843150585889816,3,0.2749669551849365,0.7750931978225708,2,0.8962450623512268,0.722446858882904
20250530_191459_082.jpg,20250530_191459,82,FACA,train,0.0,0.016123367473483086,0.013405789621174335,4,0.4300342798233032,0.7843557000160217,2,0.9508946537971497,0.8490614891052246
20250530_191459_083.jpg,20250530_191459,83,FACA,test,0.0,0.03239258751273155,0.016592858359217644,3,0.310562402009964,0.8516560792922974,2,1.0234333276748657,1.0652436017990112
20250530_191459_084.jpg,20250530_191459,84,FACA,train,0.0,0.03085009567439556,0.028398171067237854,4,0.25118401646614075,0.7468751072883606,2,0.9492236375808716,0.7547591328620911
20250530_191459_085.jpg,20250530_191459,85,FACA,valid,0.07054471224546432,0.06966087222099304,0.01267965603619814,3,1.1444133520126343,0.7359955906867981,4,1.0030437707901,0.7748743891716003
20250530_191459_086.jpg,20250530_191459,86,FACA,train,0.018584802746772766,0.0646354928612709,0.0,4,0.48616331815719604,0.7511748671531677,3,0.9480323791503906,0.9038138389587402
20250530_191459_087.jpg,20250530_191459,87,FACA,valid,0.0,0.04560287669301033,0.0,4,1.0319596529006958,0.587585985660553,3,0.9660823941230774,0.7969542741775513
20250530_191459_088.jpg,20250530_191459,88,FACA,train,0.07147940248250961,0.10830798745155334,0.0,4,1.0255690813064575,0.7785564661026001,4,0.936119019985199,0.9776117205619812
20250530_191459_089.jpg,20250530_191459,89,FACA,train,0.03515878692269325,0.029931340366601944,0.020063677802681923,3,1.0359421968460083,0.7691385746002197,4,0.9475951194763184,0.7742013931274414
20250530_191459_090.jpg,20250530_191459,90,FACA,valid,0.025902751833200455,0.044866129755973816,0.08972039073705673,4,0.735253095626831,0.8146144151687622,4,0.8792802095413208,0.9333080649375916
20250530_191459_091.jpg,20250530_191459,91,FACA,train,0.022182522341609,0.04617110639810562,0.04127272218465805,4,0.7794582843780518,0.799979567527771,3,0.9085775017738342,0.7360272407531738
20250530_191459_092.jpg,20250530_191459,92,FACA,train,0.0,0.05686423182487488,0.06900244951248169,3,1.1058481931686401,0.6643803119659424,3,0.9134044647216797,0.9617820978164673
20250530_191459_093.jpg,20250530_191459,93,FACA,test,0.0,0.016932882368564606,0.04738810285925865,3,1.0669140815734863,0.8008110523223877,4,0.8918700218200684,0.8189718127250671
20250530_191459_094.jpg,20250530_191459,94,FACA,train,0.013435659930109978,0.021290481090545654,0.01023787446320057,3,0.8093082904815674,0.6735679507255554,4,0.9589846730232239,0.8859544992446899
20250530_191459_095.jpg,20250530_191459,95,FACA,train,0.015063667669892311,0.018339714035391808,0.0,4,0.829210102558136,0.8001872301101685,4,0.8239549398422241,0.9741123914718628
20250530_191459_096.jpg,20250530_191459,96,FACA,train,0.0,0.013911362737417221,0.0,4,0.8691122531890869,0.8044975399971008,3,0.9296719431877136,0.8720064759254456
20250530_191459_097.jpg,20250530_191459,97,FACA,train,0.0,0.0289269108325243,0.0,3,0.8392438888549805,0.5305600762367249,5,0.7210859656333923,0.8298941254615784
20250530_191459_098.jpg,20250530_191459,98,FACA,train,0.01094408705830574,0.023487547412514687,0.0,3,0.870191752910614,0.7666379809379578,4,0.8538035154342651,0.8736569881439209
20250530_191459_099.jpg,20250530_191459,99,FACA,train,0.0,0.0357230082154274,0.0,4,0.8824568390846252,0.781340479850769,5,0.5148245692253113,0.8606324195861816
20250530_191459_100.jpg,20250530_191459,100,FACA,train,0.0,0.15194889903068542,0.06587626785039902,2,1.0443710088729858,0.5844817757606506,4,0.7899301052093506,0.7291223406791687
20250530_191519_001.jpg,20250530_191519,1,FACA,valid,0.052896350622177124,0.059981875121593475,0.3115532696247101,3,0.9525346755981445,0.765948474407196,4,0.9922289252281189,0.7830075621604919
20250530_191519_002.jpg,20250530_191519,2,FACA,train,0.02709352597594261,0.25304538011550903,0.48607349395751953,3,1.0587518215179443,0.8582186102867126,4,1.0572056770324707,0.8550041317939758
20250530_191519_003.jpg,20250530_191519,3,FACA,valid,0.0335700549185276,0.5489500164985657,0.5425522923469543,3,1.0348231792449951,0.8862892985343933,3,1.0145881175994873,inf
20250530_191519_004.jpg,20250530_191519,4,FACA,train,0.028316883370280266,0.5457160472869873,0.569202184677124,3,1.0371993780136108,0.798213541507721,3,1.0047788619995117,inf
20250530_191519_005.jpg,20250530_191519,5,FACA,train,0.016106048598885536,0.07499076426029205,0.17383427917957306,2,1.104827642440796,0.7991814613342285,3,1.0263125896453857,inf
20250530_191519_006.jpg,20250530_191519,6,FACA,train,0.011119968257844448,0.12450376898050308,0.5904273390769958,1,inf,0.7775128483772278,4,1.0263099670410156,inf
20250530_191519_007.jpg,20250530_191519,7,FACA,valid,0.016593769192695618,0.6013578772544861,0.6714977025985718,3,1.0473029613494873,0.8315315246582031,3,1.075973391532898,0.8779294490814209
20250530_191519_008.jpg,20250530_191519,8,FACA,train,0.0,0.4753950536251068,0.5662358999252319,3,1.1228705644607544,0.8454070091247559,3,1.089037299156189,inf
20250530_191519_009.jpg,20250530_191519,9,FACA,train,0.0,0.375624418258667,0.6121647953987122,2,1.1481070518493652,0.8677566647529602,3,1.0038877725601196,inf
20250530_191519_010.jpg,20250530_191519,10,FACA,train,0.0,0.4974687099456787,0.6116896867752075,2,1.1169147491455078,0.8345611095428467,3,1.0371148586273193,inf
20250530_191519_011.jpg,20250530_191519,11,FACA,train,0.011592038907110691,0.41197046637535095,0.4634419083595276,2,1.1081509590148926,0.8447566032409668,3,1.0411672592163086,inf
20250530_191519_012.jpg,20250530_191519,12,FACA,train,0.0,0.2110522985458374,0.28561004996299744,2,1.1147806644439697,0.8383287787437439,2,1.0669710636138916,0.9011331796646118
20250530_191519_013.jpg,20250530_191519,13,FACA,train,0.012333416379988194,0.08622649312019348,0.1327945739030838,2,1.114521861076355,0.9200226068496704,3,0.9817824363708496,0.9391805529594421
20250530_191519_014.jpg,20250530_191519,14,FACA,train,0.0,0.027170492336153984,0.18646295368671417,4,1.1011173725128174,0.8711522817611694,2,1.0774915218353271,0.9925052523612976
20250530_191519_015.jpg,20250530_191519,15,FACA,train,0.0,0.07632662355899811,0.5533730983734131,3,1.0702754259109497,inf,2,0.9218126535415649,0.8805497884750366
20250530_191519_016.jpg,20250530_191519,16,FACA,valid,0.0314766950905323,0.3322763442993164,0.46235334873199463,2,1.136446237564087,0.9100878834724426,2,0.9141073822975159,0.9127712249755859
20250530_191519_017.jpg,20250530_191519,17,FACA,train,0.025440488010644913,0.07654859870672226,0.47407829761505127,2,0.9036728143692017,0.9220848083496094,2,0.8958355784416199,0.9600314497947693
20250530_191519_018.jpg,20250530_191519,18,FACA,test,0.011390453204512596,0.0,0.0918816402554512,3,0.8529527187347412,0.9154689908027649,3,0.7908653616905212,inf
20250530_191519_019.jpg,20250530_191519,19,FACA,test,0.012436620891094208,0.011501413770020008,0.13515380024909973,2,0.7204601168632507,0.8053597211837769,3,0.8124679923057556,inf
20250530_191519_020.jpg,20250530_191519,20,FACA,test,0.0,0.0,0.0,3,1.0153687000274658,0.86651611328125,3,0.8644679188728333,inf
20250530_191519_021.jpg,20250530_191519,21,FACA,train,0.0,0.0,0.011559494771063328,2,1.1051502227783203,0.5761895179748535,3,0.8965096473693848,0.9316584467887878
20250530_191519_022.jpg,20250530_191519,22,FACA,valid,0.0,0.0,0.0,2,1.0899120569229126,inf,4,1.1080231666564941,inf
20250530_191519_023.jpg,20250530_191519,23,FACA,train,0.011755846440792084,0.03456980362534523,0.0,2,1.0511915683746338,inf,2,1.1200640201568604,0.7504985928535461
20250530_191519_024.jpg,20250530_191519,24,FACA,valid,0.0,0.01867428980767727,0.0,2,1.103480339050293,0.7549134492874146,2,1.0971134901046753,inf
20250530_191519_025.jpg,20250530_191519,25,FACA,valid,0.0,0.012967017479240894,0.0,3,1.0942983627319336,inf,3,1.2111124992370605,inf
20250530_191519_026.jpg,20250530_191519,26,FACA,train,0.0,0.0,0.0,3,1.0887874364852905,inf,3,1.2173515558242798,inf
20250530_191519_027.jpg,20250530_191519,27,FACA,train,0.0,0.0,0.0,2,0.8406038284301758,1.8778135776519775,2,1.1518197059631348,0.7063131928443909
20250530_191519_028.jpg,20250530_191519,28,FACA,valid,0.0,0.0,0.0,2,0.9978188872337341,1.5295640230178833,2,1.2060372829437256,0.8273755311965942
20250530_191519_029.jpg,20250530_191519,29,FACA,train,0.0,0.0,0.0,3,1.1193596124649048,inf,4,1.1284273862838745,inf
20250530_191519_030.jpg,20250530_191519,30,FACA,valid,0.0,0.0,0.0,2,1.1220202445983887,inf,3,1.151273250579834,inf
20250530_191519_031.jpg,20250530_191519,31,FACA,train,0.0,0.0,0.0,3,1.1281588077545166,inf,2,1.154686689376831,0.7966749668121338
20250530_191519_032.jpg,20250530_191519,32,FACA,valid,0.0,0.0,0.0,3,1.2016253471374512,inf,3,1.1773933172225952,inf
20250530_191519_033.jpg,20250530_191519,33,FACA,valid,0.0,0.0,0.0,3,1.0919533967971802,inf,2,1.1682738065719604,inf
20250530_191519_034.jpg,20250530_191519,34,FACA,valid,0.0,0.0,0.0,3,1.0586494207382202,inf,2,1.1228952407836914,inf
20250530_191519_035.jpg,20250530_191519,35,FACA,train,0.0,0.0,0.0,3,1.1667810678482056,inf,2,1.1213569641113281,inf
20250530_191519_036.jpg,20250530_191519,36,FACA,train,0.0,0.0,0.0,3,1.0621364116668701,inf,2,1.0995835065841675,inf
20250530_191519_037.jpg,20250530_191519,37,FACA,train,0.0,0.0,0.0,4,1.0407145023345947,inf,2,1.0601872205734253,inf
20250530_191519_038.jpg,20250530_191519,38,FACA,train,0.0,0.0,0.04421476647257805,2,0.9764349460601807,inf,2,1.0496565103530884,inf
20250530_191519_039.jpg,20250530_191519,39,FACA,valid,0.0,0.07832441478967667,0.20718683302402496,3,1.122410774230957,inf,2,1.170082688331604,inf
20250530_191519_040.jpg,20250530_191519,40,FACA,test,0.0,0.0,0.02204393967986107,3,1.1720982789993286,inf,1,inf,inf
20250530_191519_041.jpg,20250530_191519,41,FACA,train,0.0,0.0,0.03352866321802139,3,1.0240545272827148,inf,2,1.04780113697052,inf
20250530_191519_042.jpg,20250530_191519,42,FACA,valid,0.0,0.0,0.0,3,1.0525667667388916,inf,2,1.0569771528244019,inf
20250530_191519_043.jpg,20250530_191519,43,FACA,valid,0.0,0.0,0.0,2,1.0748251676559448,inf,2,1.0613439083099365,inf
20250530_191519_044.jpg,20250530_191519,44,FACA,train,0.0,0.0,0.0896700844168663,2,1.1524896621704102,inf,2,1.0688410997390747,inf
20250530_191519_045.jpg,20250530_191519,45,FACA,train,0.02056681551039219,0.0,0.2296355813741684,2,1.1620746850967407,inf,2,1.0440309047698975,inf
20250530_191519_046.jpg,20250530_191519,46,FACA,valid,0.0,0.0,0.0324946865439415,2,1.0875704288482666,inf,2,1.0465331077575684,inf
20250530_191519_047.jpg,20250530_191519,47,FACA,train,0.0,0.0,0.0,3,0.9800720810890198,inf,2,1.1138259172439575,inf
20250530_191519_048.jpg,20250530_191519,48,FACA,train,0.0,0.0,0.0,2,1.0653023719787598,inf,2,1.1885074377059937,inf
20250530_191519_049.jpg,20250530_191519,49,FACA,valid,0.0,0.0,0.0,2,1.0377649068832397,inf,2,1.0840767621994019,2.3558709621429443
20250530_191519_050.jpg,20250530_191519,50,FACA,train,0.011908730491995811,0.0,0.0,3,1.0111596584320068,inf,2,1.1266876459121704,inf
20250530_191519_051.jpg,20250530_191519,51,FACA,train,0.0,0.0,0.0,3,1.0390297174453735,inf,2,1.1679401397705078,inf
20250530_191519_052.jpg,20250530_191519,52,FACA,train,0.0,0.0,0.0,2,0.9452998042106628,1.6555304527282715,2,1.0175896883010864,inf
20250530_191519_053.jpg,20250530_191519,53,FACA,train,0.0,0.0,0.0,3,0.9995352029800415,inf,2,1.1564974784851074,inf
20250530_191519_054.jpg,20250530_191519,54,FACA,train,0.01475912518799305,0.012532603926956654,0.0,4,1.087319016456604,inf,2,1.1376363039016724,inf
20250530_191519_055.jpg,20250530_191519,55,FACA,valid,0.0,0.016765568405389786,0.0,4,0.9686614274978638,0.6440522074699402,4,1.0875722169876099,inf
20250530_191519_056.jpg,20250530_191519,56,FACA,train,0.0,0.017399869859218597,0.0,4,0.5062654614448547,inf,5,1.1625583171844482,inf
20250530_191519_057.jpg,20250530_191519,57,FACA,train,0.0,0.0,0.0,5,0.44303011894226074,0.6538993716239929,4,1.1467938423156738,inf
20250530_191519_058.jpg,20250530_191519,58,FACA,valid,0.0,0.0,0.0,3,0.8254585266113281,0.6152794361114502,4,1.049940824508667,inf
20250530_191519_059.jpg,20250530_191519,59,FACA,train,0.0,0.0,0.0,2,0.7385357618331909,0.6642190217971802,2,0.840190052986145,0.9315403699874878
20250530_191519_060.jpg,20250530_191519,60,FACA,train,0.0,0.0,0.0,2,1.1600733995437622,0.8089355826377869,2,0.9740111827850342,inf
20250530_191519_061.jpg,20250530_191519,61,FACA,train,0.0,0.0,0.0,2,1.2772403955459595,0.7417972683906555,2,1.2388222217559814,0.7890855669975281
20250530_191519_062.jpg,20250530_191519,62,FACA,test,0.0,0.0,0.0,2,1.3121259212493896,0.7274854779243469,2,1.2490034103393555,0.7081324458122253
20250530_191519_063.jpg,20250530_191519,63,FACA,valid,0.0,0.0,0.09547671675682068,2,1.321159839630127,0.795177698135376,2,1.225178837776184,0.9743031859397888
20250530_191519_064.jpg,20250530_191519,64,FACA,valid,0.014200333505868912,0.0,0.2987528443336487,2,1.2916369438171387,0.8178805708885193,2,1.24349844455719,0.9030109643936157
20250530_191519_065.jpg,20250530_191519,65,FACA,train,0.015623088926076889,0.011060909368097782,0.0,2,1.3052598237991333,0.8697567582130432,2,1.2894906997680664,0.8258955478668213
20250530_191519_066.jpg,20250530_191519,66,FACA,valid,0.028250008821487427,0.0,0.012372166849672794,2,1.334234356880188,0.8519876003265381,2,1.2658127546310425,0.912678599357605
20250530_191519_067.jpg,20250530_191519,67,FACA,train,0.01663142628967762,0.01580163836479187,0.0,2,1.3413687944412231,0.9393540620803833,2,1.27455735206604,1.0566627979278564
20250530_191519_068.jpg,20250530_191519,68,FACA,train,0.02092835307121277,0.0,0.07833467423915863,2,1.307443380355835,0.8468342423439026,2,1.315904140472412,1.0027928352355957
20250530_191519_069.jpg,20250530_191519,69,FACA,valid,0.0127249239012599,0.0,0.010935280472040176,2,1.279902696609497,0.7719928622245789,2,1.2772525548934937,0.9298964142799377
20250530_191519_070.jpg,20250530_191519,70,FACA,test,0.017998510971665382,0.0,0.0,2,1.2402563095092773,0.8956443071365356,2,1.2714065313339233,0.8132560849189758
20250530_191519_071.jpg,20250530_191519,71,FACA,train,0.013448274694383144,0.0,0.0,2,1.1594387292861938,0.7300752997398376,2,1.1190286874771118,0.7972425222396851
20250530_191519_072.jpg,20250530_191519,72,FACA,train,0.0,0.0,0.07404951006174088,3,1.1204051971435547,0.7490126490592957,2,1.1053485870361328,0.6273118853569031
20250530_191519_073.jpg,20250530_191519,73,FACA,test,0.0,0.06400135904550552,0.423308789730072,2,1.0720479488372803,0.8639311194419861,2,1.1065702438354492,inf
20250530_191519_074.jpg,20250530_191519,74,FACA,train,0.01587907411158085,0.0,0.4067160487174988,2,1.1029777526855469,0.9060195088386536,2,1.1290075778961182,inf
20250530_191519_075.jpg,20250530_191519,75,FACA,train,0.0,0.052379291504621506,0.16694805026054382,2,1.0712188482284546,0.9855421781539917,3,0.7917927503585815,0.610209047794342
20250530_191519_076.jpg,20250530_191519,76,FACA,train,0.0,0.0,0.12330004572868347,2,1.1315845251083374,0.7078025341033936,2,0.7038759589195251,0.5748640298843384
20250530_191519_077.jpg,20250530_191519,77,FACA,train,0.0,0.0,0.23923978209495544,2,0.8072309494018555,0.5208473205566406,2,0.6555290818214417,inf
20250530_191519_078.jpg,20250530_191519,78,FACA,train,0.16041292250156403,0.46766844391822815,0.028663739562034607,2,0.775689959526062,0.5681264400482178,2,0.7076758742332458,inf
20250530_191519_079.jpg,20250530_191519,79,FACA,train,0.07803437858819962,0.09221815317869186,0.09244893491268158,2,1.0396592617034912,0.4392721354961395,2,0.7681605219841003,inf
20250530_191519_080.jpg,20250530_191519,80,FACA,train,0.0,0.0,0.0,2,0.8831350207328796,0.39214175939559937,2,0.8122695088386536,inf
20250530_191519_081.jpg,20250530_191519,81,FACA,train,0.0,0.0,0.0,2,0.8996008038520813,inf,2,0.9214409589767456,inf
20250530_191519_082.jpg,20250530_191519,82,FACA,valid,0.0,0.0,0.0,2,1.0111885070800781,inf,2,1.0192995071411133,inf
20250530_191519_083.jpg,20250530_191519,83,FACA,train,0.0,0.0,0.0,2,0.9793608784675598,inf,2,1.091229796409607,inf
20250530_191519_084.jpg,20250530_191519,84,FACA,train,0.0,0.0,0.0,2,0.974358320236206,inf,2,1.071937084197998,inf
20250530_191519_085.jpg,20250530_191519,85,FACA,test,0.0,0.0,0.0,2,1.0002487897872925,inf,2,0.9764546751976013,inf
20250530_191519_086.jpg,20250530_191519,86,FACA,train,0.0,0.0,0.0,2,0.9810530543327332,inf,2,1.0557477474212646,inf
20250530_191519_087.jpg,20250530_191519,87,FACA,train,0.0,0.0,0.0,4,0.7686709761619568,inf,2,1.0364673137664795,inf
20250530_191519_088.jpg,20250530_191519,88,FACA,train,0.0,0.0,0.0,2,0.9751618504524231,inf,2,1.0209920406341553,inf
20250530_191519_089.jpg,20250530_191519,89,FACA,train,0.0,0.0,0.013349933549761772,2,0.9111226201057434,inf,2,0.8560539484024048,inf
20250530_191519_090.jpg,20250530_191519,90,FACA,train,0.0,0.0,0.0,2,0.900048017501831,inf,2,0.7271183729171753,inf
20250530_191519_091.jpg,20250530_191519,91,FACA,train,0.0,0.0,0.0,3,0.6139060258865356,inf,3,0.6909294128417969,inf
20250530_191519_092.jpg,20250530_191519,92,FACA,train,0.0,0.0,0.0,2,0.6134164929389954,inf,2,0.8901421427726746,inf
20250530_191519_093.jpg,20250530_191519,93,FACA,train,0.0,0.0,0.0,2,0.953632116317749,inf,4,0.5550726056098938,inf
20250530_191519_094.jpg,20250530_191519,94,FACA,valid,0.0,0.0,0.0,2,0.873170018196106,inf,3,0.5623786449432373,inf
20250530_191519_095.jpg,20250530_191519,95,FACA,train,0.0,0.0,0.0,2,1.3512791395187378,inf,3,1.031664252281189,inf
20250530_191519_096.jpg,20250530_191519,96,FACA,train,0.0,0.049003925174474716,0.34515464305877686,4,0.93227618932724,inf,4,1.0208379030227661,inf
20250530_191519_097.jpg,20250530_191519,97,FACA,valid,0.0,0.0,0.01586855575442314,4,0.8933659195899963,inf,2,1.010829210281372,inf
20250530_191519_098.jpg,20250530_191519,98,FACA,train,0.0,0.0,0.0,3,0.9682660102844238,inf,2,1.0629785060882568,inf
20250530_191519_099.jpg,20250530_191519,99,FACA,train,0.0,0.0,0.0,3,1.0047380924224854,inf,3,0.8465669751167297,inf
20250530_191519_100.jpg,20250530_191519,100,FACA,train,0.0129878930747509,0.0,0.0,3,0.9592471122741699,inf,3,1.003705620765686,inf
20250530_191555_100.jpg,20250530_191555,100,ENFORCAR,valid,0.0,0.0,0.0,2,0.47061213850975037,0.8388308882713318,2,0.4330400824546814,inf
20250530_191609_001.jpg,20250530_191609,1,ENFORCAR,train,0.0,0.0,0.0,1,inf,inf,3,1.236871600151062,inf
20250530_191609_002.jpg,20250530_191609,2,normal,valid,0.0,0.0,0.0614953339099884,2,1.5090999603271484,inf,3,0.8660716414451599,inf
20250530_191609_003.jpg,20250530_191609,3,ENFORCAR,train,0.0,0.0,0.0,2,0.9365062713623047,inf,2,0.9439526796340942,inf
20250530_191609_004.jpg,20250530_191609,4,ENFORCAR,train,0.0,0.0,0.0,2,0.9389079213142395,inf,3,0.927213191986084,inf
20250530_191609_005.jpg,20250530_191609,5,ENFORCAR,train,0.0,0.0,0.0,2,inf,inf,3,0.9530526399612427,inf
20250530_191609_006.jpg,20250530_191609,6,ENFORCAR,test,0.0,0.0,0.0,1,inf,inf,3,0.9168829917907715,inf
20250530_191609_007.jpg,20250530_191609,7,ENFORCAR,train,0.0,0.0,0.0,2,inf,inf,3,0.9373906850814819,0.6850018501281738
20250530_191609_008.jpg,20250530_191609,8,ENFORCAR,train,0.0,0.0,0.0,3,0.8564907908439636,inf,4,0.9560251235961914,inf
20250530_191609_009.jpg,20250530_191609,9,ENFORCAR,train,0.0,0.0,0.0,1,inf,inf,3,0.829051673412323,0.5280822515487671
20250530_191609_010.jpg,20250530_191609,10,ENFORCAR,valid,0.0,0.0,0.0,2,0.7542858719825745,inf,3,0.8020086884498596,0.48760083317756653
20250530_191609_011.jpg,20250530_191609,11,ENFORCAR,valid,0.0,0.0,0.0,2,0.7540102005004883,inf,3,0.7222491502761841,0.4457252025604248
20250530_191609_012.jpg,20250530_191609,12,ENFORCAR,valid,0.0,0.0,0.0,2,0.8566453456878662,inf,3,0.754044234752655,inf
20250530_191609_013.jpg,20250530_191609,13,ENFORCAR,train,0.0,0.021207565441727638,0.0,2,0.7966641187667847,inf,3,0.8023132085800171,inf
20250530_191609_014.jpg,20250530_191609,14,ENFORCAR,train,0.0,0.0,0.018471261486411095,3,0.8251941800117493,inf,3,0.7859532833099365,inf
20250530_191609_015.jpg,20250530_191609,15,ENFORCAR,train,0.0,0.0,0.016160719096660614,3,0.9048255085945129,0.7348838448524475,3,0.8149799704551697,inf
20250530_191609_016.jpg,20250530_191609,16,ENFORCAR,train,0.0,0.0,0.0,3,0.8712560534477234,inf,3,0.7851318717002869,0.6115908026695251
20250530_191609_017.jpg,20250530_191609,17,ENFORCAR,train,0.0,0.0,0.0,3,0.8734192848205566,0.7876702547073364,3,0.9382196664810181,inf
20250530_191609_018.jpg,20250530_191609,18,ENFORCAR,train,0.0,0.0,0.0,2,0.9266576766967773,0.7400298118591309,2,0.9251216650009155,inf
20250530_191609_019.jpg,20250530_191609,19,ENFORCAR,train,0.0,0.014518540352582932,0.0,1,inf,0.7898873090744019,2,0.8472229242324829,inf
20250530_191609_020.jpg,20250530_191609,20,ENFORCAR,train,0.0,0.0,0.0,1,inf,0.7483000159263611,2,0.7580526471138,0.7076805830001831
20250530_191609_021.jpg,20250530_191609,21,ENFORCAR,train,0.0,0.0,0.0,1,inf,0.7867224812507629,1,inf,0.789895236492157
20250530_191609_022.jpg,20250530_191609,22,ENFORCAR,train,0.0,0.11372878402471542,0.027013910934329033,2,0.5024747848510742,0.6775885224342346,2,1.0723665952682495,inf
20250530_191609_023.jpg,20250530_191609,23,ENFORCAR,valid,0.0,0.03323163464665413,0.0,2,0.4532957077026367,inf,2,0.5344870686531067,inf
20250530_191609_024.jpg,20250530_191609,24,ENFORCAR,train,0.0,0.0,0.0,2,0.41081932187080383,inf,1,inf,inf
20250530_191609_025.jpg,20250530_191609,25,ENFORCAR,train,0.0,0.0,0.0,2,0.4249008595943451,inf,1,inf,inf
20250530_191609_026.jpg,20250530_191609,26,ENFORCAR,train,0.0,0.0,0.0,1,inf,0.5613608956336975,1,inf,inf
20250530_191609_027.jpg,20250530_191609,27,ENFORCAR,train,0.011437569744884968,0.0,0.0,2,0.9647498726844788,3.4689972400665283,1,inf,inf
20250530_191609_028.jpg,20250530_191609,28,ENFORCAR,test,0.0,0.0,0.0,1,inf,inf,1,inf,0.6286171674728394
20250530_191609_029.jpg,20250530_191609,29,ENFORCAR,train,0.0,0.018798373639583588,0.0,1,inf,inf,1,inf,inf
20250530_191609_030.jpg,20250530_191609,30,ENFORCAR,train,0.0,0.0,0.0,1,inf,0.5294001698493958,2,0.3631342351436615,1.1738253831863403
20250530_191609_031.jpg,20250530_191609,31,ENFORCAR,test,0.0,0.0,0.0,2,0.44265300035476685,0.605725884437561,1,inf,inf
20250530_191609_032.jpg,20250530_191609,32,ENFORCAR,valid,0.0,0.0,0.0,1,inf,inf,1,inf,inf
20250530_191609_033.jpg,20250530_191609,33,ENFORCAR,test,0.0,0.0,0.0,1,inf,0.8539121150970459,2,0.3968086242675781,0.860508143901825
20250530_191609_034.jpg,20250530_191609,34,ENFORCAR,train,0.0,0.0,0.0,2,0.5055190920829773,inf,3,0.42303648591041565,inf
20250530_191609_035.jpg,20250530_191609,35,ENFORCAR,test,0.0,0.0,0.0,1,inf,inf,2,0.42311832308769226,inf
20250530_191609_036.jpg,20250530_191609,36,ENFORCAR,train,0.0,0.0,0.0,1,inf,inf,3,0.35614582896232605,1.093552827835083
20250530_191609_037.jpg,20250530_191609,37,ENFORCAR,train,0.0,0.0,0.0,1,inf,inf,1,inf,inf
20250530_191609_038.jpg,20250530_191609,38,ENFORCAR,train,0.0,0.0,0.0,1,inf,0.9850227236747742,1,inf,inf
20250530_191609_039.jpg,20250530_191609,39,ENFORCAR,train,0.0,0.0,0.0,1,inf,0.9264877438545227,1,inf,inf
20250530_191609_040.jpg,20250530_191609,40,ENFORCAR,train,0.0,0.0,0.0,1,inf,0.9403446912765503,1,inf,inf
20250530_191609_041.jpg,20250530_191609,41,ENFORCAR,valid,0.0,0.0,0.0,1,inf,0.9733074307441711,1,inf,inf
20250530_191609_042.jpg,20250530_191609,42,ENFORCAR,valid,0.0,0.0,0.0,1,inf,0.9476372599601746,2,0.43664321303367615,inf
20250530_191609_043.jpg,20250530_191609,43,ENFORCAR,valid,0.0,0.0114840567111969,0.0,3,0.23452337086200714,0.933119535446167,2,0.4595164656639099,inf
20250530_191609_044.jpg,20250530_191609,44,ENFORCAR,test,0.0,0.0,0.0,1,inf,0.8900444507598877,2,0.4793177843093872,inf
20250530_191609_045.jpg,20250530_191609,45,ENFORCAR,valid,0.0,0.0,0.0,2,0.4859870672225952,0.9218084216117859,2,0.46650904417037964,inf
20250530_191609_046.jpg,20250530_191609,46,ENFORCAR,valid,0.0,0.0,0.0,2,0.4636707603931427,0.9223931431770325,2,0.4370603561401367,inf
20250530_191609_047.jpg,20250530_191609,47,ENFORCAR,train,0.0,0.0,0.0,1,inf,0.9999527335166931,2,0.41630154848098755,inf
20250530_191609_048.jpg,20250530_191609,48,ENFORCAR,train,0.0,0.0,0.0,1,inf,1.0025984048843384,1,inf,inf
20250530_191609_049.jpg,20250530_191609,49,ENFORCAR,valid,0.0,0.0,0.0,1,inf,0.9775954484939575,2,0.44239917397499084,0.8162097930908203
20250530_191609_050.jpg,20250530_191609,50,ENFORCAR,train,0.0,0.0,0.0,1,inf,1.0070412158966064,1,inf,inf
20250530_191609_051.jpg,20250530_191609,51,ENFORCAR,train,0.0,0.0,0.0,2,0.411090224981308,inf,2,0.49360913038253784,inf
20250530_191609_052.jpg,20250530_191609,52,ENFORCAR,valid,0.0,0.0,0.0,2,0.38897475600242615,0.9395490884780884,1,inf,inf
20250530_191609_053.jpg,20250530_191609,53,ENFORCAR,test,0.0,0.0,0.0,2,0.40859007835388184,inf,1,inf,inf
20250530_191609_054.jpg,20250530_191609,54,ENFORCAR,train,0.0,0.0,0.0,3,0.44411173462867737,inf,1,inf,inf
20250530_191609_055.jpg,20250530_191609,55,ENFORCAR,train,0.0,0.0,0.0,2,0.47596442699432373,inf,2,0.23336392641067505,1.074509859085083
20250530_191609_056.jpg,20250530_191609,56,ENFORCAR,test,0.0,0.0,0.0,2,0.5385153889656067,inf,1,inf,inf
20250530_191609_057.jpg,20250530_191609,57,ENFORCAR,train,0.0,0.0,0.0,2,0.49606582522392273,inf,1,inf,inf
20250530_191609_058.jpg,20250530_191609,58,ENFORCAR,train,0.0,0.0,0.0,2,0.5297121405601501,0.9133228063583374,1,inf,0.9317333698272705
20250530_191609_059.jpg,20250530_191609,59,ENFORCAR,valid,0.0,0.0,0.0,3,0.6285620927810669,inf,2,0.61089026927948,inf
20250530_191609_060.jpg,20250530_191609,60,ENFORCAR,valid,0.0,0.0,0.0,2,0.5840303301811218,inf,1,inf,0.9115982055664062
20250530_191609_061.jpg,20250530_191609,61,ENFORCAR,train,0.0,0.0,0.0,2,0.5402817726135254,inf,1,inf,0.920468807220459
20250530_191609_062.jpg,20250530_191609,62,ENFORCAR,valid,0.0,0.0,0.0,2,0.5596484541893005,inf,1,inf,0.9337926506996155
20250530_191609_063.jpg,20250530_191609,63,ENFORCAR,train,0.0,0.0,0.0,2,0.6216869950294495,inf,2,inf,0.8946705460548401
20250530_191609_064.jpg,20250530_191609,64,ENFORCAR,train,0.0,0.0,0.0,2,0.6058308482170105,inf,1,inf,0.9235832095146179
20250530_191609_065.jpg,20250530_191609,65,ENFORCAR,train,0.0,0.0,0.0,2,0.7542234659194946,inf,2,0.7434981465339661,0.9308831095695496
20250530_191609_066.jpg,20250530_191609,66,ENFORCAR,valid,0.0,0.0,0.0,2,0.8347269296646118,inf,2,0.8002704381942749,0.87965989112854
20250530_191609_067.jpg,20250530_191609,67,ENFORCAR,train,0.0,0.0,0.0,3,0.7456381916999817,inf,2,0.8656123280525208,0.9541686773300171
20250530_191609_068.jpg,20250530_191609,68,ENFORCAR,train,0.0,0.0,0.0,2,0.8478005528450012,0.9917969107627869,3,0.9118448495864868,1.0584017038345337
20250530_191609_069.jpg,20250530_191609,69,ENFORCAR,test,0.0,0.0,0.0,2,1.0422606468200684,1.011042833328247,2,1.0821248292922974,1.1266099214553833
20250530_191609_070.jpg,20250530_191609,70,ENFORCAR,train,0.0,0.0,0.0,2,0.9893350005149841,1.0498019456863403,2,0.9449484944343567,0.836736261844635
20250530_191609_071.jpg,20250530_191609,71,ENFORCAR,train,0.0,0.0,0.0,2,0.8291513323783875,0.8062431812286377,2,0.821668267250061,0.8071281909942627
20250530_191609_072.jpg,20250530_191609,72,ENFORCAR,test,0.0,0.0,0.0,2,0.7124764919281006,0.9724007844924927,2,0.772149384021759,0.8967368006706238
20250530_191609_073.jpg,20250530_191609,73,ENFORCAR,test,0.0,0.0,0.0,2,0.7260367274284363,inf,1,inf,0.7774173617362976
20250530_191609_074.jpg,20250530_191609,74,ENFORCAR,train,0.014154808595776558,0.0,0.052152641117572784,1,inf,0.9086727499961853,2,0.6059576869010925,inf
20250530_191609_075.jpg,20250530_191609,75,ENFORCAR,train,0.0,0.0,0.0,2,0.6316640377044678,inf,2,0.6026277542114258,1.0653047561645508
20250530_191609_076.jpg,20250530_191609,76,ENFORCAR,test,0.0,0.0,0.0,2,0.7042084336280823,inf,2,0.7137699127197266,0.9761050939559937
20250530_191609_077.jpg,20250530_191609,77,ENFORCAR,train,0.0,0.0,0.0,2,0.8807968497276306,inf,1,inf,0.9256922006607056
20250530_191609_078.jpg,20250530_191609,78,ENFORCAR,train,0.0,0.0,0.0,2,0.8712897896766663,inf,2,0.9869524240493774,0.987208902835846
20250530_191609_079.jpg,20250530_191609,79,ENFORCAR,train,0.0,0.0,0.0,3,0.9705625176429749,inf,2,1.0372827053070068,0.9956547021865845
20250530_191609_080.jpg,20250530_191609,80,ENFORCAR,test,0.0,0.0,0.0,3,0.992942750453949,inf,3,0.990240216255188,0.9196851253509521
20250530_191609_081.jpg,20250530_191609,81,normal,train,0.0,0.0,0.0,2,1.1183106899261475,inf,2,1.0404973030090332,0.8836057186126709
20250530_191609_082.jpg,20250530_191609,82,ENFORCAR,train,0.0,0.0,0.0,2,1.1798018217086792,inf,3,0.9869258403778076,inf
20250530_191609_083.jpg,20250530_191609,83,ENFORCAR,train,0.0,0.0,0.0,2,1.1202526092529297,inf,3,0.9505113363265991,inf
20250530_191609_084.jpg,20250530_191609,84,ENFORCAR,train,0.0,0.0,0.0,2,1.164878487586975,inf,2,1.0662859678268433,inf
20250530_191609_085.jpg,20250530_191609,85,ENFORCAR,test,0.0,0.0,0.0,2,1.1744004487991333,inf,2,1.1163043975830078,inf
20250530_191609_086.jpg,20250530_191609,86,ENFORCAR,valid,0.0,0.0,0.0,2,1.120712399482727,inf,3,1.1217448711395264,0.9556329846382141
20250530_191609_087.jpg,20250530_191609,87,ENFORCAR,train,0.0,0.0,0.0,2,1.1240041255950928,inf,2,1.1279714107513428,inf
20250530_191609_088.jpg,20250530_191609,88,ENFORCAR,train,0.0,0.0,0.0,2,1.2193241119384766,inf,2,1.1869820356369019,inf
20250530_191609_089.jpg,20250530_191609,89,ENFORCAR,train,0.0,0.0,0.0,2,1.2079979181289673,inf,2,1.2010561227798462,inf
20250530_191609_090.jpg,20250530_191609,90,ENFORCAR,train,0.0,0.0,0.0,2,1.1460679769515991,inf,2,1.1372145414352417,inf
20250530_191609_091.jpg,20250530_191609,91,ENFORCAR,train,0.0,0.0,0.012527118436992168,2,1.0723836421966553,inf,2,1.1231224536895752,inf
20250530_191609_092.jpg,20250530_191609,92,ENFORCAR,valid,0.0,0.0,0.0,2,1.1432849168777466,inf,2,1.1138755083084106,inf
20250530_191609_093.jpg,20250530_191609,93,ENFORCAR,valid,0.0,0.0,0.0,2,1.1329028606414795,inf,2,1.1127526760101318,inf
20250530_191609_094.jpg,20250530_191609,94,ENFORCAR,train,0.0,0.0,0.0,2,1.236133098602295,inf,2,1.1020944118499756,inf
20250530_191609_095.jpg,20250530_191609,95,ENFORCAR,train,0.0,0.0,0.0,2,1.2693767547607422,inf,2,1.145648717880249,inf
20250530_191609_096.jpg,20250530_191609,96,ENFORCAR,train,0.0,0.0,0.0,2,1.2005869150161743,inf,2,1.0518131256103516,inf
20250530_191609_097.jpg,20250530_191609,97,ENFORCAR,train,0.0,0.0,0.0,2,1.051297903060913,inf,2,1.010604739189148,inf
20250530_191609_098.jpg,20250530_191609,98,ENFORCAR,train,0.0,0.0,0.0,3,1.0680485963821411,inf,3,1.0095492601394653,inf
20250530_191609_099.jpg,20250530_191609,99,ENFORCAR,valid,0.0,0.0,0.0,2,1.1529006958007812,inf,2,0.9863170385360718,inf
20250530_191609_100.jpg,20250530_191609,100,ENFORCAR,train,0.0,0.0,0.0,3,1.1494218111038208,inf,2,0.994906485080719,inf
20250530_191642_001.jpg,20250530_191642,1,ENFORCAR,train,0.0,0.0,0.0,2,0.8945379853248596,inf,2,0.8979837894439697,inf
20250530_191642_002.jpg,20250530_191642,2,ENFORCAR,train,0.0,0.0,0.0,2,0.8866966962814331,inf,2,0.8764336109161377,inf
20250530_191642_003.jpg,20250530_191642,3,ENFORCAR,train,0.0,0.0,0.0,2,0.8668085932731628,inf,2,0.8980700969696045,inf
20250530_191642_004.jpg,20250530_191642,4,ENFORCAR,test,0.0,0.0,0.0,2,0.8780370950698853,inf,2,0.9105989933013916,inf
20250530_191642_005.jpg,20250530_191642,5,ENFORCAR,train,0.0,0.0,0.0,2,0.8604207038879395,inf,2,0.9230759739875793,inf
20250530_191642_006.jpg,20250530_191642,6,ENFORCAR,test,0.0,0.0,0.0,2,0.8683885931968689,inf,2,0.9060993790626526,inf
20250530_191642_007.jpg,20250530_191642,7,ENFORCAR,valid,0.0,0.0,0.0,2,0.931934118270874,1.2579333782196045,2,0.8980323672294617,inf
20250530_191642_008.jpg,20250530_191642,8,ENFORCAR,train,0.0,0.0,0.0,2,0.8654825687408447,1.2830256223678589,2,0.865372359752655,inf
20250530_191642_009.jpg,20250530_191642,9,ENFORCAR,valid,0.0,0.0,0.0,2,0.8945654630661011,1.292402982711792,2,0.8904761672019958,inf
20250530_191642_010.jpg,20250530_191642,10,ENFORCAR,train,0.0,0.0,0.0,2,0.8773329257965088,1.2870105504989624,2,0.8724415302276611,inf
20250530_191642_011.jpg,20250530_191642,11,ENFORCAR,train,0.0,0.0,0.0,2,0.8458730578422546,inf,2,0.8796327114105225,inf
20250530_191642_012.jpg,20250530_191642,12,ENFORCAR,test,0.0,0.0,0.0,2,0.8591209053993225,inf,2,0.9158734083175659,inf
20250530_191642_013.jpg,20250530_191642,13,ENFORCAR,train,0.0,0.0,0.0,2,0.8685744404792786,1.2784005403518677,2,0.8874645829200745,inf
20250530_191642_014.jpg,20250530_191642,14,ENFORCAR,train,0.0,0.0,0.0,2,0.8777433037757874,1.2952141761779785,2,0.855388879776001,inf
20250530_191642_015.jpg,20250530_191642,15,ENFORCAR,valid,0.0,0.0,0.0,2,0.7741331458091736,inf,2,0.8115798830986023,inf
20250530_191642_016.jpg,20250530_191642,16,ENFORCAR,valid,0.0,0.0,0.0,1,inf,inf,2,0.7363101243972778,inf
20250530_191642_017.jpg,20250530_191642,17,ENFORCAR,train,0.0,0.0,0.0,3,0.4126880466938019,0.9784464836120605,2,0.7350611090660095,inf
20250530_191642_018.jpg,20250530_191642,18,ENFORCAR,train,0.0,0.0,0.0,3,0.3251272737979889,inf,2,0.6395633816719055,inf
20250530_191642_019.jpg,20250530_191642,19,ENFORCAR,valid,0.0,0.0,0.0,2,0.49862658977508545,0.7696899175643921,2,0.5672346949577332,inf
20250530_191642_020.jpg,20250530_191642,20,ENFORCAR,train,0.0,0.0,0.0,2,0.5046029686927795,0.7667413353919983,1,inf,inf
20250530_191642_021.jpg,20250530_191642,21,ENFORCAR,test,0.0,0.0,0.0,2,0.4902626574039459,inf,1,inf,0.8733334541320801
20250530_191642_022.jpg,20250530_191642,22,ENFORCAR,train,0.0,0.0,0.0,1,inf,0.9212529063224792,1,inf,1.1336082220077515
20250530_191642_023.jpg,20250530_191642,23,ENFORCAR,train,0.0,0.0,0.0,1,inf,inf,2,0.6008096933364868,inf
20250530_191642_024.jpg,20250530_191642,24,ENFORCAR,train,0.0,0.0,0.0,1,inf,0.769749104976654,1,inf,inf
20250530_191642_025.jpg,20250530_191642,25,ENFORCAR,train,0.0,0.0,0.0,2,0.6310504674911499,0.6338004469871521,2,0.40107205510139465,0.7903542518615723
20250530_191642_026.jpg,20250530_191642,26,ENFORCAR,train,0.0,0.0,0.0,2,0.673653244972229,inf,3,0.272276371717453,inf
20250530_191642_027.jpg,20250530_191642,27,ENFORCAR,valid,0.0,0.0,0.0,1,inf,inf,1,inf,inf
20250530_191642_028.jpg,20250530_191642,28,ENFORCAR,valid,0.0,0.0,0.0,2,0.6173862814903259,0.6328638792037964,1,inf,inf
20250530_191642_029.jpg,20250530_191642,29,ENFORCAR,train,0.0,0.0,0.0,2,0.6220927834510803,inf,2,0.6343765258789062,inf
20250530_191642_030.jpg,20250530_191642,30,ENFORCAR,train,0.0,0.0,0.0,2,0.6412700414657593,0.7233256697654724,2,0.6727659702301025,0.5821016430854797
20250530_191642_031.jpg,20250530_191642,31,ENFORCAR,train,0.0,0.0,0.0,1,inf,inf,2,0.6290217638015747,0.7376395463943481
20250530_191642_032.jpg,20250530_191642,32,ENFORCAR,train,0.0,0.0,0.0,2,0.6905053853988647,inf,2,0.60901939868927,inf
20250530_191642_033.jpg,20250530_191642,33,ENFORCAR,train,0.0,0.0,0.0,1,inf,inf,2,0.6419448852539062,1.2586759328842163
20250530_191642_034.jpg,20250530_191642,34,ENFORCAR,train,0.0,0.0,0.0,2,0.5633468627929688,0.7894775867462158,1,inf,1.3341379165649414
20250530_191642_035.jpg,20250530_191642,35,ENFORCAR,train,0.0,0.0,0.0,2,0.5545266270637512,1.635965347290039,1,inf,inf
20250530_191642_036.jpg,20250530_191642,36,ENFORCAR,train,0.0,0.0,0.0,2,0.44063836336135864,1.1223069429397583,1,inf,1.3013452291488647
20250530_191642_037.jpg,20250530_191642,37,ENFORCAR,train,0.0,0.0,0.013103826902806759,2,0.44572463631629944,1.4049304723739624,1,inf,1.330386996269226
20250530_191642_038.jpg,20250530_191642,38,ENFORCAR,valid,0.010542437434196472,0.0,0.0,2,0.811191976070404,0.9028009176254272,1,inf,1.3303301334381104
20250530_191642_039.jpg,20250530_191642,39,ENFORCAR,train,0.0,0.0,0.06359153985977173,2,0.5691318511962891,1.0568649768829346,1,inf,1.2847654819488525
20250530_191642_040.jpg,20250530_191642,40,ENFORCAR,train,0.0,0.0,0.0,2,0.6606684327125549,0.9445651173591614,2,1.6597988605499268,1.079864263534546
20250530_191642_041.jpg,20250530_191642,41,ENFORCAR,train,0.0,0.0,0.045233916491270065,2,0.7288730144500732,1.1696778535842896,1,inf,0.9782830476760864
20250530_191642_042.jpg,20250530_191642,42,ENFORCAR,valid,0.0,0.0,0.0,2,0.481623113155365,0.8719463348388672,2,0.8187561631202698,0.9480586647987366
20250530_191642_043.jpg,20250530_191642,43,ENFORCAR,train,0.0,0.0,0.0,2,0.8153344392776489,0.7806459665298462,2,0.8508653044700623,0.7677688002586365
20250530_191642_044.jpg,20250530_191642,44,ENFORCAR,train,0.0,0.0,0.0,2,0.577175498008728,0.4611849784851074,2,0.8577864170074463,0.8478922843933105
20250530_191642_045.jpg,20250530_191642,45,ENFORCAR,train,0.0,0.0,0.013776576146483421,2,0.8230518102645874,0.8164844512939453,2,0.8114988803863525,0.8927571177482605
20250530_191642_046.jpg,20250530_191642,46,ENFORCAR,train,0.0,0.0,0.0,3,0.5603461861610413,0.8364762663841248,2,0.8038234114646912,0.7469446659088135
20250530_191642_047.jpg,20250530_191642,47,ENFORCAR,train,0.0,0.0,0.0,2,0.8504671454429626,0.8067603707313538,2,0.8417657613754272,0.8578308820724487
20250530_191642_048.jpg,20250530_191642,48,ENFORCAR,train,0.0,0.0,0.012996276840567589,2,0.8437353372573853,0.797846794128418,2,0.8279831409454346,0.7243016958236694
20250530_191642_049.jpg,20250530_191642,49,ENFORCAR,train,0.0,0.0,0.0,2,0.8128348588943481,0.8174866437911987,2,0.7863059043884277,0.7873380184173584
20250530_191642_050.jpg,20250530_191642,50,ENFORCAR,train,0.0,0.01091619860380888,0.026782603934407234,2,0.8191695213317871,0.9011207818984985,2,0.7856295108795166,0.7704523205757141
20250530_191642_051.jpg,20250530_191642,51,ENFORCAR,train,0.0,0.0,0.0,2,0.8811482191085815,0.8930135369300842,2,0.8026235699653625,0.8220192790031433
20250530_191642_052.jpg,20250530_191642,52,ENFORCAR,train,0.0,0.06544646620750427,0.023261699825525284,2,0.8804203271865845,0.8924148082733154,2,0.8038274645805359,inf
20250530_191642_053.jpg,20250530_191642,53,ENFORCAR,valid,0.0,0.0,0.0,2,0.7825230956077576,0.7351338267326355,2,0.7862930297851562,0.765669047832489
20250530_191642_054.jpg,20250530_191642,54,ENFORCAR,train,0.0,0.0,0.0,2,0.8848382830619812,0.8528429865837097,2,0.8079561591148376,0.7647788524627686
20250530_191642_055.jpg,20250530_191642,55,ENFORCAR,train,0.017284730449318886,0.0,0.0,3,0.9034079909324646,0.8784756064414978,2,0.8258633017539978,0.7688889503479004
20250530_191642_056.jpg,20250530_191642,56,ENFORCAR,train,0.0,0.011663003824651241,0.0,2,0.9284729957580566,0.8982134461402893,2,0.854078471660614,0.7649534940719604
20250530_191642_057.jpg,20250530_191642,57,ENFORCAR,train,0.012855189852416515,0.021809546276926994,0.0,3,0.9146015048027039,0.9000436067581177,2,0.833444356918335,0.7405778765678406
20250530_191642_058.jpg,20250530_191642,58,ENFORCAR,train,0.01038514357060194,0.0,0.0,3,0.9278234243392944,0.8636851906776428,2,0.8669897317886353,0.8662465810775757
20250530_191642_059.jpg,20250530_191642,59,ENFORCAR,test,0.0,0.0,0.0,2,0.891403317451477,0.9120736718177795,2,0.9186490774154663,0.8536445498466492
20250530_191642_060.jpg,20250530_191642,60,ENFORCAR,train,0.01023602019995451,0.0,0.0,2,0.9217119812965393,0.9725213050842285,2,0.8802096843719482,0.8405422568321228
20250530_191642_061.jpg,20250530_191642,61,ENFORCAR,train,0.0,0.0,0.0,2,1.0044766664505005,0.7822914719581604,3,0.463361918926239,1.3744807243347168
20250530_191642_062.jpg,20250530_191642,62,ENFORCAR,test,0.0,0.0,0.0,2,0.8319012522697449,0.8345710039138794,3,0.47877269983291626,1.3929845094680786
20250530_191642_063.jpg,20250530_191642,63,ENFORCAR,valid,0.0,0.0,0.0,2,0.7760489583015442,0.8244845867156982,2,0.4359394907951355,1.5044283866882324
20250530_191642_064.jpg,20250530_191642,64,ENFORCAR,train,0.0,0.0,0.02282252348959446,2,0.863499641418457,0.8052788376808167,3,0.37337371706962585,1.4267715215682983
20250530_191642_065.jpg,20250530_191642,65,ENFORCAR,train,0.0,0.012408360838890076,0.01513603050261736,1,inf,0.8969748020172119,2,0.423528254032135,0.8334966897964478
20250530_191642_066.jpg,20250530_191642,66,ENFORCAR,train,0.0,0.02503758855164051,0.03627702593803406,2,0.8208078742027283,0.8455528020858765,1,inf,inf
20250530_191642_067.jpg,20250530_191642,67,ENFORCAR,train,0.0,0.0,0.0,1,inf,0.9173445105552673,2,0.4944685995578766,1.5160539150238037
20250530_191642_068.jpg,20250530_191642,68,ENFORCAR,train,0.0,0.0,0.010031900368630886,1,inf,0.7883986830711365,1,inf,inf
20250530_191642_069.jpg,20250530_191642,69,ENFORCAR,train,0.0,0.0,0.014146247878670692,2,0.7445690631866455,0.817453145980835,2,0.501308023929596,0.8557552099227905
20250530_191642_070.jpg,20250530_191642,70,ENFORCAR,train,0.0,0.0,0.027452902868390083,2,0.6378331184387207,0.7689024209976196,2,0.43621718883514404,1.4464008808135986
20250530_191642_071.jpg,20250530_191642,71,ENFORCAR,train,0.0,0.0,0.0,2,0.6852777600288391,0.8195322155952454,2,0.6591203212738037,inf
20250530_191642_072.jpg,20250530_191642,72,ENFORCAR,test,0.0,0.0,0.0,2,0.6637687087059021,0.8625278472900391,1,inf,inf
20250530_191642_073.jpg,20250530_191642,73,ENFORCAR,train,0.0,0.0,0.0,1,inf,0.7920256853103638,1,inf,inf
20250530_191642_074.jpg,20250530_191642,74,ENFORCAR,train,0.0,0.0,0.0,2,0.6822057366371155,0.7888249754905701,2,0.6624295115470886,inf
20250530_191642_075.jpg,20250530_191642,75,ENFORCAR,train,0.0,0.0,0.0,1,inf,inf,2,0.6575590372085571,inf
20250530_191642_076.jpg,20250530_191642,76,ENFORCAR,train,0.0,0.0,0.0,1,inf,inf,1,inf,inf
20250530_191642_077.jpg,20250530_191642,77,ENFORCAR,valid,0.0,0.0,0.0,1,inf,0.8679840564727783,1,inf,inf
20250530_191642_078.jpg,20250530_191642,78,ENFORCAR,train,0.0,0.0,0.0,1,inf,inf,1,inf,inf
20250530_191642_079.jpg,20250530_191642,79,ENFORCAR,train,0.0,0.0,0.0,1,inf,0.7830307483673096,1,inf,inf
20250530_191642_080.jpg,20250530_191642,80,ENFORCAR,train,0.0,0.0,0.0,1,inf,inf,1,inf,inf
20250530_191642_081.jpg,20250530_191642,81,ENFORCAR,train,0.014415799640119076,0.0,0.0,1,inf,inf,1,inf,inf
20250530_191642_082.jpg,20250530_191642,82,ENFORCAR,valid,0.0164249949157238,0.0,0.0,1,inf,1.0854036808013916,1,inf,0.9835021495819092
20250530_191642_083.jpg,20250530_191642,83,ENFORCAR,test,0.010476453229784966,0.0,0.0,1,inf,1.092264175415039,1,inf,1.0540785789489746
20250530_191642_084.jpg,20250530_191642,84,ENFORCAR,train,0.0,0.0,0.0,1,inf,1.0410943031311035,2,0.38236385583877563,0.9717095494270325
20250530_191642_085.jpg,20250530_191642,85,ENFORCAR,train,0.0,0.010912081226706505,0.0,1,inf,1.1192976236343384,1,inf,1.012741208076477
20250530_191642_086.jpg,20250530_191642,86,ENFORCAR,train,0.0,0.0,0.0,1,inf,1.1235113143920898,1,inf,0.8612748384475708
20250530_191642_087.jpg,20250530_191642,87,ENFORCAR,test,0.0,0.0,0.0,1,inf,1.1944555044174194,2,0.3480948209762573,0.801987886428833
20250530_191642_088.jpg,20250530_191642,88,ENFORCAR,test,0.0,0.0,0.0,1,inf,1.0527751445770264,2,0.3428751826286316,0.9807422161102295
20250530_191642_089.jpg,20250530_191642,89,ENFORCAR,valid,0.0,0.0,0.0,1,inf,1.0370972156524658,1,inf,1.0896294116973877
20250530_191642_090.jpg,20250530_191642,90,ENFORCAR,train,0.0,0.0,0.0,1,inf,1.051974892616272,2,0.29908645153045654,0.9013540148735046
20250530_191642_091.jpg,20250530_191642,91,ENFORCAR,test,0.0,0.0,0.0,1,inf,1.1148476600646973,2,0.2953017055988312,0.8413158655166626
20250530_191642_092.jpg,20250530_191642,92,ENFORCAR,train,0.0,0.0,0.0,1,inf,1.1342477798461914,1,inf,1.0592080354690552
20250530_191642_093.jpg,20250530_191642,93,ENFORCAR,train,0.0,0.0,0.0,1,inf,1.0886762142181396,1,inf,1.0245475769042969
20250530_191642_094.jpg,20250530_191642,94,ENFORCAR,train,0.0,0.0,0.0,2,0.420993834733963,1.0376073122024536,1,inf,0.9809787273406982
20250530_191642_095.jpg,20250530_191642,95,ENFORCAR,test,0.0,0.0,0.0,1,inf,1.0615094900131226,1,inf,0.891653835773468
20250530_191642_096.jpg,20250530_191642,96,ENFORCAR,train,0.0,0.0,0.0,1,inf,1.0753521919250488,2,0.5397799611091614,inf
20250530_191642_097.jpg,20250530_191642,97,ENFORCAR,train,0.0,0.0,0.0,1,inf,1.1028541326522827,2,0.2661381661891937,1.0200788974761963
20250530_191642_098.jpg,20250530_191642,98,ENFORCAR,train,0.0,0.0,0.0,1,inf,1.0551034212112427,2,0.29612430930137634,0.9560336470603943
20250530_191642_099.jpg,20250530_191642,99,ENFORCAR,train,0.0,0.0,0.0,2,0.44734665751457214,0.45083194971084595,2,0.2608719766139984,1.0639406442642212
20250530_191642_100.jpg,20250530_191642,100,ENFORCAR,train,0.0,0.0,0.0,1,inf,1.0560745000839233,2,0.3574431240558624,0.9511096477508545
20250530_191740_001.jpg,20250530_191740,1,normal,train,0.0,0.0,0.06739404052495956,2,1.3711655139923096,inf,3,1.2865389585494995,inf
20250530_191740_002.jpg,20250530_191740,2,normal,train,0.0,0.015228814445436,0.040561072528362274,2,1.331028699874878,1.1739364862442017,4,0.47193363308906555,1.1703567504882812
20250530_191740_003.jpg,20250530_191740,3,normal,valid,0.0,0.0,0.08789333701133728,2,1.352644681930542,1.31930410861969,4,1.3304389715194702,1.1039913892745972
20250530_191740_004.jpg,20250530_191740,4,normal,train,0.0,0.0,0.0,2,1.3671560287475586,inf,2,11.294662475585938,1.1433273553848267
20250530_191740_005.jpg,20250530_191740,5,normal,train,0.010304030030965805,0.0,0.04676537215709686,3,1.3309015035629272,1.1521146297454834,3,1.3404314517974854,inf
20250530_191740_006.jpg,20250530_191740,6,normal,train,0.012429209426045418,0.14272068440914154,0.15832997858524323,2,1.3966028690338135,1.1289410591125488,2,inf,inf
20250530_191740_007.jpg,20250530_191740,7,normal,train,0.025277331471443176,0.049639251083135605,0.06382197886705399,2,1.363067388534546,1.1161810159683228,2,1.4283727407455444,inf
20250530_191740_008.jpg,20250530_191740,8,normal,train,0.0,0.0,0.0,2,1.2785704135894775,0.9684710502624512,3,1.3760651350021362,inf
20250530_191740_009.jpg,20250530_191740,9,normal,train,0.0,0.0,0.0,2,1.4107996225357056,1.0947118997573853,3,1.3835190534591675,inf
20250530_191740_010.jpg,20250530_191740,10,normal,valid,0.0,0.0,0.0,2,1.4869194030761719,1.2328073978424072,2,1.4653950929641724,1.245653748512268
20250530_191740_011.jpg,20250530_191740,11,normal,test,0.0,0.0,0.010465381667017937,2,1.400153636932373,1.1372860670089722,2,1.4502147436141968,inf
20250530_191740_012.jpg,20250530_191740,12,normal,train,0.0,0.0,0.021487943828105927,2,1.3682961463928223,1.0714237689971924,3,1.50613534450531,1.2494229078292847
20250530_191740_013.jpg,20250530_191740,13,normal,train,0.0,0.0,0.0,2,1.4564995765686035,1.0856711864471436,3,1.42579984664917,1.127123236656189
20250530_191740_014.jpg,20250530_191740,14,normal,train,0.0,0.0,0.1140412762761116,2,1.4814127683639526,1.025166630744934,3,1.4758517742156982,inf
20250530_191740_015.jpg,20250530_191740,15,normal,train,0.0,0.0,0.0,2,1.5336551666259766,0.9616401195526123,2,1.5019124746322632,inf
20250530_191740_016.jpg,20250530_191740,16,normal,valid,0.0,0.0,0.0,2,1.5194883346557617,1.1249890327453613,2,1.459434151649475,inf
20250530_191740_017.jpg,20250530_191740,17,normal,valid,0.0,0.0,0.0,2,1.5692447423934937,1.0280864238739014,2,1.5002557039260864,1.0429573059082031
20250530_191740_018.jpg,20250530_191740,18,normal,train,0.0,0.0,0.0,2,1.5783066749572754,1.0394517183303833,3,1.5651804208755493,0.9583953619003296
20250530_191740_019.jpg,20250530_191740,19,normal,train,0.0,0.0,0.0,2,1.6510006189346313,1.0936152935028076,3,1.5076676607131958,0.9774628281593323
20250530_191740_020.jpg,20250530_191740,20,normal,train,0.0,0.0,0.04100210219621658,2,1.6478850841522217,1.1136806011199951,2,1.529067039489746,1.0312936305999756
20250530_191740_021.jpg,20250530_191740,21,normal,train,0.0,0.0,0.0,2,1.562570571899414,1.0478137731552124,2,1.539135217666626,1.0403146743774414
20250530_191740_022.jpg,20250530_191740,22,normal,valid,0.0,0.0,0.020536696538329124,3,1.5454801321029663,1.0949786901474,3,1.508635401725769,0.9756217002868652
20250530_191740_023.jpg,20250530_191740,23,normal,train,0.0,0.0,0.0,2,1.3911248445510864,1.1177109479904175,3,1.445896029472351,1.558600902557373
20250530_191740_024.jpg,20250530_191740,24,normal,valid,0.0,0.0,0.0,2,1.3722180128097534,1.0783437490463257,2,1.4214457273483276,1.646651268005371
20250530_191740_025.jpg,20250530_191740,25,normal,valid,0.0,0.0,0.0,2,1.3554025888442993,1.1039053201675415,2,1.3664849996566772,1.5009015798568726
20250530_191740_026.jpg,20250530_191740,26,normal,train,0.0,0.0,0.010522034019231796,2,1.2902934551239014,0.9532167315483093,3,0.8122848272323608,1.4612151384353638
20250530_191740_027.jpg,20250530_191740,27,normal,train,0.0,0.0,0.0,3,1.3604804277420044,inf,3,1.3697108030319214,inf
20250530_191740_028.jpg,20250530_191740,28,normal,train,0.0,0.01557842642068863,0.02264290302991867,2,1.3901751041412354,1.4467073678970337,3,1.3371669054031372,inf
20250530_191740_029.jpg,20250530_191740,29,normal,train,0.0,0.024873699992895126,0.12200288474559784,2,1.4395670890808105,inf,3,1.3803211450576782,1.4975887537002563
20250530_191740_030.jpg,20250530_191740,30,normal,train,0.0,0.09922999888658524,0.28512561321258545,1,inf,inf,3,1.409797191619873,inf
20250530_191740_031.jpg,20250530_191740,31,normal,train,0.0,0.03255048394203186,0.0394793376326561,2,1.327850103378296,inf,2,1.3516979217529297,inf
20250530_191740_032.jpg,20250530_191740,32,normal,train,0.0,0.140885129570961,0.09905283898115158,2,1.3682845830917358,inf,3,1.3604580163955688,inf
20250530_191740_033.jpg,20250530_191740,33,normal,valid,0.013073497451841831,0.13012643158435822,0.038833290338516235,2,1.2856048345565796,inf,3,1.3942222595214844,inf
20250530_191740_034.jpg,20250530_191740,34,normal,train,0.0,0.0,0.028730489313602448,2,1.3098732233047485,inf,3,1.4023271799087524,1.5128225088119507
20250530_191740_035.jpg,20250530_191740,35,normal,train,0.0,0.0,0.023098664358258247,4,1.284897804260254,inf,3,1.3711931705474854,inf
20250530_191740_036.jpg,20250530_191740,36,normal,train,0.0,0.0,0.07110754400491714,2,1.282477855682373,inf,3,1.3629261255264282,inf
20250530_191740_037.jpg,20250530_191740,37,normal,train,0.0,0.011847475543618202,0.015626205131411552,2,inf,inf,3,1.4077074527740479,inf
20250530_191740_038.jpg,20250530_191740,38,normal,train,0.0,0.0,0.0,2,1.2681026458740234,inf,3,1.4381221532821655,inf
20250530_191740_039.jpg,20250530_191740,39,normal,train,0.0,0.0,0.0,1,inf,inf,3,1.4457000494003296,inf
20250530_191740_040.jpg,20250530_191740,40,normal,train,0.0,0.0,0.0,2,1.2803080081939697,1.924190878868103,3,1.337876796722412,1.5165951251983643
20250530_191740_041.jpg,20250530_191740,41,normal,train,0.0,0.0,0.0,1,inf,inf,2,inf,inf
20250530_191740_042.jpg,20250530_191740,42,normal,train,0.0,0.0,0.010252152569591999,1,inf,1.0296950340270996,3,1.3775205612182617,1.7307277917861938
20250530_191740_043.jpg,20250530_191740,43,normal,valid,0.0,0.0,0.0,2,1.3503063917160034,1.0687941312789917,3,1.4937623739242554,1.2360180616378784
20250530_191740_044.jpg,20250530_191740,44,normal,train,0.0,0.0,0.0,1,inf,0.9883326888084412,2,1.376099705696106,1.5798306465148926
20250530_191740_045.jpg,20250530_191740,45,normal,train,0.0,0.0,0.0,1,inf,0.9518709182739258,2,1.3321964740753174,0.953038215637207
20250530_191740_046.jpg,20250530_191740,46,normal,train,0.0,0.0,0.0,2,1.4195845127105713,1.109340786933899,3,1.4201003313064575,1.0479984283447266
20250530_191740_047.jpg,20250530_191740,47,normal,train,0.0,0.0,0.0,2,1.5781865119934082,1.0766527652740479,2,1.5844544172286987,1.103010892868042
20250530_191740_048.jpg,20250530_191740,48,normal,train,0.0,0.0,0.0,2,1.526341199874878,inf,3,1.5193614959716797,1.6824761629104614
20250530_191740_049.jpg,20250530_191740,49,normal,valid,0.0,0.0,0.0,3,1.5808757543563843,0.9901173114776611,2,1.49326491355896,1.920085072517395
20250530_191740_050.jpg,20250530_191740,50,normal,train,0.0,0.0,0.0,2,1.528970718383789,1.1027095317840576,2,1.4813299179077148,1.6184353828430176
20250530_191740_051.jpg,20250530_191740,51,normal,train,0.0,0.0,0.014449658803641796,3,1.5412107706069946,1.1367993354797363,2,1.590570092201233,1.0197138786315918
20250530_191740_052.jpg,20250530_191740,52,normal,train,0.0,0.0,0.0,3,1.4935438632965088,0.9501329660415649,3,1.6245694160461426,1.0703493356704712
20250530_191740_053.jpg,20250530_191740,53,normal,train,0.0,0.0,0.0,1,inf,1.0453202724456787,2,inf,inf
20250530_191740_054.jpg,20250530_191740,54,normal,train,0.0,0.0,0.0,1,inf,1.0369795560836792,3,7.520894527435303,1.1305546760559082
20250530_191740_055.jpg,20250530_191740,55,normal,train,0.0,0.0,0.0,1,inf,0.8421321511268616,2,inf,1.0802956819534302
20250530_191740_056.jpg,20250530_191740,56,normal,train,0.0,0.0,0.0,1,inf,0.8981764316558838,2,1.3830451965332031,1.1295337677001953
20250530_191740_057.jpg,20250530_191740,57,normal,train,0.0,0.0,0.0,1,inf,inf,2,inf,inf
20250530_191740_058.jpg,20250530_191740,58,normal,train,0.0204089917242527,0.06758129596710205,0.18861877918243408,1,inf,inf,2,inf,1.045485019683838
20250530_191740_059.jpg,20250530_191740,59,normal,valid,0.0,0.0,0.047266848385334015,1,inf,inf,2,inf,inf
20250530_191740_060.jpg,20250530_191740,60,normal,train,0.0,0.04041212052106857,0.020127397030591965,1,inf,inf,2,8.128368377685547,inf
20250530_191740_061.jpg,20250530_191740,61,normal,train,0.0,0.0,0.05313045158982277,1,inf,inf,2,inf,inf
20250530_191740_062.jpg,20250530_191740,62,normal,valid,0.0,0.0,0.0,1,inf,inf,2,inf,inf
20250530_191740_063.jpg,20250530_191740,63,normal,train,0.0,0.0,0.0,2,inf,inf,2,inf,inf
20250530_191740_065.jpg,20250530_191740,65,normal,valid,0.0,0.02353687770664692,0.0,1,inf,inf,2,4.216790199279785,inf
20250530_191740_066.jpg,20250530_191740,66,normal,train,0.0,0.0,0.0,1,inf,inf,2,inf,inf
20250530_191740_068.jpg,20250530_191740,68,normal,train,0.0,0.03032744862139225,0.04819216579198837,1,inf,inf,2,inf,inf
20250530_191740_069.jpg,20250530_191740,69,normal,train,0.0,0.0,0.0,1,inf,inf,2,inf,inf
20250530_191740_070.jpg,20250530_191740,70,normal,train,0.0,0.05191437527537346,0.017412347719073296,1,inf,inf,2,inf,inf
20250530_191740_071.jpg,20250530_191740,71,normal,train,0.0,0.02424466237425804,0.026061059907078743,1,inf,inf,2,inf,inf
20250530_191740_072.jpg,20250530_191740,72,normal,train,0.0,0.0,0.0,1,inf,1.0395667552947998,2,7.153326988220215,1.146791696548462
20250530_191740_073.jpg,20250530_191740,73,normal,train,0.0,0.0,0.0,1,inf,inf,2,inf,inf
20250530_191740_074.jpg,20250530_191740,74,normal,train,0.0,0.0,0.0,1,inf,0.9328911304473877,2,inf,inf
20250530_191740_075.jpg,20250530_191740,75,normal,train,0.0,0.0,0.013502588495612144,1,inf,0.9585134983062744,2,inf,1.089671015739441
20250530_191740_076.jpg,20250530_191740,76,normal,train,0.0,0.0,0.0,1,inf,1.0600777864456177,2,inf,1.1900256872177124
20250530_191740_077.jpg,20250530_191740,77,normal,train,0.0,0.0,0.0,1,inf,1.0307533740997314,2,inf,inf
20250530_191740_078.jpg,20250530_191740,78,normal,train,0.0,0.0,0.0,1,inf,inf,2,inf,inf
20250530_191740_079.jpg,20250530_191740,79,normal,train,0.0,0.0,0.0,1,inf,0.9901040196418762,2,8.650627136230469,1.0134832859039307
20250530_191740_081.jpg,20250530_191740,81,normal,valid,0.0,0.0,0.0,1,inf,inf,1,inf,inf
20250530_191740_082.jpg,20250530_191740,82,normal,test,0.0,0.0,0.0,1,inf,inf,1,inf,1.0477380752563477
20250530_191740_083.jpg,20250530_191740,83,normal,train,0.0,0.0,0.0,1,inf,0.9761013984680176,2,inf,1.0771774053573608
20250530_191740_084.jpg,20250530_191740,84,normal,test,0.0,0.0,0.0,1,inf,1.0140610933303833,2,inf,1.1469101905822754
20250530_191740_085.jpg,20250530_191740,85,normal,train,0.0,0.0,0.0,1,inf,1.050331950187683,1,inf,1.0652625560760498
20250530_191740_086.jpg,20250530_191740,86,normal,train,0.0,0.0,0.0,1,inf,0.980010449886322,2,inf,inf
20250530_191740_087.jpg,20250530_191740,87,normal,test,0.0,0.0,0.0,1,inf,1.0541507005691528,2,inf,inf
20250530_191740_088.jpg,20250530_191740,88,normal,valid,0.0,0.0,0.017365140840411186,1,inf,0.9367774128913879,2,inf,0.9631674289703369
20250530_191740_089.jpg,20250530_191740,89,normal,train,0.0,0.0,0.0,1,inf,1.0303462743759155,1,inf,1.0457552671432495
20250530_191740_090.jpg,20250530_191740,90,normal,test,0.0,0.0,0.014185309410095215,1,inf,1.036993145942688,1,inf,inf
20250530_191740_091.jpg,20250530_191740,91,normal,train,0.0,0.0,0.0,1,inf,1.1096251010894775,2,inf,inf
20250530_191740_092.jpg,20250530_191740,92,normal,train,0.0,0.0,0.011729014106094837,1,inf,1.1086254119873047,1,inf,1.170069932937622
20250530_191740_093.jpg,20250530_191740,93,normal,train,0.0,0.0,0.015256565064191818,1,inf,1.1062018871307373,2,inf,1.118814468383789
20250530_191740_094.jpg,20250530_191740,94,normal,train,0.0,0.0,0.0,1,inf,1.002122402191162,2,inf,1.1071522235870361
20250530_191740_095.jpg,20250530_191740,95,normal,train,0.0,0.029079310595989227,0.19413839280605316,1,inf,1.2296305894851685,2,inf,1.2109246253967285
20250530_191740_096.jpg,20250530_191740,96,normal,test,0.010305119678378105,0.0,0.3427094519138336,1,inf,inf,2,inf,inf
20250530_191740_097.jpg,20250530_191740,97,normal,train,0.0,0.0,0.27378520369529724,1,inf,1.1698036193847656,2,inf,1.1539366245269775
20250530_191740_098.jpg,20250530_191740,98,normal,train,0.0,0.0,0.22621087729930878,1,inf,1.1320080757141113,2,inf,1.157419204711914
20250530_191740_099.jpg,20250530_191740,99,normal,valid,0.0,0.017727205529808998,0.25330016016960144,1,inf,1.2144665718078613,2,inf,inf
20250530_191740_100.jpg,20250530_191740,100,normal,train,0.012248438782989979,0.019371019676327705,0.3127712309360504,1,inf,inf,1,inf,1.1834789514541626
20250530_191807_001.jpg,20250530_191807,1,normal,train,0.0,0.0,0.20486105978488922,1,inf,inf,2,1.582640528678894,inf
20250530_191807_002.jpg,20250530_191807,2,normal,train,0.0,0.02130921743810177,0.07585229724645615,1,inf,inf,2,2.207669734954834,inf
20250530_191807_003.jpg,20250530_191807,3,normal,valid,0.0,0.0,0.0,1,inf,inf,2,2.4266767501831055,inf
20250530_191807_004.jpg,20250530_191807,4,normal,test,0.0,0.0,0.012825625948607922,1,inf,1.0676758289337158,2,2.3769290447235107,1.1183921098709106
20250530_191807_005.jpg,20250530_191807,5,normal,train,0.0,0.0,0.2664051949977875,1,inf,inf,2,1.4779753684997559,inf
20250530_191807_006.jpg,20250530_191807,6,normal,train,0.0,0.0,0.0,2,inf,inf,3,2.7549359798431396,1.2370980978012085
20250530_191807_007.jpg,20250530_191807,7,normal,train,0.0,0.0,0.15492022037506104,1,inf,inf,2,2.1247787475585938,inf
20250530_191807_008.jpg,20250530_191807,8,normal,train,0.0,0.0,0.08946656435728073,2,1.3960412740707397,1.1542454957962036,2,1.6186859607696533,1.1965581178665161
20250530_191807_009.jpg,20250530_191807,9,normal,test,0.0,0.0,0.18342986702919006,2,2.204387903213501,inf,3,1.545082926750183,inf
20250530_191807_010.jpg,20250530_191807,10,normal,test,0.0,0.0,0.0,1,inf,inf,2,2.4586732387542725,1.1213754415512085
20250530_191807_011.jpg,20250530_191807,11,normal,test,0.010675189085304737,0.0,0.05920398607850075,2,1.34529709815979,inf,2,2.4438130855560303,inf
20250530_191807_012.jpg,20250530_191807,12,normal,train,0.012150919064879417,0.0,0.14046400785446167,2,1.1871696710586548,inf,3,2.6245388984680176,inf
20250530_191807_013.jpg,20250530_191807,13,normal,train,0.0,0.0,0.39826565980911255,4,1.1596564054489136,inf,4,1.5780736207962036,inf
20250530_191807_014.jpg,20250530_191807,14,normal,train,0.0,0.0,0.3293772041797638,2,inf,inf,2,2.3583781719207764,inf
20250530_191807_015.jpg,20250530_191807,15,normal,train,0.010929866693913937,0.04179837554693222,0.24835272133350372,2,inf,1.0042146444320679,2,inf,inf
20250530_191807_016.jpg,20250530_191807,16,normal,train,0.0,0.05299314111471176,0.2325563281774521,2,1.3968030214309692,1.0672935247421265,2,1.780861735343933,1.0715043544769287
20250530_191807_017.jpg,20250530_191807,17,normal,train,0.0,0.016317855566740036,0.049452584236860275,1,inf,0.9149535894393921,2,1.5709844827651978,inf
20250530_191807_018.jpg,20250530_191807,18,normal,train,0.01325235329568386,0.016117574647068977,0.05646896734833717,1,inf,0.9846938848495483,3,1.5027060508728027,inf
20250530_191807_019.jpg,20250530_191807,19,normal,train,0.013712248764932156,0.0,0.0,1,inf,0.8591766357421875,3,2.4537737369537354,inf
20250530_191807_020.jpg,20250530_191807,20,normal,valid,0.014666962437331676,0.0,0.012795197777450085,1,inf,inf,2,inf,0.8811500668525696
20250530_191807_021.jpg,20250530_191807,21,normal,test,0.0,0.0,0.0,1,inf,1.2252222299575806,3,2.0851216316223145,1.031268835067749
20250530_191807_022.jpg,20250530_191807,22,normal,valid,0.012996386736631393,0.0,0.0,1,inf,1.064005732536316,3,2.355210304260254,inf
20250530_191807_023.jpg,20250530_191807,23,normal,train,0.0,0.0,0.0,1,inf,1.0495233535766602,3,0.7698400020599365,inf
20250530_191807_024.jpg,20250530_191807,24,normal,valid,0.0,0.0,0.0,1,inf,1.0458041429519653,3,1.4422109127044678,inf
20250530_191807_026.jpg,20250530_191807,26,normal,train,0.0,0.0,0.0,3,7.763786315917969,0.8855311274528503,2,1.6148476600646973,inf
20250530_191807_027.jpg,20250530_191807,27,ENFORCAR,valid,0.0,0.0,0.0,1,inf,0.9027101397514343,1,inf,inf
20250530_191807_028.jpg,20250530_191807,28,normal,train,0.01378207840025425,0.0,0.0,2,3.639360189437866,1.1387991905212402,1,inf,0.6626216769218445
20250530_191807_029.jpg,20250530_191807,29,normal,valid,0.0,0.0,0.0,2,3.7239267826080322,1.2377980947494507,3,1.6071873903274536,0.9259802103042603
20250530_191807_030.jpg,20250530_191807,30,normal,test,0.0,0.0,0.013618734665215015,2,2.9504663944244385,0.8991308808326721,2,1.6960875988006592,0.7520939707756042
20250530_191807_031.jpg,20250530_191807,31,normal,train,0.0,0.0,0.0,2,3.4705564975738525,1.0477885007858276,2,1.5708184242248535,0.7588378190994263
20250530_191807_032.jpg,20250530_191807,32,normal,test,0.0,0.0,0.0,2,inf,1.1458073854446411,2,1.4444541931152344,1.1145827770233154
20250530_191807_033.jpg,20250530_191807,33,normal,test,0.0,0.0,0.0,1,inf,1.2059581279754639,1,inf,inf
20250530_191807_035.jpg,20250530_191807,35,normal,train,0.0,0.0,0.0,1,inf,1.1472872495651245,1,inf,0.9793714284896851
20250530_191807_036.jpg,20250530_191807,36,normal,test,0.015861356630921364,0.0,0.0,1,inf,0.9822961091995239,1,inf,inf
20250530_191807_037.jpg,20250530_191807,37,normal,train,0.012464411556720734,0.0,0.06643905490636826,1,inf,0.8838399648666382,1,inf,inf
20250530_191807_038.jpg,20250530_191807,38,normal,train,0.0,0.0,0.034520313143730164,1,inf,1.0772813558578491,1,inf,1.0181242227554321
20250530_191807_039.jpg,20250530_191807,39,normal,valid,0.013064105063676834,0.029008297249674797,0.24092523753643036,1,inf,inf,1,inf,inf
20250530_191807_040.jpg,20250530_191807,40,normal,train,0.0,0.0,0.16602934896945953,1,inf,1.0960637331008911,1,inf,inf
20250530_191807_041.jpg,20250530_191807,41,normal,train,0.0,0.0,0.532380223274231,1,inf,1.1486098766326904,1,inf,1.1218889951705933
20250530_191807_042.jpg,20250530_191807,42,normal,train,0.0,0.09306605905294418,0.18362264335155487,1,inf,inf,1,inf,inf
20250530_191807_043.jpg,20250530_191807,43,normal,train,0.0,0.0,0.016804812476038933,1,inf,inf,2,1.3401250839233398,1.4075857400894165
20250530_191807_044.jpg,20250530_191807,44,normal,train,0.0,0.0,0.040053244680166245,1,inf,1.4579977989196777,1,inf,1.340734601020813
20250530_191807_045.jpg,20250530_191807,45,normal,valid,0.0,0.0,0.03871271014213562,1,inf,1.5106213092803955,2,1.3595249652862549,inf
20250530_191807_046.jpg,20250530_191807,46,normal,train,0.0,0.016655471175909042,0.018831172958016396,1,inf,1.4910420179367065,1,inf,inf
20250530_191807_047.jpg,20250530_191807,47,normal,train,0.0,0.022147497162222862,0.02835301123559475,1,inf,1.4114450216293335,2,inf,1.4139693975448608
20250530_191807_048.jpg,20250530_191807,48,normal,train,0.0,0.0,0.0,1,inf,1.4008915424346924,1,inf,1.3341929912567139
20250530_191807_049.jpg,20250530_191807,49,normal,valid,0.0,0.016571754589676857,0.013120968826115131,1,inf,inf,2,2.6450846195220947,1.2993570566177368
20250530_191807_050.jpg,20250530_191807,50,normal,train,0.0,0.0,0.2275303304195404,1,inf,inf,1,inf,inf
20250530_191807_051.jpg,20250530_191807,51,normal,valid,0.0,0.0,0.024849504232406616,1,inf,inf,3,inf,inf
20250530_191807_052.jpg,20250530_191807,52,normal,valid,0.015406537801027298,0.0,0.09338796883821487,1,inf,inf,2,inf,inf
20250530_191807_053.jpg,20250530_191807,53,normal,train,0.0,0.0,0.0,1,inf,0.9439023733139038,1,inf,inf
20250530_191807_054.jpg,20250530_191807,54,normal,valid,0.0,0.0,0.012148245237767696,1,inf,1.0051002502441406,3,1.7922238111495972,inf
20250530_191807_055.jpg,20250530_191807,55,normal,train,0.0,0.0,0.029025964438915253,1,inf,0.8899273872375488,3,1.8235942125320435,inf
20250530_191807_056.jpg,20250530_191807,56,normal,valid,0.034944672137498856,0.0,0.0,1,inf,0.9602035880088806,2,inf,0.9685254693031311
20250530_191807_057.jpg,20250530_191807,57,normal,valid,0.02062559686601162,0.0,0.0,1,inf,0.9781734943389893,1,inf,inf
20250530_191807_058.jpg,20250530_191807,58,normal,train,0.028316501528024673,0.0,0.0,1,inf,1.1630218029022217,2,inf,inf
20250530_191807_059.jpg,20250530_191807,59,normal,valid,0.026984835043549538,0.0,0.0,1,inf,1.1190584897994995,2,inf,inf
20250530_191807_060.jpg,20250530_191807,60,normal,train,0.04478776827454567,0.0,0.0,1,inf,inf,3,1.770439863204956,inf
20250530_191807_061.jpg,20250530_191807,61,normal,train,0.017258532345294952,0.0,0.0,1,inf,inf,3,1.7976086139678955,inf
20250530_191807_062.jpg,20250530_191807,62,normal,train,0.011703032068908215,0.0,0.04036100581288338,1,inf,inf,2,inf,1.234955906867981
20250530_191807_063.jpg,20250530_191807,63,normal,train,0.0,0.02472824975848198,0.5651243925094604,1,inf,inf,2,inf,inf
20250530_191807_064.jpg,20250530_191807,64,normal,train,0.0,0.0,0.3721766769886017,1,inf,inf,3,1.7520031929016113,inf
20250530_191807_065.jpg,20250530_191807,65,normal,train,0.0,0.0,0.35903286933898926,1,inf,inf,2,inf,inf
20250530_191807_066.jpg,20250530_191807,66,normal,train,0.0,0.0,0.38834479451179504,1,inf,inf,2,2.4021241664886475,inf
20250530_191807_069.jpg,20250530_191807,69,normal,train,0.0,0.0,0.02122926153242588,1,inf,1.3261781930923462,1,inf,inf
20250530_191807_070.jpg,20250530_191807,70,normal,valid,0.0,0.0,0.4109954237937927,1,inf,inf,2,inf,inf
20250530_191807_071.jpg,20250530_191807,71,normal,valid,0.0196123905479908,0.047305770218372345,0.4859861135482788,1,inf,inf,2,2.713912010192871,inf
20250530_191807_072.jpg,20250530_191807,72,normal,train,0.04954409599304199,0.0,0.50520259141922,1,inf,inf,2,inf,inf
20250530_191807_073.jpg,20250530_191807,73,normal,valid,0.0,0.04432713985443115,0.22880084812641144,1,inf,inf,1,inf,inf
20250530_191807_074.jpg,20250530_191807,74,normal,train,0.0,0.016654573380947113,0.0,1,inf,inf,2,inf,inf
20250530_191807_075.jpg,20250530_191807,75,normal,train,0.0,0.0,0.0,1,inf,inf,3,2.2988877296447754,inf
20250530_191807_076.jpg,20250530_191807,76,normal,train,0.013315276242792606,0.0,0.0,1,inf,inf,3,2.263361930847168,inf
20250530_191807_077.jpg,20250530_191807,77,normal,train,0.0,0.0,0.0,1,inf,inf,2,inf,inf
20250530_191807_078.jpg,20250530_191807,78,normal,train,0.0,0.0,0.0,2,inf,inf,1,inf,inf
20250530_191807_079.jpg,20250530_191807,79,normal,test,0.0,0.0,0.0,1,inf,0.8137630820274353,2,inf,inf
20250530_191807_080.jpg,20250530_191807,80,normal,valid,0.0,0.0,0.0,1,inf,0.8834904432296753,2,inf,inf
20250530_191807_081.jpg,20250530_191807,81,normal,test,0.0,0.0,0.0,2,inf,inf,3,2.5919723510742188,inf
20250530_191807_082.jpg,20250530_191807,82,normal,train,0.0,0.0,0.0,1,inf,inf,3,2.6803863048553467,1.202553391456604
20250530_191807_083.jpg,20250530_191807,83,normal,train,0.0,0.056253302842378616,0.09135344624519348,1,inf,inf,2,inf,inf
20250530_191807_084.jpg,20250530_191807,84,normal,train,0.0,0.0,0.45746758580207825,1,inf,inf,2,inf,inf
20250530_191807_085.jpg,20250530_191807,85,normal,train,0.0,0.0,0.0,1,inf,1.219434142112732,2,2.5914132595062256,inf
20250530_191807_086.jpg,20250530_191807,86,normal,valid,0.0,0.0,0.0,1,inf,1.5097180604934692,1,inf,inf
20250530_191807_087.jpg,20250530_191807,87,normal,valid,0.0,0.0,0.0,1,inf,inf,1,inf,inf
20250530_191807_088.jpg,20250530_191807,88,normal,train,0.0,0.0,0.0,1,inf,inf,3,inf,inf
20250530_191807_089.jpg,20250530_191807,89,normal,train,0.0,0.0,0.0,1,inf,1.5604888200759888,1,inf,inf
20250530_191807_090.jpg,20250530_191807,90,normal,train,0.0,0.0,0.0,2,3.8289544582366943,1.6296190023422241,3,inf,inf
20250530_191807_091.jpg,20250530_191807,91,normal,valid,0.0,0.0,0.0,2,3.546739339828491,1.5893114805221558,2,inf,inf
20250530_191807_092.jpg,20250530_191807,92,normal,train,0.0,0.0,0.0,2,inf,1.595801830291748,3,1.3436199426651,inf
20250530_191807_093.jpg,20250530_191807,93,normal,valid,0.0,0.0,0.0,2,3.5686192512512207,1.6127830743789673,2,inf,inf
20250530_191807_094.jpg,20250530_191807,94,normal,valid,0.010926686227321625,0.0,0.0,2,inf,inf,3,inf,inf
20250530_191807_095.jpg,20250530_191807,95,normal,valid,0.0,0.0,0.03229181095957756,2,inf,inf,3,inf,inf
20250530_191807_096.jpg,20250530_191807,96,normal,train,0.0,0.0,0.0,2,inf,inf,2,inf,inf
20250530_191807_097.jpg,20250530_191807,97,normal,valid,0.0,0.0,0.0,2,inf,inf,3,inf,inf
20250530_191807_098.jpg,20250530_191807,98,normal,train,0.0,0.0,0.0,2,inf,inf,4,1.8383136987686157,1.1381126642227173
20250530_191807_099.jpg,20250530_191807,99,normal,test,0.0,0.0,0.0,1,inf,inf,3,inf,inf
20250530_191807_100.jpg,20250530_191807,100,normal,train,0.0,0.0,0.0,2,inf,inf,1,inf,inf
20250530_191840_001.jpg,20250530_191840,1,FACA,test,0.0,0.0,0.1046934500336647,2,1.1270207166671753,1.2773765325546265,3,1.1156877279281616,1.1596870422363281
20250530_191840_002.jpg,20250530_191840,2,FACA,train,0.0,0.0,0.3401775360107422,2,1.165446400642395,1.2862895727157593,3,1.0604578256607056,inf
20250530_191840_003.jpg,20250530_191840,3,FACA,valid,0.0,0.0,0.14865748584270477,2,1.170351505279541,1.3208205699920654,3,1.188317060470581,inf
20250530_191840_004.jpg,20250530_191840,4,FACA,valid,0.011627747677266598,0.0,0.06478013098239899,2,1.1570755243301392,1.2175990343093872,3,1.056169867515564,inf
20250530_191840_005.jpg,20250530_191840,5,FACA,train,0.0,0.0,0.1431342512369156,2,1.1875228881835938,1.3017066717147827,2,1.1171956062316895,inf
20250530_191840_006.jpg,20250530_191840,6,FACA,train,0.022178031504154205,0.0,0.16724179685115814,2,1.1377743482589722,1.2624915838241577,4,1.0327997207641602,inf
20250530_191840_007.jpg,20250530_191840,7,FACA,train,0.01560862548649311,0.04572506248950958,0.10827530175447464,2,1.1285343170166016,1.2045130729675293,3,1.0260024070739746,inf
20250530_191840_008.jpg,20250530_191840,8,FACA,train,0.04139748960733414,0.07534883916378021,0.08255782723426819,2,1.1254891157150269,1.2387892007827759,4,1.0185080766677856,inf
20250530_191840_009.jpg,20250530_191840,9,FACA,train,0.01927531138062477,0.09636269509792328,0.0782061517238617,2,1.1286540031433105,1.226302146911621,2,1.0708905458450317,inf
20250530_191840_010.jpg,20250530_191840,10,FACA,valid,0.038770176470279694,0.043638911098241806,0.14782503247261047,2,1.1704342365264893,1.217670202255249,2,1.0648071765899658,inf
20250530_191840_011.jpg,20250530_191840,11,FACA,train,0.0,0.0,0.17557673156261444,2,1.1449580192565918,1.1835962533950806,4,1.0659723281860352,inf
20250530_191840_012.jpg,20250530_191840,12,FACA,train,0.0,0.0,0.15496428310871124,2,1.12857186794281,1.178705096244812,3,1.0549042224884033,inf
20250530_191840_013.jpg,20250530_191840,13,FACA,train,0.0,0.0,0.08925477415323257,2,1.1841810941696167,1.1985282897949219,3,1.0706146955490112,inf
20250530_191840_014.jpg,20250530_191840,14,FACA,train,0.0,0.0,0.16316138207912445,2,1.1729509830474854,1.1744977235794067,2,1.0932750701904297,inf
20250530_191840_015.jpg,20250530_191840,15,FACA,train,0.0,0.0,0.03838931769132614,2,1.2357016801834106,1.2196991443634033,2,1.099394679069519,inf
20250530_191840_016.jpg,20250530_191840,16,FACA,train,0.0,0.0,0.10874819755554199,2,1.1282414197921753,1.1877124309539795,2,1.0983208417892456,inf
20250530_191840_017.jpg,20250530_191840,17,FACA,test,0.0,0.0,0.12516966462135315,1,inf,1.1440441608428955,3,1.1431454420089722,inf
20250530_191840_018.jpg,20250530_191840,18,FACA,train,0.0,0.0,0.26443570852279663,2,1.256445288658142,inf,3,1.1917039155960083,inf
20250530_191840_019.jpg,20250530_191840,19,FACA,train,0.0,0.0,0.15482833981513977,2,1.3620705604553223,1.1585530042648315,3,1.2861775159835815,inf
20250530_191840_020.jpg,20250530_191840,20,FACA,train,0.0,0.0,0.0700598880648613,2,1.3294835090637207,1.1966145038604736,3,1.2642102241516113,inf
20250530_191840_021.jpg,20250530_191840,21,FACA,train,0.0,0.0,0.259646475315094,2,1.4450430870056152,1.1973522901535034,3,1.299466848373413,inf
20250530_191840_022.jpg,20250530_191840,22,FACA,train,0.0,0.0,0.04627138003706932,2,1.2433818578720093,1.1894199848175049,2,1.2438238859176636,inf
20250530_191840_023.jpg,20250530_191840,23,FACA,train,0.0,0.0,0.1539802849292755,2,1.1401383876800537,1.1857010126113892,2,1.2457103729248047,inf
20250530_191840_024.jpg,20250530_191840,24,FACA,train,0.0,0.0,0.710040807723999,2,1.3357750177383423,1.2083755731582642,2,1.2088665962219238,1.043898105621338
20250530_191840_025.jpg,20250530_191840,25,FACA,train,0.0,0.025804167613387108,0.11024315655231476,2,1.3341152667999268,1.218906283378601,2,1.0332685708999634,1.0592384338378906
20250530_191840_026.jpg,20250530_191840,26,FACA,train,0.028257258236408234,0.013907170854508877,0.3456128239631653,2,1.2801134586334229,1.0896722078323364,2,1.2996774911880493,inf
20250530_191840_027.jpg,20250530_191840,27,FACA,train,0.0,0.09850041568279266,0.5633273124694824,2,1.3197519779205322,1.1226489543914795,2,1.2932863235473633,0.9608396887779236
20250530_191840_028.jpg,20250530_191840,28,FACA,test,0.0,0.0,0.09732066839933395,2,1.363232135772705,0.9751538634300232,2,1.3693643808364868,1.0347857475280762
20250530_191840_029.jpg,20250530_191840,29,FACA,valid,0.0,0.0,0.0,2,1.0618104934692383,0.9840989112854004,3,0.9826411604881287,inf
20250530_191840_030.jpg,20250530_191840,30,FACA,train,0.0440165251493454,0.01776987686753273,0.0,2,1.0333582162857056,1.238484501838684,2,0.9330704808235168,inf
20250530_191840_031.jpg,20250530_191840,31,FACA,train,0.0,0.0,0.0,2,0.9926092028617859,0.9795061945915222,2,0.861827552318573,inf
20250530_191840_032.jpg,20250530_191840,32,FACA,train,0.0,0.0,0.0,2,0.952996015548706,0.9596700668334961,2,0.8179161548614502,0.834223747253418
20250530_191840_033.jpg,20250530_191840,33,FACA,train,0.0,0.24539180099964142,0.0,2,1.0878790616989136,0.9369997382164001,2,0.8895344138145447,inf
20250530_191840_034.jpg,20250530_191840,34,FACA,train,0.0,0.17943716049194336,0.0,2,0.9074794054031372,1.0299854278564453,2,0.8219432234764099,0.8254155516624451
20250530_191840_035.jpg,20250530_191840,35,FACA,train,0.0,0.40253546833992004,0.3530719578266144,2,1.0541388988494873,0.937587320804596,2,0.7739818096160889,inf
20250530_191840_036.jpg,20250530_191840,36,FACA,train,0.0,0.3393908739089966,0.06752831488847733,2,1.1141269207000732,1.2147040367126465,2,0.8053646087646484,inf
20250530_191840_037.jpg,20250530_191840,37,FACA,train,0.03597879037261009,0.11483300477266312,0.0,1,inf,1.0620031356811523,1,inf,0.9905992150306702
20250530_191840_038.jpg,20250530_191840,38,FACA,train,0.013459743931889534,0.3918474018573761,0.09070755541324615,1,inf,1.1968672275543213,2,1.2095527648925781,1.1632685661315918
20250530_191840_039.jpg,20250530_191840,39,FACA,train,0.0,0.24744805693626404,0.17764835059642792,2,1.3351709842681885,1.0956380367279053,2,1.2820067405700684,inf
20250530_191840_040.jpg,20250530_191840,40,FACA,train,0.0,0.051250338554382324,0.11943040043115616,1,inf,1.1806879043579102,2,1.233998417854309,1.1429085731506348
20250530_191840_041.jpg,20250530_191840,41,FACA,train,0.0,0.11658002436161041,0.3073462247848511,2,1.2299336194992065,1.1975003480911255,2,1.1502717733383179,1.121091604232788
20250530_191840_042.jpg,20250530_191840,42,FACA,train,0.0,0.10735400766134262,0.3158841133117676,2,1.1486796140670776,inf,2,1.129936695098877,inf
20250530_191840_043.jpg,20250530_191840,43,FACA,train,0.0,0.2140434980392456,0.4410437345504761,1,inf,1.2071536779403687,2,1.2217882871627808,1.2131106853485107
20250530_191840_044.jpg,20250530_191840,44,FACA,test,0.0,0.25752905011177063,0.26996737718582153,1,inf,1.3630199432373047,3,1.2801240682601929,1.2767218351364136
20250530_191840_045.jpg,20250530_191840,45,FACA,valid,0.0,0.13266712427139282,0.3869066536426544,2,1.4086538553237915,1.3770108222961426,2,1.2741854190826416,1.2908315658569336
20250530_191840_046.jpg,20250530_191840,46,FACA,train,0.0,0.29762861132621765,0.3439582288265228,2,1.4119700193405151,1.381039023399353,2,1.2756776809692383,1.3130425214767456
20250530_191840_047.jpg,20250530_191840,47,FACA,test,0.0,0.3079739212989807,0.2593928575515747,2,1.3772765398025513,1.333823561668396,2,1.2240581512451172,inf
20250530_191840_048.jpg,20250530_191840,48,FACA,valid,0.0,0.16015787422657013,0.3649059236049652,2,1.3444069623947144,inf,2,1.2420991659164429,inf
20250530_191840_049.jpg,20250530_191840,49,FACA,train,0.0,0.05015069991350174,0.18873102962970734,2,1.3789092302322388,1.0020039081573486,3,1.3173168897628784,inf
20250530_191840_050.jpg,20250530_191840,50,FACA,test,0.0,0.09465286135673523,0.27073168754577637,3,1.2564927339553833,inf,3,1.334750771522522,inf
20250530_191840_051.jpg,20250530_191840,51,FACA,valid,0.0,0.05714842677116394,0.0,2,1.2877191305160522,inf,3,1.2840893268585205,1.1622389554977417
20250530_191840_052.jpg,20250530_191840,52,FACA,train,0.0,0.0,0.0,2,1.2178879976272583,1.0892980098724365,2,1.0137628316879272,inf
20250530_191840_053.jpg,20250530_191840,53,FACA,train,0.0,0.3164767622947693,0.0,2,0.9044222235679626,0.9188992977142334,2,0.8238881230354309,inf
20250530_191840_054.jpg,20250530_191840,54,FACA,train,0.0,0.12438584119081497,0.0,2,0.8713240623474121,0.8448908925056458,2,0.8356444239616394,inf
20250530_191840_055.jpg,20250530_191840,55,FACA,test,0.0,0.1347091943025589,0.0,2,0.9017724394798279,0.8375226259231567,2,0.9175253510475159,0.9163404107093811
20250530_191840_056.jpg,20250530_191840,56,FACA,train,0.0,0.0,0.0,2,1.1086492538452148,0.8316038846969604,3,0.3537253737449646,0.8477929830551147
20250530_191840_057.jpg,20250530_191840,57,FACA,train,0.0,0.0,0.0,2,0.8068965673446655,1.0284849405288696,2,0.7532075643539429,0.8909486532211304
20250530_191840_058.jpg,20250530_191840,58,FACA,test,0.0,0.0,0.0,1,inf,1.030403971672058,4,0.418132483959198,0.7834720015525818
20250530_191840_059.jpg,20250530_191840,59,FACA,train,0.0,0.0,0.0,2,0.7446344494819641,inf,2,0.7944778800010681,0.7353541254997253
20250530_191840_060.jpg,20250530_191840,60,FACA,valid,0.0,0.0,0.0,1,inf,0.9290754795074463,2,1.0326069593429565,0.777030885219574
20250530_191840_061.jpg,20250530_191840,61,FACA,valid,0.021216921508312225,0.0,0.0,1,inf,0.9286859035491943,2,0.8728359341621399,inf
20250530_191840_062.jpg,20250530_191840,62,FACA,train,0.0,0.020026912912726402,0.054840896278619766,1,inf,1.0652508735656738,1,inf,1.0571593046188354
20250530_191840_063.jpg,20250530_191840,63,FACA,train,0.0,0.011605137027800083,0.3088972866535187,1,inf,1.2444994449615479,3,1.2216312885284424,inf
20250530_191840_064.jpg,20250530_191840,64,FACA,valid,0.0,0.0,0.23123019933700562,1,inf,1.3976649045944214,3,0.6196235418319702,inf
20250530_191840_065.jpg,20250530_191840,65,FACA,test,0.0,0.01415671780705452,0.23243381083011627,1,inf,1.5408591032028198,2,0.6292701959609985,inf
20250530_191840_066.jpg,20250530_191840,66,FACA,train,0.0,0.029021957889199257,0.2358829230070114,1,inf,1.369360089302063,2,0.5765475034713745,inf
20250530_191840_067.jpg,20250530_191840,67,FACA,train,0.0,0.0,0.2241048365831375,1,inf,1.4600023031234741,3,0.5623583793640137,inf
20250530_191840_068.jpg,20250530_191840,68,FACA,train,0.0,0.052910760045051575,0.20538707077503204,1,inf,1.3990293741226196,3,0.5729461312294006,inf
20250530_191840_069.jpg,20250530_191840,69,FACA,train,0.0,0.0,0.330155611038208,1,inf,1.3145347833633423,2,0.6029466986656189,inf
20250530_191840_070.jpg,20250530_191840,70,FACA,train,0.0,0.0,0.07801681756973267,1,inf,inf,3,0.5947118401527405,inf
20250530_191840_071.jpg,20250530_191840,71,FACA,train,0.0,0.0,0.12181106954813004,1,inf,inf,3,1.06993567943573,inf
20250530_191840_072.jpg,20250530_191840,72,FACA,train,0.0,0.0,0.40152281522750854,2,2.078726053237915,inf,3,1.0742865800857544,1.2501177787780762
20250530_191840_073.jpg,20250530_191840,73,FACA,train,0.0,0.0,0.05526423081755638,2,1.1238410472869873,1.4022631645202637,3,1.0846211910247803,1.269294261932373
20250530_191840_074.jpg,20250530_191840,74,FACA,train,0.0,0.0,0.050140075385570526,2,1.1578223705291748,1.455458641052246,2,1.0614973306655884,inf
20250530_191840_075.jpg,20250530_191840,75,FACA,test,0.0,0.0,0.20088280737400055,3,1.102770447731018,1.32669997215271,3,1.1114099025726318,inf
20250530_191840_076.jpg,20250530_191840,76,FACA,train,0.0,0.0,0.03373394161462784,2,0.5592424273490906,1.423947811126709,2,0.5679836869239807,inf
20250530_191840_077.jpg,20250530_191840,77,FACA,test,0.0,0.0,0.1914098858833313,1,inf,1.4543471336364746,2,0.5421411991119385,inf
20250530_191840_078.jpg,20250530_191840,78,FACA,train,0.0,0.0,0.22394751012325287,1,inf,1.2469578981399536,2,0.49816739559173584,1.1832376718521118
20250530_191840_079.jpg,20250530_191840,79,FACA,test,0.0,0.0,0.5154193639755249,3,0.6659790873527527,0.5663475394248962,2,0.5826205611228943,inf
20250530_191840_080.jpg,20250530_191840,80,FACA,valid,0.012811235152184963,0.14008228480815887,0.5924303531646729,3,0.8926928043365479,1.1847859621047974,2,1.0604150295257568,inf
20250530_191840_081.jpg,20250530_191840,81,FACA,train,0.022643547505140305,0.14384028315544128,0.6347704529762268,1,inf,1.1696951389312744,2,1.197877049446106,inf
20250530_191840_082.jpg,20250530_191840,82,FACA,train,0.0,0.0,0.1392800658941269,2,1.2308707237243652,1.0089561939239502,2,1.2666300535202026,1.393621563911438
20250530_191840_083.jpg,20250530_191840,83,FACA,train,0.06560682505369186,0.35662561655044556,0.07859927415847778,1,inf,0.9842666387557983,2,1.2850638628005981,inf
20250530_191840_084.jpg,20250530_191840,84,FACA,train,0.0,0.07203623652458191,0.019448015838861465,2,1.090674638748169,1.1673122644424438,2,1.2643721103668213,1.0013550519943237
20250530_191840_085.jpg,20250530_191840,85,FACA,valid,0.010494853369891644,0.1538260281085968,0.0,2,1.086673378944397,0.9514873623847961,2,0.9373948574066162,inf
20250530_191840_086.jpg,20250530_191840,86,FACA,train,0.0,0.08061698824167252,0.048642199486494064,2,1.096619963645935,1.0393688678741455,3,1.0489089488983154,inf
20250530_191840_087.jpg,20250530_191840,87,FACA,test,0.0,0.2228267788887024,0.15917642414569855,1,inf,0.8796069622039795,2,1.042335867881775,inf
20250530_191840_088.jpg,20250530_191840,88,FACA,train,0.0,0.0,0.0,2,1.3825191259384155,0.608433723449707,2,1.0591175556182861,1.0153552293777466
20250530_191840_089.jpg,20250530_191840,89,FACA,train,0.017794635146856308,0.0,0.01691647619009018,2,1.3228442668914795,0.98423171043396,3,1.1668291091918945,inf
20250530_191840_090.jpg,20250530_191840,90,FACA,train,0.0,0.03540174290537834,0.0,2,1.2893750667572021,0.9458590745925903,2,1.4643744230270386,1.1213412284851074
20250530_191840_091.jpg,20250530_191840,91,FACA,train,0.0,0.05196692794561386,0.0,2,1.1644608974456787,1.0707428455352783,3,1.0561800003051758,1.0415433645248413
20250530_191840_092.jpg,20250530_191840,92,FACA,train,0.0,0.024840492755174637,0.010413835756480694,2,1.3764907121658325,1.0019924640655518,3,1.196280837059021,1.1295424699783325
20250530_191840_093.jpg,20250530_191840,93,FACA,train,0.0,0.0,0.06636904925107956,2,1.0550055503845215,1.1299195289611816,3,1.281174659729004,1.1849285364151
20250530_191840_094.jpg,20250530_191840,94,FACA,train,0.0,0.0,0.06408241391181946,2,0.9480520486831665,1.1319142580032349,2,1.117648959159851,1.2173482179641724
20250530_191840_095.jpg,20250530_191840,95,FACA,valid,0.0,0.0,0.014597517438232899,2,1.2493319511413574,1.2232078313827515,2,1.2401933670043945,inf
20250530_191840_096.jpg,20250530_191840,96,normal,train,0.0,0.0,0.013571185059845448,2,0.8808174729347229,1.2447681427001953,1,inf,1.1988452672958374
20250530_191840_097.jpg,20250530_191840,97,FACA,train,0.0,0.0,0.2840893268585205,2,1.3278437852859497,1.2461310625076294,2,0.9778897166252136,1.205633282661438
20250530_191840_098.jpg,20250530_191840,98,FACA,train,0.0,0.013262181542813778,0.1622191220521927,2,1.3319653272628784,inf,2,1.2457740306854248,inf
20250530_191840_099.jpg,20250530_191840,99,FACA,valid,0.0,0.0,0.11995342373847961,2,1.5085606575012207,1.2472500801086426,2,1.3034695386886597,inf
20250530_191840_100.jpg,20250530_191840,100,FACA,train,0.0,0.0,0.0,2,1.5030006170272827,inf,2,1.3784608840942383,inf
20250530_191902_001.jpg,20250530_191902,1,FACA,train,0.010405383072793484,0.08705467730760574,0.2947554886341095,4,1.2046637535095215,1.0124773979187012,3,1.1046867370605469,inf
20250530_191902_002.jpg,20250530_191902,2,ENFORCAR,valid,0.0,0.04485497251152992,0.14737114310264587,3,1.3050981760025024,1.1731711626052856,3,1.0808994770050049,inf
20250530_191902_003.jpg,20250530_191902,3,FACA,test,0.0,0.0,0.2232215851545334,3,1.2692766189575195,1.084303379058838,3,1.0792665481567383,1.0585837364196777
20250530_191902_004.jpg,20250530_191902,4,FACA,valid,0.0,0.0,0.23388811945915222,3,1.234495759010315,1.1458829641342163,4,1.0846760272979736,1.0547504425048828
20250530_191902_005.jpg,20250530_191902,5,FACA,valid,0.0,0.0,0.07839900255203247,2,1.2240910530090332,1.129831075668335,3,1.0733004808425903,inf
20250530_191902_006.jpg,20250530_191902,6,FACA,train,0.0,0.0,0.1929973065853119,2,1.5970462560653687,1.0978292226791382,3,1.1107239723205566,inf
20250530_191902_007.jpg,20250530_191902,7,FACA,valid,0.0,0.01017580833286047,0.16446848213672638,2,1.2698838710784912,1.1504120826721191,2,1.1435706615447998,inf
20250530_191902_008.jpg,20250530_191902,8,FACA,valid,0.0,0.0,0.23621928691864014,2,1.1547659635543823,1.086937665939331,3,1.101435899734497,inf
20250530_191902_009.jpg,20250530_191902,9,FACA,train,0.0,0.01113600842654705,0.20504364371299744,2,1.2768726348876953,1.201387882232666,2,1.2399541139602661,1.1294924020767212
20250530_191902_010.jpg,20250530_191902,10,FACA,test,0.0,0.07496708631515503,0.3381757438182831,2,1.2338392734527588,1.1589922904968262,1,inf,1.11006760597229
20250530_191902_011.jpg,20250530_191902,11,FACA,train,0.0,0.016508137807250023,0.3164528012275696,2,1.4401816129684448,1.2549920082092285,2,1.3351916074752808,1.1441682577133179
20250530_191902_012.jpg,20250530_191902,12,FACA,train,0.011321277357637882,0.0,0.25824448466300964,3,1.4432530403137207,1.2136059999465942,2,1.383836269378662,1.2347333431243896
20250530_191902_013.jpg,20250530_191902,13,FACA,train,0.0,0.011065385304391384,0.14398092031478882,2,1.5492284297943115,1.2915124893188477,3,1.4814015626907349,inf
20250530_191902_014.jpg,20250530_191902,14,FACA,train,0.0,0.0,0.2922205924987793,2,1.5330536365509033,1.2456666231155396,2,1.4487465620040894,1.1408641338348389
20250530_191902_015.jpg,20250530_191902,15,FACA,train,0.0,0.0,0.37474846839904785,2,0.7501342296600342,1.1666890382766724,2,1.4886754751205444,1.1961212158203125
20250530_191902_016.jpg,20250530_191902,16,FACA,train,0.0,0.0,0.2957286238670349,2,1.628757119178772,1.2389540672302246,2,0.3509146571159363,1.5971275568008423
20250530_191902_017.jpg,20250530_191902,17,FACA,train,0.014605982229113579,0.012507685460150242,0.32818177342414856,2,1.5384798049926758,1.2467938661575317,2,1.4830052852630615,inf
20250530_191902_018.jpg,20250530_191902,18,FACA,train,0.0,0.01713837869465351,0.4714016914367676,2,1.3883131742477417,inf,2,1.4522957801818848,inf
20250530_191902_019.jpg,20250530_191902,19,FACA,train,0.0,0.014582502655684948,0.34459182620048523,3,1.3127334117889404,inf,3,1.1985151767730713,inf
20250530_191902_020.jpg,20250530_191902,20,FACA,valid,0.0,0.0,0.2691704332828522,3,0.9179176688194275,inf,2,1.2869945764541626,inf
20250530_191902_021.jpg,20250530_191902,21,FACA,train,0.0,0.03768051415681839,0.461832731962204,1,inf,inf,2,0.9285496473312378,inf
20250530_191902_022.jpg,20250530_191902,22,FACA,train,0.0,0.03118054009974003,0.052910711616277695,3,1.0769102573394775,inf,2,1.1546711921691895,inf
20250530_191902_023.jpg,20250530_191902,23,FACA,train,0.0,0.0481698177754879,0.0,2,0.9471608996391296,inf,2,0.8950321674346924,inf
20250530_191902_024.jpg,20250530_191902,24,FACA,train,0.0,0.0,0.0,2,0.8902995586395264,inf,2,0.8083761930465698,inf
20250530_191902_025.jpg,20250530_191902,25,FACA,valid,0.0,0.0,0.0,2,0.5708293318748474,1.0350849628448486,3,0.35096290707588196,inf
20250530_191902_026.jpg,20250530_191902,26,FACA,train,0.0,0.07950156182050705,0.0,2,0.9712734818458557,0.9178581833839417,3,0.3927668035030365,inf
20250530_191902_027.jpg,20250530_191902,27,FACA,train,0.0,0.030062923207879066,0.0,3,1.0130442380905151,inf,3,0.4029812514781952,inf
20250530_191902_028.jpg,20250530_191902,28,FACA,train,0.0,0.0,0.0,2,1.1012307405471802,inf,4,0.35998132824897766,inf
20250530_191902_029.jpg,20250530_191902,29,FACA,train,0.0,0.02551746927201748,0.0,2,1.0855244398117065,inf,3,0.8273881673812866,0.8269268274307251
20250530_191902_030.jpg,20250530_191902,30,FACA,train,0.0,0.1525573432445526,0.10316983610391617,2,0.807828426361084,inf,2,0.7172557711601257,inf
20250530_191902_031.jpg,20250530_191902,31,FACA,train,0.11874499171972275,0.4531332850456238,0.06450445204973221,1,inf,inf,2,1.1257096529006958,inf
20250530_191902_032.jpg,20250530_191902,32,FACA,train,0.058513183146715164,0.531234085559845,0.37879517674446106,2,1.3563507795333862,1.2331459522247314,2,1.2409189939498901,inf
20250530_191902_033.jpg,20250530_191902,33,FACA,train,0.0,0.325822114944458,0.26384681463241577,1,inf,inf,2,1.2263076305389404,inf
20250530_191902_034.jpg,20250530_191902,34,FACA,train,0.0,0.19029471278190613,0.5312297940254211,2,1.2000732421875,inf,2,1.1321625709533691,inf
20250530_191902_035.jpg,20250530_191902,35,FACA,train,0.0,0.01448849681764841,0.3098413050174713,1,inf,1.3885283470153809,2,1.0487768650054932,inf
20250530_191902_036.jpg,20250530_191902,36,FACA,train,0.0,0.010009554214775562,0.11895012110471725,1,inf,inf,2,0.8932647109031677,inf
20250530_191902_037.jpg,20250530_191902,37,FACA,train,0.0,0.0,0.04146215692162514,1,inf,inf,2,0.7865856289863586,1.1999105215072632
20250530_191902_038.jpg,20250530_191902,38,FACA,test,0.0,0.0,0.10103876143693924,2,1.1331473588943481,1.3267909288406372,3,0.9244604706764221,inf
20250530_191902_039.jpg,20250530_191902,39,FACA,train,0.0,0.0,0.06614243239164352,2,1.0762804746627808,inf,3,0.7120512127876282,inf
20250530_191902_040.jpg,20250530_191902,40,FACA,train,0.0,0.0,0.0,2,1.048017978668213,1.4100992679595947,3,0.7105818390846252,inf
20250530_191902_041.jpg,20250530_191902,41,FACA,train,0.0,0.0,0.1245460957288742,2,1.0148173570632935,inf,3,0.8480017781257629,inf
20250530_191902_042.jpg,20250530_191902,42,FACA,valid,0.0,0.0,0.24870628118515015,3,0.990041971206665,inf,3,0.6850166320800781,inf
20250530_191902_043.jpg,20250530_191902,43,FACA,train,0.0,0.0,0.20191338658332825,2,0.9865908622741699,1.2461695671081543,3,0.6460967659950256,inf
20250530_191902_044.jpg,20250530_191902,44,FACA,test,0.0,0.0,0.07999125123023987,2,1.0198543071746826,inf,2,1.0514578819274902,inf
20250530_191902_045.jpg,20250530_191902,45,FACA,valid,0.0,0.07032354921102524,0.3864343762397766,2,1.1444793939590454,1.3168160915374756,2,1.1032822132110596,inf
20250530_191902_046.jpg,20250530_191902,46,FACA,valid,0.0,0.0398087278008461,0.3603144884109497,2,1.1905815601348877,1.194373607635498,3,0.6539213061332703,inf
20250530_191902_047.jpg,20250530_191902,47,FACA,train,0.0,0.0,0.5213434100151062,3,1.1892311573028564,1.1228506565093994,4,0.4930543601512909,0.727620005607605
20250530_191902_048.jpg,20250530_191902,48,FACA,train,0.01321451086550951,0.0,0.04694107547402382,3,1.1374001502990723,1.1497414112091064,3,0.4166412651538849,0.6745309829711914
20250530_191902_049.jpg,20250530_191902,49,FACA,train,0.0,0.0,0.0,3,0.982197105884552,inf,3,1.0037901401519775,inf
20250530_191902_050.jpg,20250530_191902,50,FACA,valid,0.0,0.0,0.04228726774454117,3,1.1069520711898804,1.237114429473877,2,1.1316440105438232,1.0301305055618286
20250530_191902_051.jpg,20250530_191902,51,FACA,train,0.0,0.03613191843032837,0.08792544901371002,2,0.9915990829467773,inf,2,0.9871919751167297,inf
20250530_191902_052.jpg,20250530_191902,52,FACA,train,0.0,0.02307031862437725,0.5294482111930847,2,0.9628497362136841,0.9146571755409241,2,0.9828174710273743,inf
20250530_191902_053.jpg,20250530_191902,53,FACA,train,0.0,0.06683563441038132,0.5067034363746643,2,1.1252403259277344,inf,2,1.0211782455444336,inf
20250530_191902_054.jpg,20250530_191902,54,FACA,train,0.0,0.16343970596790314,0.3327527940273285,2,0.9535779356956482,inf,2,1.0291794538497925,inf
20250530_191902_055.jpg,20250530_191902,55,FACA,train,0.0,0.019545990973711014,0.2673960328102112,3,0.9417421221733093,0.8744385242462158,2,0.8557467460632324,inf
20250530_191902_056.jpg,20250530_191902,56,FACA,valid,0.0,0.0,0.06066842004656792,1,inf,inf,2,0.9180103540420532,inf
20250530_191902_057.jpg,20250530_191902,57,FACA,train,0.0,0.0,0.0,1,inf,inf,2,1.1189807653427124,inf
20250530_191902_058.jpg,20250530_191902,58,FACA,train,0.02053467370569706,0.012325054965913296,0.014280539005994797,1,inf,1.2143309116363525,2,1.2465053796768188,0.8678032159805298
20250530_191902_059.jpg,20250530_191902,59,FACA,train,0.11171767860651016,0.03749728575348854,0.19527512788772583,2,1.313873291015625,inf,2,1.2998687028884888,1.0903115272521973
20250530_191902_060.jpg,20250530_191902,60,FACA,train,0.04743405804038048,0.04335256665945053,0.37530437111854553,2,1.2401409149169922,inf,3,1.271539330482483,inf
20250530_191902_061.jpg,20250530_191902,61,FACA,train,0.1658821702003479,0.12257038056850433,0.486375629901886,2,1.3169149160385132,inf,2,1.239400029182434,inf
20250530_191902_062.jpg,20250530_191902,62,FACA,test,0.0,0.1142338439822197,0.3443209230899811,3,1.2982288599014282,inf,2,1.299782156944275,inf
20250530_191902_063.jpg,20250530_191902,63,FACA,valid,0.0,0.0,0.494387149810791,2,1.1894065141677856,1.192031979560852,2,1.327096939086914,inf
20250530_191902_064.jpg,20250530_191902,64,FACA,train,0.0,0.0,0.26498883962631226,2,0.631287693977356,1.4021621942520142,3,0.7430519461631775,inf
20250530_191902_065.jpg,20250530_191902,65,FACA,train,0.0,0.010540632531046867,0.33051571249961853,2,0.8885862827301025,1.4495106935501099,2,1.1651116609573364,1.3489627838134766
20250530_191902_066.jpg,20250530_191902,66,FACA,train,0.0,0.08819863200187683,0.5083436369895935,2,1.0841479301452637,1.30594801902771,3,1.3905328512191772,inf
20250530_191902_067.jpg,20250530_191902,67,FACA,train,0.0,0.10317972302436829,0.22541610896587372,2,1.0964919328689575,1.3846956491470337,2,1.8257614374160767,1.3131486177444458
20250530_191902_068.jpg,20250530_191902,68,FACA,valid,0.0,0.13275033235549927,0.3872591555118561,2,1.1455250978469849,1.333673357963562,2,1.9053760766983032,inf
20250530_191902_069.jpg,20250530_191902,69,FACA,train,0.0,0.30804771184921265,0.43128708004951477,2,2.143852710723877,1.3501527309417725,2,1.904188871383667,inf
20250530_191902_070.jpg,20250530_191902,70,FACA,valid,0.0,0.32926344871520996,0.03304947540163994,2,2.0312588214874268,1.2781516313552856,2,1.9751689434051514,inf
20250530_191902_071.jpg,20250530_191902,71,FACA,valid,0.0,0.10799495875835419,0.19892428815364838,1,inf,1.2887723445892334,2,1.0913950204849243,inf
20250530_191902_072.jpg,20250530_191902,72,FACA,train,0.0,0.33079665899276733,0.22227764129638672,1,inf,1.4602842330932617,2,1.9628409147262573,inf
20250530_191902_073.jpg,20250530_191902,73,FACA,valid,0.0,0.2701466977596283,0.35349294543266296,1,inf,1.297834873199463,2,1.0788036584854126,inf
20250530_191902_074.jpg,20250530_191902,74,FACA,train,0.0,0.14496882259845734,0.270945280790329,1,inf,1.3586859703063965,2,1.924092173576355,inf
20250530_191902_075.jpg,20250530_191902,75,FACA,test,0.0,0.216209277510643,0.21998894214630127,1,inf,1.4425946474075317,2,1.9877773523330688,inf
20250530_191902_076.jpg,20250530_191902,76,FACA,valid,0.0,0.0,0.39176037907600403,1,inf,1.4672404527664185,2,2.003242015838623,inf
20250530_191902_077.jpg,20250530_191902,77,FACA,train,0.0,0.0,0.31917569041252136,1,inf,1.4620540142059326,2,2.017954111099243,inf
20250530_191902_078.jpg,20250530_191902,78,FACA,train,0.0,0.0,0.5676199793815613,2,2.0630624294281006,1.2749388217926025,3,0.6254235506057739,1.0406582355499268
20250530_191902_079.jpg,20250530_191902,79,FACA,test,0.0,0.0,0.2066311240196228,2,1.445902943611145,0.9003117084503174,2,1.7676615715026855,inf
20250530_191902_080.jpg,20250530_191902,80,FACA,train,0.0,0.0,0.08848681300878525,2,0.8813486695289612,inf,2,1.3982380628585815,inf
20250530_191902_081.jpg,20250530_191902,81,FACA,train,0.0,0.0,0.021705366671085358,2,1.0162993669509888,inf,2,1.6927144527435303,1.1026344299316406
20250530_191902_082.jpg,20250530_191902,82,FACA,valid,0.02686823531985283,0.055381227284669876,0.0371294729411602,2,1.3326281309127808,inf,2,1.5146340131759644,inf
20250530_191902_083.jpg,20250530_191902,83,FACA,train,0.0,0.09142408519983292,0.14308032393455505,2,1.117691993713379,inf,2,1.1834778785705566,inf
20250530_191902_084.jpg,20250530_191902,84,FACA,train,0.0,0.17971718311309814,0.2344740927219391,2,1.091320276260376,inf,2,1.2012674808502197,inf
20250530_191902_085.jpg,20250530_191902,85,FACA,valid,0.0,0.08944613486528397,0.4001208543777466,1,inf,inf,2,1.0833667516708374,inf
20250530_191902_086.jpg,20250530_191902,86,FACA,train,0.0,0.06947047263383865,0.31050407886505127,1,inf,inf,2,1.6003049612045288,inf
20250530_191902_087.jpg,20250530_191902,87,FACA,train,0.0,0.04907141253352165,0.3499055504798889,2,1.7680156230926514,inf,2,1.686470627784729,inf
20250530_191902_088.jpg,20250530_191902,88,FACA,train,0.0,0.019736509770154953,0.42949149012565613,2,1.6325783729553223,inf,2,1.7208808660507202,1.341132402420044
20250530_191902_089.jpg,20250530_191902,89,FACA,valid,0.0,0.0,0.03496485576033592,2,0.7930460572242737,1.401633381843567,3,1.771933674812317,inf
20250530_191902_090.jpg,20250530_191902,90,FACA,train,0.0,0.0,0.013125520199537277,1,inf,1.3271280527114868,3,1.7466483116149902,inf
20250530_191902_091.jpg,20250530_191902,91,FACA,train,0.0,0.0,0.06473173201084137,3,0.5793469548225403,1.433203935623169,3,1.6860790252685547,1.1261882781982422
20250530_191902_092.jpg,20250530_191902,92,FACA,train,0.0,0.0,0.01267231535166502,3,1.9537115097045898,1.291260838508606,4,0.5303474068641663,1.1438499689102173
20250530_191902_093.jpg,20250530_191902,93,FACA,train,0.0,0.0,0.013422134332358837,3,0.5586585402488708,1.3006298542022705,4,0.5737278461456299,1.1362695693969727
20250530_191902_094.jpg,20250530_191902,94,FACA,train,0.0,0.02247137762606144,0.060032010078430176,2,3.0507164001464844,1.2897547483444214,3,0.5783452987670898,1.1721861362457275
20250530_191902_095.jpg,20250530_191902,95,FACA,train,0.018976163119077682,0.07417404651641846,0.05825541913509369,1,inf,1.4969068765640259,3,1.0754563808441162,1.3315696716308594
20250530_191902_096.jpg,20250530_191902,96,FACA,train,0.0,0.04001323878765106,0.03765755891799927,1,inf,1.3901574611663818,3,0.551589846611023,inf
20250530_191902_097.jpg,20250530_191902,97,FACA,train,0.0,0.045734383165836334,0.06758033484220505,2,3.5556423664093018,1.585927963256836,2,inf,inf
20250530_191902_098.jpg,20250530_191902,98,FACA,test,0.0,0.15064692497253418,0.17488881945610046,2,3.614903211593628,1.5194423198699951,3,0.5202770829200745,inf
20250530_191902_099.jpg,20250530_191902,99,FACA,train,0.0,0.0,0.07804364711046219,1,inf,1.5330232381820679,3,0.5300085544586182,inf
20250530_191902_100.jpg,20250530_191902,100,FACA,train,0.0,0.0,0.268332302570343,1,inf,1.4700108766555786,2,0.5448495149612427,1.169533133506775
20250530_191937_001.jpg,20250530_191937,1,ENFORCAR,test,0.0,0.02286234125494957,0.07190712541341782,3,0.8853432536125183,inf,3,0.902110755443573,inf
20250530_191937_002.jpg,20250530_191937,2,ENFORCAR,valid,0.0,0.010957788676023483,0.02379200980067253,4,0.9304203391075134,inf,3,0.9336636066436768,inf
20250530_191937_003.jpg,20250530_191937,3,ENFORCAR,train,0.0,0.0,0.036324482411146164,3,0.9017292857170105,inf,3,0.9275938272476196,inf
20250530_191937_004.jpg,20250530_191937,4,ENFORCAR,train,0.0,0.0,0.06022661551833153,4,0.9065496325492859,inf,4,0.9146714806556702,inf
20250530_191937_005.jpg,20250530_191937,5,ENFORCAR,test,0.0,0.010531654581427574,0.14133325219154358,4,0.9140499830245972,inf,4,0.9064303040504456,inf
20250530_191937_006.jpg,20250530_191937,6,ENFORCAR,train,0.0,0.026174766942858696,0.19216717779636383,4,0.9088549613952637,1.1814873218536377,4,0.9114668369293213,inf
20250530_191937_007.jpg,20250530_191937,7,ENFORCAR,test,0.0,0.050921231508255005,0.0,5,0.8100452423095703,inf,4,0.9037961959838867,inf
20250530_191937_008.jpg,20250530_191937,8,ENFORCAR,valid,0.0,0.014576897956430912,0.05089356005191803,4,0.9456219673156738,1.08185875415802,4,0.8962092399597168,inf
20250530_191937_009.jpg,20250530_191937,9,ENFORCAR,train,0.0,0.02348400466144085,0.013970435597002506,4,0.8975773453712463,inf,4,0.8844117522239685,inf
20250530_191937_010.jpg,20250530_191937,10,ENFORCAR,valid,0.0,0.0,0.028513766825199127,2,0.9893933534622192,1.1062688827514648,4,0.9006391763687134,1.1352794170379639
20250530_191937_011.jpg,20250530_191937,11,ENFORCAR,valid,0.0,0.0,0.03474535420536995,4,0.9002516269683838,inf,4,0.8948647975921631,1.1394490003585815
20250530_191937_012.jpg,20250530_191937,12,ENFORCAR,train,0.0,0.011620532721281052,0.14416155219078064,4,0.8900647759437561,1.1599754095077515,4,0.8848445415496826,inf
20250530_191937_013.jpg,20250530_191937,13,ENFORCAR,test,0.0,0.0,0.1880248785018921,4,0.8748126029968262,1.0845627784729004,4,0.8802871108055115,1.164766788482666
20250530_191937_014.jpg,20250530_191937,14,ENFORCAR,train,0.0,0.0,0.012586429715156555,4,0.7962407469749451,1.0543557405471802,3,0.8261101841926575,inf
20250530_191937_015.jpg,20250530_191937,15,ENFORCAR,valid,0.0,0.030665209516882896,0.0,3,0.754060685634613,inf,4,0.7702258229255676,inf
20250530_191937_016.jpg,20250530_191937,16,ENFORCAR,train,0.0,0.0,0.01713491603732109,4,0.6939113736152649,inf,4,0.7122808694839478,inf
20250530_191937_017.jpg,20250530_191937,17,ENFORCAR,train,0.0,0.0,0.08936631679534912,4,0.6473358869552612,inf,4,0.6893207430839539,inf
20250530_191937_018.jpg,20250530_191937,18,ENFORCAR,train,0.0,0.0,0.2484958916902542,3,0.6683658361434937,1.0775692462921143,5,0.47543826699256897,inf
20250530_191937_019.jpg,20250530_191937,19,ENFORCAR,train,0.010241488926112652,0.0,0.09020336717367172,4,0.5891525149345398,1.009297251701355,4,0.6317233443260193,inf
20250530_191937_020.jpg,20250530_191937,20,ENFORCAR,train,0.0,0.04778939485549927,0.22158189117908478,3,0.553400993347168,inf,4,0.6173178553581238,1.0623598098754883
20250530_191937_021.jpg,20250530_191937,21,ENFORCAR,train,0.0,0.0,0.0,4,0.5241784453392029,inf,4,0.4417514204978943,1.114806056022644
20250530_191937_022.jpg,20250530_191937,22,ENFORCAR,train,0.0,0.01027225237339735,0.015305312350392342,4,0.4644312262535095,inf,3,0.45383012294769287,inf
20250530_191937_023.jpg,20250530_191937,23,ENFORCAR,train,0.0,0.0,0.0,3,0.5335575938224792,0.8627448081970215,4,0.4194501042366028,inf
20250530_191937_024.jpg,20250530_191937,24,ENFORCAR,train,0.0,0.013763133436441422,0.0,3,0.6034546494483948,0.4768959879875183,3,0.38071003556251526,0.5293818712234497
20250530_191937_025.jpg,20250530_191937,25,ENFORCAR,train,0.0,0.011189731769263744,0.0,4,0.6660062670707703,inf,4,0.42552152276039124,0.4961449205875397
20250530_191937_026.jpg,20250530_191937,26,ENFORCAR,train,0.0,0.0,0.0,3,0.6522674560546875,0.5930396914482117,3,0.4402086138725281,0.6507964730262756
20250530_191937_027.jpg,20250530_191937,27,ENFORCAR,train,0.0,0.04705283045768738,0.0,3,0.5685872435569763,inf,3,0.45654091238975525,inf
20250530_191937_028.jpg,20250530_191937,28,ENFORCAR,train,0.0,0.018297577276825905,0.0,4,0.6149805784225464,inf,4,0.416469544172287,0.7322003841400146
20250530_191937_029.jpg,20250530_191937,29,ENFORCAR,train,0.0,0.0,0.013008465990424156,4,0.5933571457862854,0.8106818795204163,4,0.4008142948150635,0.5867514610290527
20250530_191937_030.jpg,20250530_191937,30,ENFORCAR,train,0.013118715956807137,0.0,0.0,4,0.5026291012763977,inf,3,0.3787305951118469,0.7411614656448364
20250530_191937_031.jpg,20250530_191937,31,ENFORCAR,train,0.0,0.0,0.0,3,0.5091894268989563,inf,4,0.3464047312736511,0.5631809234619141
20250530_191937_032.jpg,20250530_191937,32,ENFORCAR,train,0.0,0.0,0.0,3,0.4561951160430908,1.1085476875305176,3,0.36611589789390564,inf
20250530_191937_033.jpg,20250530_191937,33,ENFORCAR,train,0.0,0.0,0.0,4,0.4409151077270508,inf,3,0.3891858160495758,inf
20250530_191937_034.jpg,20250530_191937,34,ENFORCAR,train,0.0,0.0,0.14573641121387482,4,0.46297526359558105,inf,4,0.38561227917671204,inf
20250530_191937_035.jpg,20250530_191937,35,ENFORCAR,train,0.0,0.060756802558898926,0.46493664383888245,3,0.4594416916370392,inf,4,0.473234087228775,inf
20250530_191937_036.jpg,20250530_191937,36,ENFORCAR,train,0.0,0.04649331793189049,0.5387631058692932,3,0.4810101091861725,1.2696290016174316,3,0.4538223445415497,inf
20250530_191937_037.jpg,20250530_191937,37,ENFORCAR,train,0.0,0.013958906754851341,0.5432142615318298,3,0.44998255372047424,1.3793362379074097,3,0.40844520926475525,inf
20250530_191937_038.jpg,20250530_191937,38,ENFORCAR,train,0.0,0.0,0.22533105313777924,3,0.4535160958766937,inf,3,0.3818700611591339,inf
20250530_191937_039.jpg,20250530_191937,39,ENFORCAR,train,0.0,0.0,0.40682584047317505,4,0.4363366365432739,1.4074006080627441,4,0.3963663578033447,inf
20250530_191937_040.jpg,20250530_191937,40,ENFORCAR,test,0.0,0.0,0.0,3,0.43515920639038086,inf,4,0.40158775448799133,inf
20250530_191937_041.jpg,20250530_191937,41,ENFORCAR,train,0.0,0.0,0.0,4,0.4440799355506897,inf,4,0.42036131024360657,inf
20250530_191937_042.jpg,20250530_191937,42,ENFORCAR,test,0.0,0.0,0.0,3,0.4483538568019867,inf,3,0.4160464406013489,inf
20250530_191937_043.jpg,20250530_191937,43,ENFORCAR,train,0.0,0.0,0.0,4,0.4262749254703522,inf,3,0.4082690477371216,inf
20250530_191937_044.jpg,20250530_191937,44,ENFORCAR,train,0.0,0.0,0.0,4,0.4706643521785736,inf,3,0.4296952784061432,inf
20250530_191937_045.jpg,20250530_191937,45,ENFORCAR,train,0.0,0.0,0.3520943224430084,4,0.41710665822029114,inf,3,0.4165651798248291,inf
20250530_191937_046.jpg,20250530_191937,46,ENFORCAR,train,0.0,0.0,0.0,3,0.4187227785587311,inf,3,0.38520780205726624,inf
20250530_191937_047.jpg,20250530_191937,47,ENFORCAR,train,0.0,0.0,0.5445488095283508,3,0.47091788053512573,inf,3,0.4285675287246704,1.305942416191101
20250530_191937_048.jpg,20250530_191937,48,ENFORCAR,train,0.0,0.014588526450097561,0.5884811282157898,3,0.4568222165107727,1.167159914970398,3,0.45560121536254883,1.1601065397262573
20250530_191937_049.jpg,20250530_191937,49,ENFORCAR,train,0.0,0.028209703043103218,0.16210484504699707,4,0.48911812901496887,1.3023624420166016,4,0.46500828862190247,1.132469892501831
20250530_191937_050.jpg,20250530_191937,50,ENFORCAR,train,0.0,0.3871914744377136,0.5530930161476135,4,0.5039764046669006,inf,4,0.42200717329978943,inf
20250530_191937_051.jpg,20250530_191937,51,ENFORCAR,train,0.0,0.0,0.0,3,0.4842371344566345,inf,3,0.4656060039997101,0.9775002598762512
20250530_191937_052.jpg,20250530_191937,52,ENFORCAR,train,0.0,0.0,0.0,4,0.4809212386608124,inf,3,0.4431206285953522,inf
20250530_191937_053.jpg,20250530_191937,53,ENFORCAR,train,0.0,0.0,0.0,4,0.4726429581642151,inf,4,0.4490605890750885,inf
20250530_191937_054.jpg,20250530_191937,54,ENFORCAR,train,0.0,0.0,0.0,4,0.4965038001537323,inf,4,0.4381471574306488,0.9633582234382629
20250530_191937_055.jpg,20250530_191937,55,ENFORCAR,valid,0.0,0.0,0.0,3,0.47743791341781616,inf,3,0.401253342628479,inf
20250530_191937_056.jpg,20250530_191937,56,ENFORCAR,train,0.013438466005027294,0.0,0.0,4,0.5158377885818481,inf,4,0.38785144686698914,1.1265188455581665
20250530_191937_057.jpg,20250530_191937,57,ENFORCAR,train,0.0,0.0,0.0,3,0.5244919657707214,1.3851937055587769,4,0.3638516962528229,1.0532773733139038
20250530_191937_058.jpg,20250530_191937,58,ENFORCAR,train,0.0,0.0,0.0,4,0.536454975605011,1.3173713684082031,4,0.4654149115085602,1.2255582809448242
20250530_191937_059.jpg,20250530_191937,59,ENFORCAR,test,0.0,0.0,0.0,3,0.6090676784515381,1.3175393342971802,3,0.5149156451225281,1.2235795259475708
20250530_191937_060.jpg,20250530_191937,60,ENFORCAR,train,0.0,0.0,0.0,4,0.6024450659751892,1.2727080583572388,4,0.4933416247367859,1.190723180770874
20250530_191937_061.jpg,20250530_191937,61,ENFORCAR,test,0.0,0.0,0.0,3,0.5458399653434753,1.2939175367355347,3,0.5781515836715698,1.1957862377166748
20250530_191937_062.jpg,20250530_191937,62,ENFORCAR,test,0.0,0.0,0.0,4,1.0457909107208252,1.3087502717971802,4,0.6091857552528381,1.339479923248291
20250530_191937_063.jpg,20250530_191937,63,ENFORCAR,train,0.0,0.0,0.0,4,0.6229280233383179,1.4862163066864014,3,0.5597363114356995,inf
20250530_191937_064.jpg,20250530_191937,64,ENFORCAR,valid,0.0,0.0,0.0,3,0.4982348084449768,inf,4,0.47554200887680054,1.2133091688156128
20250530_191937_065.jpg,20250530_191937,65,ENFORCAR,test,0.0,0.0,0.0,4,0.5448623299598694,1.2775095701217651,3,0.5263386368751526,1.0954941511154175
20250530_191937_066.jpg,20250530_191937,66,ENFORCAR,train,0.0,0.0,0.0,4,0.7055527567863464,1.29916250705719,4,1.1294084787368774,1.128657341003418
20250530_191937_067.jpg,20250530_191937,67,ENFORCAR,valid,0.010343292728066444,0.0,0.0,4,0.6237029433250427,inf,3,0.3847752511501312,1.1144096851348877
20250530_191937_068.jpg,20250530_191937,68,ENFORCAR,train,0.0,0.0,0.014223026111721992,4,0.6314600706100464,1.2649515867233276,4,0.4008864462375641,1.059448003768921
20250530_191937_069.jpg,20250530_191937,69,ENFORCAR,test,0.0,0.0,0.0,2,1.323865532875061,1.2549084424972534,3,0.8004429340362549,1.056960940361023
20250530_191937_070.jpg,20250530_191937,70,ENFORCAR,train,0.0,0.0,0.0,3,1.0727683305740356,1.3320567607879639,4,2.7910006046295166,1.1407203674316406
20250530_191937_071.jpg,20250530_191937,71,ENFORCAR,train,0.0,0.0,0.0,3,1.2221662998199463,1.4126218557357788,4,0.9392937421798706,1.2077000141143799
20250530_191937_072.jpg,20250530_191937,72,ENFORCAR,train,0.0,0.0,0.0,3,1.324933409690857,1.387702226638794,4,1.2200844287872314,1.210193157196045
20250530_191937_073.jpg,20250530_191937,73,ENFORCAR,train,0.0,0.0,0.0,3,1.3120031356811523,1.3748509883880615,3,1.1550350189208984,1.2267905473709106
20250530_191937_074.jpg,20250530_191937,74,ENFORCAR,valid,0.0,0.0,0.0,3,1.291494369506836,1.2976727485656738,3,2.666229486465454,1.1697711944580078
20250530_191937_075.jpg,20250530_191937,75,ENFORCAR,train,0.0,0.0,0.017225679010152817,3,1.3565565347671509,1.4254019260406494,4,0.9857295155525208,1.1933127641677856
20250530_191937_076.jpg,20250530_191937,76,ENFORCAR,train,0.0,0.0,0.0,2,1.466120958328247,1.4839246273040771,3,0.9822667241096497,1.2551603317260742
20250530_191937_077.jpg,20250530_191937,77,ENFORCAR,test,0.0,0.03136473521590233,0.141724094748497,4,0.9157237410545349,1.2718605995178223,4,0.8479757308959961,1.2001081705093384
20250530_191937_078.jpg,20250530_191937,78,ENFORCAR,train,0.0,0.2992797791957855,0.3577013611793518,2,1.3796261548995972,1.4515464305877686,3,0.9105290174484253,1.183144450187683
20250530_191937_079.jpg,20250530_191937,79,ENFORCAR,train,0.0,0.012500048615038395,0.2760213017463684,2,1.3683000802993774,1.3252884149551392,3,0.3771049976348877,1.182479977607727
20250530_191937_080.jpg,20250530_191937,80,ENFORCAR,train,0.0,0.03804924339056015,0.34839069843292236,3,1.395216703414917,1.4164824485778809,3,0.39632973074913025,1.324623703956604
20250530_191937_081.jpg,20250530_191937,81,normal,test,0.0,0.0,0.0,3,0.9728555083274841,1.6262456178665161,3,0.4268129765987396,1.581483006477356
20250530_191937_082.jpg,20250530_191937,82,ENFORCAR,train,0.0,0.0,0.0,4,0.5832285284996033,1.5641940832138062,3,0.4780946373939514,1.626198649406433
20250530_191937_083.jpg,20250530_191937,83,ENFORCAR,train,0.0,0.0,0.0,3,1.3307805061340332,1.5669704675674438,4,0.5301613807678223,1.6261191368103027
20250530_191937_084.jpg,20250530_191937,84,ENFORCAR,test,0.0,0.0,0.0,4,0.192125141620636,0.6616339683532715,2,1.2882871627807617,1.5810974836349487
20250530_191937_085.jpg,20250530_191937,85,ENFORCAR,train,0.0,0.0,0.0,4,0.16617724299430847,0.6938547492027283,3,0.9318811893463135,1.628669023513794
20250530_191937_086.jpg,20250530_191937,86,ENFORCAR,train,0.0,0.0,0.0,3,0.9747899770736694,1.543396234512329,2,1.3482626676559448,1.6642112731933594
20250530_191937_087.jpg,20250530_191937,87,ENFORCAR,test,0.0,0.0,0.0,3,1.287832498550415,1.5634102821350098,3,1.2954350709915161,1.5206704139709473
20250530_191937_088.jpg,20250530_191937,88,ENFORCAR,train,0.0,0.0,0.0,4,0.1900363713502884,0.6146076917648315,3,0.11443707346916199,0.7306216955184937
20250530_191937_089.jpg,20250530_191937,89,ENFORCAR,valid,0.0,0.0,0.0,3,1.2066847085952759,1.6032474040985107,3,1.3603066205978394,1.633705973625183
20250530_191937_090.jpg,20250530_191937,90,ENFORCAR,train,0.013313660398125648,0.0,0.0,3,1.0721254348754883,1.65580153465271,3,1.3796265125274658,1.7309397459030151
20250530_191937_091.jpg,20250530_191937,91,ENFORCAR,test,0.0,0.0,0.0,3,1.1877464056015015,1.6692867279052734,3,1.0228856801986694,1.7033487558364868
20250530_191937_092.jpg,20250530_191937,92,ENFORCAR,train,0.0,0.0,0.0,3,1.0942223072052002,1.7305254936218262,3,1.2787959575653076,1.6104000806808472
20250530_191937_093.jpg,20250530_191937,93,ENFORCAR,train,0.0,0.0,0.0,3,0.889728844165802,1.7326903343200684,3,1.0405653715133667,1.6384029388427734
20250530_191937_094.jpg,20250530_191937,94,ENFORCAR,train,0.0,0.0,0.0,2,1.3556053638458252,1.772688627243042,2,1.2869212627410889,1.6294397115707397
20250530_191937_095.jpg,20250530_191937,95,ENFORCAR,train,0.0,0.0,0.0,3,0.9600547552108765,1.7512969970703125,3,1.1571426391601562,1.5902044773101807
20250530_191937_096.jpg,20250530_191937,96,ENFORCAR,valid,0.0,0.0,0.0,3,1.251157283782959,1.6374409198760986,2,1.2865766286849976,1.5761035680770874
20250530_191937_097.jpg,20250530_191937,97,ENFORCAR,train,0.0,0.0,0.0,3,0.9583003520965576,1.746832251548767,2,1.2970247268676758,1.5774691104888916
20250530_191937_098.jpg,20250530_191937,98,ENFORCAR,valid,0.010364756919443607,0.0,0.0,2,1.3542364835739136,inf,3,0.4958516061306,1.540218472480774
20250530_191937_099.jpg,20250530_191937,99,ENFORCAR,train,0.0,0.0,0.0,3,0.9669883251190186,1.6174702644348145,4,0.42200392484664917,1.5237486362457275
20250530_191937_100.jpg,20250530_191937,100,ENFORCAR,train,0.0,0.05598163977265358,0.10386183857917786,4,0.8093370199203491,1.5655708312988281,4,0.3614773452281952,1.2892827987670898
20250530_192006_001.jpg,20250530_192006,1,normal,valid,0.0,0.0,0.0761813297867775,1,inf,inf,3,0.8136240243911743,inf
20250530_192006_002.jpg,20250530_192006,2,normal,valid,0.0,0.0,0.13209152221679688,2,1.7560579776763916,inf,4,0.8895970582962036,0.4858773350715637
20250530_192006_003.jpg,20250530_192006,3,normal,train,0.0,0.0,0.0,3,1.0063832998275757,0.19512686133384705,3,0.9163123965263367,0.3404451310634613
20250530_192006_004.jpg,20250530_192006,4,ENFORCAR,train,0.0,0.0,0.0,3,1.0687816143035889,0.14455795288085938,4,0.9264994859695435,0.3759045898914337
20250530_192006_006.jpg,20250530_192006,6,normal,test,0.0,0.0,0.0,3,0.6122274994850159,inf,2,0.8832294344902039,inf
20250530_192006_008.jpg,20250530_192006,8,ENFORCAR,train,0.0,0.0,0.0,3,0.6492075324058533,inf,2,0.9019756317138672,inf
20250530_192006_009.jpg,20250530_192006,9,ENFORCAR,valid,0.0,0.0,0.0,2,0.733492374420166,0.6293820738792419,2,0.8910089135169983,inf
20250530_192006_010.jpg,20250530_192006,10,ENFORCAR,valid,0.011789064854383469,0.0,0.0,2,0.7304810285568237,0.5389822721481323,2,0.9661161303520203,inf
20250530_192006_011.jpg,20250530_192006,11,ENFORCAR,train,0.0,0.0,0.0,2,0.6945586204528809,inf,3,0.5150570273399353,0.681157112121582
20250530_192006_012.jpg,20250530_192006,12,ENFORCAR,train,0.0,0.0,0.0,1,inf,inf,2,0.6636913418769836,inf
20250530_192006_013.jpg,20250530_192006,13,ENFORCAR,valid,0.0,0.0,0.0,1,inf,0.5618745684623718,3,0.6084528565406799,inf
20250530_192006_014.jpg,20250530_192006,14,ENFORCAR,train,0.0,0.0,0.0,1,inf,inf,2,0.5445252656936646,inf
20250530_192006_015.jpg,20250530_192006,15,ENFORCAR,train,0.0,0.018852701410651207,0.0,2,0.5466493368148804,inf,2,0.508556604385376,inf
20250530_192006_016.jpg,20250530_192006,16,ENFORCAR,train,0.0,0.0,0.0,2,0.48239412903785706,inf,2,0.4529719948768616,inf
20250530_192006_017.jpg,20250530_192006,17,ENFORCAR,train,0.0,0.0,0.015328441746532917,3,0.48846137523651123,inf,2,0.47884270548820496,0.9987148642539978
20250530_192006_018.jpg,20250530_192006,18,ENFORCAR,test,0.0,0.0,0.0,3,0.4547745883464813,inf,3,0.40491265058517456,inf
20250530_192006_019.jpg,20250530_192006,19,ENFORCAR,train,0.0,0.0,0.05161063373088837,3,0.4875001609325409,inf,3,0.4861202836036682,1.2080429792404175
20250530_192006_020.jpg,20250530_192006,20,ENFORCAR,train,0.0,0.012012260966002941,0.19278648495674133,2,0.45523321628570557,inf,3,0.4321889579296112,inf
20250530_192006_021.jpg,20250530_192006,21,ENFORCAR,train,0.0,0.0,0.39504507184028625,3,0.4838990867137909,1.2499297857284546,3,0.41696789860725403,inf
20250530_192006_022.jpg,20250530_192006,22,ENFORCAR,train,0.014354399405419827,0.01610313169658184,0.22488871216773987,3,0.4228224754333496,1.3176463842391968,3,0.43228471279144287,inf
20250530_192006_023.jpg,20250530_192006,23,ENFORCAR,valid,0.0,0.0,0.0,3,0.46189969778060913,1.421110987663269,3,0.40554535388946533,inf
20250530_192006_024.jpg,20250530_192006,24,ENFORCAR,valid,0.0,0.0,0.0,3,0.43255630135536194,1.4360284805297852,2,0.4303312599658966,inf
20250530_192006_025.jpg,20250530_192006,25,ENFORCAR,train,0.0,0.021318567916750908,0.0,3,0.4514521360397339,1.2695438861846924,3,0.40726131200790405,1.3649711608886719
20250530_192006_026.jpg,20250530_192006,26,ENFORCAR,train,0.0,0.0,0.0,3,0.4491316080093384,1.2989895343780518,2,0.4140588939189911,1.3647186756134033
20250530_192006_027.jpg,20250530_192006,27,ENFORCAR,valid,0.0,0.0,0.0,3,0.4828764796257019,1.3986672163009644,3,0.44625988602638245,1.3461453914642334
20250530_192006_028.jpg,20250530_192006,28,ENFORCAR,test,0.0,0.0,0.0,3,0.5142500996589661,1.3244414329528809,2,0.42594537138938904,inf
20250530_192006_029.jpg,20250530_192006,29,ENFORCAR,valid,0.0,0.035263560712337494,0.15366707742214203,3,0.5208892822265625,1.3744961023330688,2,0.49008357524871826,1.2254968881607056
20250530_192006_030.jpg,20250530_192006,30,ENFORCAR,train,0.011551684699952602,0.0,0.0,3,0.5193254947662354,1.2160500288009644,2,0.47659534215927124,1.2173291444778442
20250530_192006_031.jpg,20250530_192006,31,ENFORCAR,valid,0.0,0.0,0.17362277209758759,3,0.535494863986969,1.2509392499923706,3,0.49435490369796753,1.1704550981521606
20250530_192006_032.jpg,20250530_192006,32,ENFORCAR,valid,0.0,0.02103365585207939,0.23845526576042175,3,0.5606991648674011,1.1007936000823975,2,0.5153898596763611,1.2268764972686768
20250530_192006_033.jpg,20250530_192006,33,ENFORCAR,train,0.0,0.02713332138955593,0.1994844377040863,3,0.5944846868515015,inf,2,0.5215598940849304,1.0367240905761719
20250530_192006_034.jpg,20250530_192006,34,ENFORCAR,train,0.0,0.014451410621404648,0.3083714544773102,3,0.5784183144569397,1.1470807790756226,2,0.5079540610313416,1.1159368753433228
20250530_192006_035.jpg,20250530_192006,35,ENFORCAR,train,0.019092023372650146,0.022895002737641335,0.0,2,1.7149115800857544,1.0169696807861328,2,0.4892624020576477,1.211501121520996
20250530_192006_036.jpg,20250530_192006,36,ENFORCAR,test,0.0,0.011979122646152973,0.09868026524782181,2,1.7765885591506958,1.1745721101760864,2,0.37937936186790466,1.0896141529083252
20250530_192006_037.jpg,20250530_192006,37,ENFORCAR,train,0.0,0.0,0.1002623438835144,3,0.4927729666233063,inf,2,0.43725404143333435,1.0582199096679688
20250530_192006_038.jpg,20250530_192006,38,ENFORCAR,train,0.0,0.010571985505521297,0.1568315476179123,2,1.9006078243255615,1.235429048538208,2,0.44550758600234985,1.1996269226074219
20250530_192006_039.jpg,20250530_192006,39,ENFORCAR,train,0.0,0.0,0.10761988162994385,1,inf,1.169324278831482,1,inf,1.2032607793807983
20250530_192006_040.jpg,20250530_192006,40,ENFORCAR,train,0.0,0.0,0.16800421476364136,1,inf,1.15404212474823,1,inf,1.220522403717041
20250530_192006_041.jpg,20250530_192006,41,ENFORCAR,train,0.0,0.0,0.18866489827632904,1,inf,1.3765883445739746,1,inf,1.204932451248169
20250530_192006_042.jpg,20250530_192006,42,ENFORCAR,valid,0.0,0.0,0.13146771490573883,1,inf,1.270263671875,1,inf,1.1467528343200684
20250530_192006_043.jpg,20250530_192006,43,ENFORCAR,valid,0.0,0.0,0.1668926179409027,1,inf,1.327332615852356,2,0.45248278975486755,1.1937118768692017
20250530_192006_044.jpg,20250530_192006,44,ENFORCAR,train,0.0,0.0,0.2718793451786041,2,0.7321882843971252,1.298143744468689,2,0.4181162118911743,1.1720937490463257
20250530_192006_045.jpg,20250530_192006,45,ENFORCAR,train,0.0,0.0,0.25302624702453613,2,0.7580208778381348,1.322966456413269,2,0.7992221117019653,1.319480299949646
20250530_192006_046.jpg,20250530_192006,46,ENFORCAR,train,0.0,0.014183263294398785,0.18225902318954468,2,0.7439456582069397,1.2555742263793945,2,0.38782304525375366,1.2619683742523193
20250530_192006_047.jpg,20250530_192006,47,ENFORCAR,train,0.0,0.014736849814653397,0.18173867464065552,2,0.7754719853401184,1.3165886402130127,2,0.4709494411945343,1.3718842267990112
20250530_192006_048.jpg,20250530_192006,48,ENFORCAR,train,0.0,0.01044166088104248,0.2203965187072754,2,0.7610347270965576,1.2583452463150024,2,0.40444669127464294,1.2394046783447266
20250530_192006_049.jpg,20250530_192006,49,ENFORCAR,train,0.0,0.0,0.2021518498659134,2,0.7339394092559814,1.2699640989303589,2,0.42987874150276184,1.2614336013793945
20250530_192006_050.jpg,20250530_192006,50,ENFORCAR,train,0.0,0.0,0.07489661127328873,2,0.7321929931640625,1.3137818574905396,2,0.43174588680267334,1.2787681818008423
20250530_192006_051.jpg,20250530_192006,51,ENFORCAR,train,0.0,0.0,0.26931098103523254,2,0.7159808278083801,1.2803752422332764,2,0.39630311727523804,1.272352933883667
20250530_192006_052.jpg,20250530_192006,52,ENFORCAR,valid,0.0,0.011634611524641514,0.17098505795001984,2,0.739133358001709,1.3056591749191284,2,0.3744477331638336,1.285762071609497
20250530_192006_053.jpg,20250530_192006,53,ENFORCAR,valid,0.0,0.0,0.14377416670322418,2,0.6821075081825256,1.3287792205810547,2,0.37103402614593506,1.2186949253082275
20250530_192006_054.jpg,20250530_192006,54,ENFORCAR,train,0.0,0.0,0.25002798438072205,2,0.7581995129585266,1.300267219543457,2,0.3412744998931885,1.1052371263504028
20250530_192006_055.jpg,20250530_192006,55,ENFORCAR,train,0.0,0.015201400965452194,0.3216041624546051,2,0.6114508509635925,1.2907601594924927,2,0.327742338180542,1.1232986450195312
20250530_192006_056.jpg,20250530_192006,56,ENFORCAR,train,0.0,0.3487642705440521,0.502546489238739,2,0.5464336276054382,1.3700064420700073,2,0.33293527364730835,1.1909804344177246
20250530_192006_057.jpg,20250530_192006,57,ENFORCAR,valid,0.0,0.0,0.29661983251571655,2,0.48946020007133484,1.3683117628097534,2,0.3353720009326935,1.2405726909637451
20250530_192006_058.jpg,20250530_192006,58,ENFORCAR,train,0.0,0.0,0.05860920995473862,2,0.44943967461586,1.3357725143432617,3,0.3577498495578766,inf
20250530_192006_059.jpg,20250530_192006,59,ENFORCAR,valid,0.0,0.0,0.029626568779349327,2,0.4595308005809784,1.2790294885635376,2,0.35146498680114746,inf
20250530_192006_060.jpg,20250530_192006,60,ENFORCAR,valid,0.0,0.0,0.0,3,0.4396885335445404,1.2639424800872803,2,0.3445993959903717,inf
20250530_192006_061.jpg,20250530_192006,61,ENFORCAR,train,0.0,0.0,0.01580723747611046,2,0.4532940089702606,1.2989531755447388,2,0.34533458948135376,inf
20250530_192006_062.jpg,20250530_192006,62,ENFORCAR,train,0.0,0.0,0.0,2,0.4715532660484314,1.3138221502304077,2,0.33136889338493347,inf
20250530_192006_063.jpg,20250530_192006,63,ENFORCAR,valid,0.0,0.0,0.0,2,0.4641153812408447,1.2387197017669678,2,0.33622804284095764,inf
20250530_192006_064.jpg,20250530_192006,64,ENFORCAR,train,0.0,0.0,0.0,2,0.46729356050491333,1.286467432975769,2,0.41616201400756836,1.15775465965271
20250530_192006_065.jpg,20250530_192006,65,ENFORCAR,train,0.0,0.013998144306242466,0.43757304549217224,2,0.4330151677131653,1.0613455772399902,2,0.410474568605423,1.084888219833374
20250530_192006_066.jpg,20250530_192006,66,ENFORCAR,train,0.0,0.0,0.13867443799972534,3,0.44408783316612244,1.1022584438323975,2,0.39083871245384216,1.130731225013733
20250530_192006_067.jpg,20250530_192006,67,ENFORCAR,valid,0.0,0.0,0.24441972374916077,2,0.5013006925582886,inf,2,0.4042567014694214,inf
20250530_192006_068.jpg,20250530_192006,68,ENFORCAR,valid,0.0,0.0,0.013500441797077656,3,0.46710169315338135,inf,2,0.3922613859176636,1.0515832901000977
20250530_192006_069.jpg,20250530_192006,69,ENFORCAR,train,0.0,0.0,0.0,2,0.47484147548675537,inf,2,0.4210849106311798,inf
20250530_192006_070.jpg,20250530_192006,70,ENFORCAR,train,0.0,0.0,0.0,2,0.5348002910614014,0.8914378881454468,2,0.4481506943702698,inf
20250530_192006_071.jpg,20250530_192006,71,ENFORCAR,train,0.0,0.0,0.0,3,0.5242865681648254,0.8631279468536377,2,0.42269042134284973,inf
20250530_192006_072.jpg,20250530_192006,72,ENFORCAR,train,0.0,0.0,0.0,3,0.45693129301071167,inf,2,0.4264342784881592,1.0605882406234741
20250530_192006_073.jpg,20250530_192006,73,ENFORCAR,train,0.0,0.0,0.0,2,0.45725521445274353,inf,2,0.39845800399780273,inf
20250530_192006_074.jpg,20250530_192006,74,ENFORCAR,test,0.0,0.0,0.0,2,0.46075987815856934,inf,2,0.40409785509109497,inf
20250530_192006_075.jpg,20250530_192006,75,ENFORCAR,train,0.0,0.0,0.0,2,0.4821033179759979,inf,2,0.37192395329475403,inf
20250530_192006_076.jpg,20250530_192006,76,ENFORCAR,train,0.0,0.0,0.11681701987981796,3,0.4378429055213928,inf,2,0.3655323386192322,1.053633451461792
20250530_192006_077.jpg,20250530_192006,77,ENFORCAR,valid,0.0,0.010322695598006248,0.03373381868004799,3,0.3856155276298523,1.1004561185836792,3,0.3476255238056183,1.0602155923843384
20250530_192006_078.jpg,20250530_192006,78,ENFORCAR,train,0.0,0.0,0.02914312295615673,2,1.5448592901229858,1.1700024604797363,3,0.34034496545791626,inf
20250530_192006_079.jpg,20250530_192006,79,ENFORCAR,train,0.0,0.014328286983072758,0.19598104059696198,1,inf,1.1441422700881958,2,0.31759342551231384,inf
20250530_192006_080.jpg,20250530_192006,80,ENFORCAR,train,0.0,0.025915423408150673,0.23847779631614685,2,1.7019330263137817,1.1413280963897705,3,0.9845642447471619,inf
20250530_192006_081.jpg,20250530_192006,81,ENFORCAR,valid,0.0,0.0,0.0,3,0.9260262846946716,1.3664313554763794,3,0.8893150687217712,inf
20250530_192006_082.jpg,20250530_192006,82,ENFORCAR,train,0.0,0.0,0.0,2,2.1753528118133545,1.35181725025177,2,3.900341272354126,inf
20250530_192006_083.jpg,20250530_192006,83,ENFORCAR,train,0.0,0.0,0.015850180760025978,2,0.8773077130317688,1.5143176317214966,3,0.4000949263572693,0.6083011031150818
20250530_192006_084.jpg,20250530_192006,84,ENFORCAR,train,0.0,0.0,0.0,1,inf,1.420700192451477,2,0.8983532786369324,0.6362494826316833
20250530_192006_085.jpg,20250530_192006,85,ENFORCAR,train,0.0,0.0,0.0,2,0.8564361929893494,0.6946128010749817,2,0.8875972628593445,0.6029456853866577
20250530_192006_086.jpg,20250530_192006,86,ENFORCAR,train,0.0,0.0,0.054948851466178894,2,3.348409652709961,1.432855248451233,2,0.8716956377029419,0.5877692103385925
20250530_192006_087.jpg,20250530_192006,87,ENFORCAR,train,0.0,0.0,0.0,2,0.8043673634529114,1.3261905908584595,2,0.8891313672065735,inf
20250530_192006_088.jpg,20250530_192006,88,ENFORCAR,train,0.0,0.080732062458992,0.0,1,inf,1.1115413904190063,2,0.9038696885108948,inf
20250530_192006_089.jpg,20250530_192006,89,ENFORCAR,valid,0.0,0.0,0.0,1,inf,1.0899970531463623,2,0.924879252910614,inf
20250530_192006_090.jpg,20250530_192006,90,ENFORCAR,train,0.0,0.0,0.2598835825920105,2,0.983701765537262,1.0672985315322876,3,0.409567654132843,inf
20250530_192006_091.jpg,20250530_192006,91,ENFORCAR,train,0.0,0.0,0.0,2,2.130927562713623,1.1179851293563843,3,0.433381587266922,inf
20250530_192006_092.jpg,20250530_192006,92,ENFORCAR,test,0.0,0.0,0.08968012779951096,2,1.0867633819580078,inf,3,0.42242422699928284,inf
20250530_192006_093.jpg,20250530_192006,93,ENFORCAR,train,0.0,0.0,0.0,2,1.1576122045516968,1.0224822759628296,3,0.3862566649913788,inf
20250530_192006_094.jpg,20250530_192006,94,ENFORCAR,train,0.0,0.0,0.0,3,0.7570608258247375,inf,3,0.40335798263549805,inf
20250530_192006_095.jpg,20250530_192006,95,ENFORCAR,train,0.0,0.0150385033339262,0.0,2,1.2182998657226562,inf,3,0.4209040701389313,inf
20250530_192006_096.jpg,20250530_192006,96,ENFORCAR,test,0.0,0.0,0.0,3,0.40710633993148804,inf,3,0.3979279398918152,inf
20250530_192006_097.jpg,20250530_192006,97,ENFORCAR,train,0.0,0.0,0.0,2,1.1996583938598633,inf,3,0.41477513313293457,inf
20250530_192006_098.jpg,20250530_192006,98,ENFORCAR,valid,0.0,0.0,0.0,2,1.470697045326233,inf,3,1.085149884223938,inf
20250530_192006_099.jpg,20250530_192006,99,ENFORCAR,valid,0.0,0.0,0.0,4,0.36498183012008667,0.8336343169212341,2,0.4385409653186798,0.4513755440711975
20250530_192006_100.jpg,20250530_192006,100,ENFORCAR,train,0.0,0.0,0.0,3,1.0721973180770874,0.7083808183670044,2,0.4396495223045349,0.6834893226623535
20250530_192025_002.jpg,20250530_192025,2,ENFORCAR,test,0.017999235540628433,0.0,0.22857646644115448,2,0.9607466459274292,inf,2,0.985285222530365,inf
20250530_192025_003.jpg,20250530_192025,3,normal,valid,0.0,0.0,0.027771253138780594,2,2.1090757846832275,inf,2,0.9949985146522522,inf
20250530_192025_004.jpg,20250530_192025,4,normal,train,0.0,0.0,0.0,1,inf,inf,3,0.9440035820007324,inf
20250530_192025_005.jpg,20250530_192025,5,ENFORCAR,train,0.0,0.0,0.0,2,0.8970749378204346,inf,2,0.9428039193153381,inf
20250530_192025_007.jpg,20250530_192025,7,ENFORCAR,valid,0.0,0.0,0.369423508644104,2,0.8341495394706726,inf,2,0.8578563332557678,inf
20250530_192025_008.jpg,20250530_192025,8,normal,train,0.0,0.0,0.11427707225084305,2,0.7940930128097534,inf,2,0.845404863357544,inf
20250530_192025_009.jpg,20250530_192025,9,normal,train,0.0,0.0,0.09559158235788345,2,0.7361870408058167,inf,2,0.8236032724380493,inf
20250530_192025_010.jpg,20250530_192025,10,ENFORCAR,train,0.0,0.0,0.0,2,0.7233849763870239,inf,2,0.6992515325546265,inf
20250530_192025_011.jpg,20250530_192025,11,ENFORCAR,train,0.0,0.0,0.0,1,inf,inf,2,0.626021683216095,inf
20250530_192025_013.jpg,20250530_192025,13,ENFORCAR,train,0.0,0.0,0.0,2,0.5592781901359558,0.67975252866745,2,0.5405023097991943,inf
20250530_192025_014.jpg,20250530_192025,14,ENFORCAR,train,0.0,0.021894294768571854,0.0,2,0.5510846376419067,0.7012211680412292,2,0.5192568302154541,inf
20250530_192025_015.jpg,20250530_192025,15,ENFORCAR,train,0.04346441850066185,0.010236285626888275,0.0,2,0.529175877571106,0.6694691181182861,2,0.5039876699447632,0.7134026885032654
20250530_192025_016.jpg,20250530_192025,16,ENFORCAR,train,0.0,0.0,0.0,2,0.48796960711479187,0.5620977282524109,2,0.46858614683151245,0.7383090257644653
20250530_192025_017.jpg,20250530_192025,17,ENFORCAR,train,0.0,0.0,0.0,2,0.49434801936149597,inf,2,0.4278370440006256,inf
20250530_192025_018.jpg,20250530_192025,18,ENFORCAR,valid,0.0,0.025756381452083588,0.0,1,inf,inf,2,0.4270056188106537,inf
20250530_192025_019.jpg,20250530_192025,19,ENFORCAR,valid,0.04255295172333717,0.06273557990789413,0.2151656448841095,2,0.5035054087638855,inf,2,0.47350043058395386,0.8769789338111877
20250530_192025_020.jpg,20250530_192025,20,ENFORCAR,valid,0.0,0.0,0.19747695326805115,2,0.44660258293151855,inf,2,0.44889888167381287,0.9637529850006104
20250530_192025_021.jpg,20250530_192025,21,ENFORCAR,test,0.021576551720499992,0.01040217187255621,0.33395445346832275,2,0.39787301421165466,1.3992910385131836,2,0.4246571660041809,1.214704155921936
20250530_192025_022.jpg,20250530_192025,22,ENFORCAR,train,0.0,0.0,0.0,2,0.4145691692829132,1.4070223569869995,2,0.396511435508728,1.1000750064849854
20250530_192025_023.jpg,20250530_192025,23,ENFORCAR,train,0.0,0.0,0.37644827365875244,2,0.4242127537727356,1.3065166473388672,2,0.3698110580444336,1.1492544412612915
20250530_192025_024.jpg,20250530_192025,24,ENFORCAR,train,0.0,0.0,0.1239430159330368,2,0.41983562707901,1.2823070287704468,2,0.3748287558555603,1.242943525314331
20250530_192025_025.jpg,20250530_192025,25,ENFORCAR,test,0.0,0.0,0.0,1,inf,1.295195460319519,2,0.34541550278663635,1.278686285018921
20250530_192025_026.jpg,20250530_192025,26,ENFORCAR,train,0.0,0.012511161155998707,0.23377947509288788,1,inf,inf,1,inf,1.2601611614227295
20250530_192025_027.jpg,20250530_192025,27,ENFORCAR,train,0.0,0.0,0.029975498095154762,1,inf,inf,1,inf,inf
20250530_192025_028.jpg,20250530_192025,28,ENFORCAR,valid,0.0,0.0,0.23981793224811554,1,inf,1.412627935409546,1,inf,inf
20250530_192025_029.jpg,20250530_192025,29,ENFORCAR,valid,0.0,0.0,0.0,1,inf,inf,1,inf,inf
20250530_192025_030.jpg,20250530_192025,30,ENFORCAR,valid,0.0,0.0,0.24994303286075592,2,0.4620820879936218,inf,1,inf,inf
20250530_192025_031.jpg,20250530_192025,31,ENFORCAR,train,0.0,0.011136029846966267,0.0,1,inf,inf,3,0.2935263514518738,inf
20250530_192025_032.jpg,20250530_192025,32,ENFORCAR,valid,0.0,0.0,0.012559045106172562,1,inf,inf,2,0.20980586111545563,1.2259341478347778
20250530_192025_033.jpg,20250530_192025,33,ENFORCAR,train,0.0,0.0,0.21240684390068054,1,inf,inf,1,inf,inf
20250530_192025_034.jpg,20250530_192025,34,ENFORCAR,train,0.0,0.0,0.19889327883720398,1,inf,inf,1,inf,inf
20250530_192025_035.jpg,20250530_192025,35,ENFORCAR,train,0.0,0.0,0.0,1,inf,inf,1,inf,inf
20250530_192025_036.jpg,20250530_192025,36,ENFORCAR,train,0.0,0.0,0.0,1,inf,inf,1,inf,inf
20250530_192025_037.jpg,20250530_192025,37,ENFORCAR,train,0.0,0.0,0.024017570540308952,2,0.34449267387390137,inf,1,inf,1.3013849258422852
20250530_192025_038.jpg,20250530_192025,38,ENFORCAR,train,0.0,0.0,0.0,1,inf,1.3878872394561768,2,0.2024378925561905,1.0133851766586304
20250530_192025_039.jpg,20250530_192025,39,ENFORCAR,test,0.0,0.0,0.0,1,inf,1.1355451345443726,2,0.19207414984703064,1.0501155853271484
20250530_192025_040.jpg,20250530_192025,40,ENFORCAR,test,0.01224180031567812,0.0,0.0,1,inf,1.191638708114624,1,inf,1.2466684579849243
20250530_192025_041.jpg,20250530_192025,41,ENFORCAR,train,0.0,0.0,0.0,1,inf,1.0962587594985962,1,inf,1.2234348058700562
20250530_192025_042.jpg,20250530_192025,42,ENFORCAR,train,0.0,0.0,0.0,1,inf,1.2197961807250977,1,inf,1.1752996444702148
20250530_192025_043.jpg,20250530_192025,43,ENFORCAR,train,0.015048423781991005,0.015549691393971443,0.2835310399532318,1,inf,inf,1,inf,1.179738998413086
20250530_192025_044.jpg,20250530_192025,44,ENFORCAR,test,0.0,0.0,0.0,1,inf,inf,2,0.12537486851215363,0.9302926659584045
20250530_192025_045.jpg,20250530_192025,45,ENFORCAR,valid,0.0,0.0,0.0,1,inf,1.1460113525390625,1,inf,inf
20250530_192025_046.jpg,20250530_192025,46,normal,train,0.0,0.013218846172094345,0.023001832887530327,1,inf,1.2230887413024902,1,inf,inf
20250530_192025_047.jpg,20250530_192025,47,ENFORCAR,train,0.0,0.0,0.44057196378707886,2,0.34644994139671326,1.3410632610321045,2,0.2191525250673294,1.22438645362854
20250530_192025_048.jpg,20250530_192025,48,ENFORCAR,train,0.0,0.010514773428440094,0.019400326535105705,2,0.3529936671257019,1.342394232749939,2,0.20354728400707245,1.2625504732131958
20250530_192025_049.jpg,20250530_192025,49,ENFORCAR,train,0.0,0.0,0.0,2,0.3746632933616638,1.4292325973510742,2,0.22099179029464722,1.320968508720398
20250530_192025_050.jpg,20250530_192025,50,ENFORCAR,train,0.015111810527741909,0.03517930209636688,0.5669970512390137,2,0.39433473348617554,inf,1,inf,inf
20250530_192025_051.jpg,20250530_192025,51,ENFORCAR,train,0.0,0.05813491716980934,0.30954957008361816,2,0.5028966665267944,1.2127032279968262,1,inf,1.3625577688217163
20250530_192025_052.jpg,20250530_192025,52,ENFORCAR,train,0.0,0.0,0.28675422072410583,2,0.44521158933639526,1.489518642425537,1,inf,1.2758545875549316
20250530_192025_053.jpg,20250530_192025,53,ENFORCAR,train,0.0,0.0,0.015043688006699085,2,0.45770540833473206,inf,1,inf,inf
20250530_192025_054.jpg,20250530_192025,54,ENFORCAR,valid,0.0,0.0,0.24869348108768463,2,0.44464316964149475,1.4951616525650024,2,0.29067733883857727,1.2265630960464478
20250530_192025_055.jpg,20250530_192025,55,ENFORCAR,train,0.04532725363969803,0.0,0.0,2,0.4715987741947174,1.5849370956420898,2,0.309967041015625,1.1936125755310059
20250530_192025_056.jpg,20250530_192025,56,ENFORCAR,train,0.0,0.0,0.30244457721710205,2,0.42565861344337463,inf,1,inf,inf
20250530_192025_057.jpg,20250530_192025,57,ENFORCAR,train,0.019406268373131752,0.011249619536101818,0.18300585448741913,1,inf,inf,2,0.18867042660713196,inf
20250530_192025_058.jpg,20250530_192025,58,ENFORCAR,train,0.0,0.0,0.0,1,inf,inf,1,inf,inf
20250530_192025_059.jpg,20250530_192025,59,ENFORCAR,train,0.0,0.09932107478380203,0.28516584634780884,1,inf,1.2695109844207764,2,0.33922892808914185,1.1905475854873657
20250530_192025_060.jpg,20250530_192025,60,ENFORCAR,test,0.017090676352381706,0.13806818425655365,0.0,1,inf,1.3206608295440674,2,0.3728086054325104,1.2269439697265625
20250530_192025_061.jpg,20250530_192025,61,ENFORCAR,valid,0.0,0.0,0.25737354159355164,2,inf,1.31631338596344,2,0.437349796295166,1.2233697175979614
20250530_192025_062.jpg,20250530_192025,62,ENFORCAR,train,0.0,0.12212195992469788,0.45223069190979004,1,inf,inf,2,0.41491463780403137,1.192039132118225
20250530_192025_063.jpg,20250530_192025,63,ENFORCAR,train,0.0,0.02931850217282772,0.33917495608329773,1,inf,1.361791729927063,2,0.5247740149497986,1.266434669494629
20250530_192025_064.jpg,20250530_192025,64,ENFORCAR,train,0.0,0.1821219027042389,0.3345414400100708,2,0.5928407311439514,1.4087626934051514,1,inf,1.2441916465759277
20250530_192025_065.jpg,20250530_192025,65,ENFORCAR,valid,0.010830487124621868,0.013133273459970951,0.2825869619846344,2,0.5467303991317749,1.4637737274169922,2,0.47274425625801086,1.2239576578140259
20250530_192025_066.jpg,20250530_192025,66,ENFORCAR,train,0.014807580970227718,0.0,0.3343300223350525,2,0.657248854637146,1.3947224617004395,2,0.5600824356079102,1.2206348180770874
20250530_192025_067.jpg,20250530_192025,67,ENFORCAR,train,0.0,0.025467054918408394,0.3484034836292267,2,0.6942101716995239,1.4597195386886597,2,0.6237415075302124,1.2817879915237427
20250530_192025_068.jpg,20250530_192025,68,ENFORCAR,train,0.0,0.0,0.0,1,inf,1.3483481407165527,2,0.5052723288536072,1.2081199884414673
20250530_192025_069.jpg,20250530_192025,69,ENFORCAR,train,0.0,0.0,0.015007042326033115,1,inf,1.4530017375946045,2,0.527019739151001,1.2827926874160767
20250530_192025_070.jpg,20250530_192025,70,ENFORCAR,valid,0.0,0.03521251305937767,0.29169973731040955,1,inf,1.434449553489685,2,inf,1.2573333978652954
20250530_192025_071.jpg,20250530_192025,71,ENFORCAR,train,0.0,0.032713063061237335,0.30468881130218506,1,inf,1.4234004020690918,3,0.6514309048652649,1.256994366645813
20250530_192025_072.jpg,20250530_192025,72,ENFORCAR,valid,0.0,0.028125394135713577,0.3391668498516083,1,inf,1.4288824796676636,1,inf,1.3042083978652954
20250530_192025_073.jpg,20250530_192025,73,ENFORCAR,train,0.0,0.013499699532985687,0.2841913402080536,1,inf,1.3693068027496338,2,1.3051271438598633,1.283251166343689
20250530_192025_074.jpg,20250530_192025,74,ENFORCAR,test,0.0,0.0,0.14021100103855133,1,inf,1.4692546129226685,2,1.4128979444503784,1.3369488716125488
20250530_192025_075.jpg,20250530_192025,75,ENFORCAR,train,0.0,0.0,0.14678002893924713,1,inf,1.506892204284668,3,0.8374019861221313,1.2840582132339478
20250530_192025_076.jpg,20250530_192025,76,ENFORCAR,train,0.0,0.03116590902209282,0.019462116062641144,1,inf,1.3693253993988037,3,1.3108855485916138,1.3111909627914429
20250530_192025_077.jpg,20250530_192025,77,ENFORCAR,valid,0.0,0.0,0.0,1,inf,1.3704220056533813,3,1.3576092720031738,1.3225717544555664
20250530_192025_078.jpg,20250530_192025,78,ENFORCAR,train,0.0,0.04523025080561638,0.22744235396385193,1,inf,1.4229129552841187,3,1.3281646966934204,1.3259193897247314
20250530_192025_079.jpg,20250530_192025,79,ENFORCAR,train,0.0,0.01980256289243698,0.20388410985469818,1,inf,1.396484375,2,1.3169199228286743,1.311103343963623
20250530_192025_080.jpg,20250530_192025,80,ENFORCAR,train,0.0,0.0,0.2833751142024994,1,inf,1.4516175985336304,2,1.277859091758728,1.3176524639129639
20250530_192025_081.jpg,20250530_192025,81,ENFORCAR,train,0.0,0.0,0.0,1,inf,1.4711629152297974,2,1.2683972120285034,1.2992104291915894
20250530_192025_082.jpg,20250530_192025,82,ENFORCAR,valid,0.0,0.0,0.20203791558742523,1,inf,1.3426194190979004,1,inf,1.3448776006698608
20250530_192025_083.jpg,20250530_192025,83,ENFORCAR,train,0.0,0.0,0.021455563604831696,1,inf,1.4101768732070923,2,1.357971429824829,1.3671369552612305
20250530_192025_084.jpg,20250530_192025,84,ENFORCAR,test,0.0,0.0,0.29384005069732666,1,inf,1.3586251735687256,1,inf,1.343302845954895
20250530_192025_085.jpg,20250530_192025,85,ENFORCAR,train,0.0,0.01647847332060337,0.0,1,inf,1.2996981143951416,1,inf,1.3036819696426392
20250530_192025_086.jpg,20250530_192025,86,ENFORCAR,test,0.0,0.0,0.09937440603971481,1,inf,1.3756035566329956,2,1.349143147468567,1.3357654809951782
20250530_192025_087.jpg,20250530_192025,87,ENFORCAR,valid,0.0,0.029055247083306313,0.23813293874263763,1,inf,1.3834818601608276,1,inf,1.3178720474243164
20250530_192025_088.jpg,20250530_192025,88,ENFORCAR,train,0.0,0.0,0.1918826401233673,1,inf,1.404858112335205,1,inf,1.3907694816589355
20250530_192025_089.jpg,20250530_192025,89,ENFORCAR,valid,0.0,0.024122783914208412,0.11297380924224854,1,inf,1.437008261680603,1,inf,1.4043383598327637
20250530_192025_090.jpg,20250530_192025,90,ENFORCAR,train,0.0,0.019052663818001747,0.10086607933044434,1,inf,1.3619005680084229,1,inf,1.3138331174850464
20250530_192025_091.jpg,20250530_192025,91,ENFORCAR,train,0.0,0.012543284334242344,0.0,1,inf,1.3816953897476196,1,inf,1.3145192861557007
20250530_192025_092.jpg,20250530_192025,92,ENFORCAR,train,0.0,0.012937243096530437,0.018296487629413605,1,inf,1.2971673011779785,1,inf,1.3293551206588745
20250530_192025_093.jpg,20250530_192025,93,ENFORCAR,valid,0.0,0.0,0.09143033623695374,1,inf,1.4080005884170532,1,inf,1.347705602645874
20250530_192025_094.jpg,20250530_192025,94,ENFORCAR,train,0.0,0.0,0.0,1,inf,1.2885828018188477,1,inf,1.2579270601272583
20250530_192025_095.jpg,20250530_192025,95,ENFORCAR,train,0.02065383829176426,0.026428068056702614,0.15978199243545532,1,inf,1.33006751537323,2,1.3926262855529785,1.2900760173797607
20250530_192025_096.jpg,20250530_192025,96,ENFORCAR,train,0.0,0.0,0.3363865911960602,1,inf,1.2689846754074097,2,1.428931474685669,1.1600914001464844
20250530_192025_097.jpg,20250530_192025,97,ENFORCAR,train,0.0,0.0,0.03756244108080864,1,inf,1.274458885192871,2,1.4965424537658691,1.1742302179336548
20250530_192025_098.jpg,20250530_192025,98,ENFORCAR,train,0.0,0.012006355449557304,0.09172174334526062,1,inf,1.2079020738601685,1,inf,1.1554678678512573
20250530_192025_099.jpg,20250530_192025,99,ENFORCAR,test,0.0,0.06478574126958847,0.1587047427892685,2,inf,1.2659708261489868,2,1.4072002172470093,1.1506561040878296
20250530_192025_100.jpg,20250530_192025,100,ENFORCAR,train,0.0,0.0,0.2042924463748932,1,inf,1.18950355052948,3,1.4093296527862549,1.135180950164795
